open_time,open,high,low,close,volume
2026-04-13T16:00:00+00:00,71866.59,72437.25,71679.8,72202.36,1514.19404
2026-04-13T17:00:00+00:00,72202.37,72600.0,72069.01,72148.87,1653.64723
2026-04-13T18:00:00+00:00,72148.87,72460.42,72053.78,72424.86,965.95939
2026-04-13T19:00:00+00:00,72424.86,73480.0,72298.93,73322.82,2632.95065
2026-04-13T20:00:00+00:00,73322.0,73394.37,73007.08,73149.36,1081.57049
2026-04-13T21:00:00+00:00,73149.36,73368.08,73072.85,73179.71,387.90227
2026-04-13T22:00:00+00:00,73179.71,74746.61,73172.01,74627.04,3298.60756
2026-04-13T23:00:00+00:00,74627.04,74900.0,74405.64,74417.99,1666.14205
2026-04-14T00:00:00+00:00,74418.0,74517.31,74102.39,74163.82,1276.45858
2026-04-14T01:00:00+00:00,74163.82,74431.0,73954.86,74386.02,1065.1631
2026-04-14T02:00:00+00:00,74386.03,74579.32,74283.2,74330.98,598.05117
2026-04-14T03:00:00+00:00,74330.99,74496.9,74252.35,74444.43,646.36946
2026-04-14T04:00:00+00:00,74444.44,74504.52,74351.55,74387.85,484.30563
2026-04-14T05:00:00+00:00,74387.85,74434.41,74150.6,74210.11,838.40961
2026-04-14T06:00:00+00:00,74210.12,74550.0,74210.12,74522.73,614.57152
2026-04-14T07:00:00+00:00,74522.72,74924.64,74430.92,74546.0,1456.55359
2026-04-14T08:00:00+00:00,74545.99,74910.0,74460.64,74750.0,938.29896
2026-04-14T09:00:00+00:00,74750.0,74830.93,74435.12,74500.0,565.8647
2026-04-14T10:00:00+00:00,74500.0,74617.92,74333.46,74350.01,540.18312
2026-04-14T11:00:00+00:00,74350.01,74450.63,74307.35,74376.52,653.35819
2026-04-14T12:00:00+00:00,74376.52,74485.06,74277.19,74452.0,513.51818
2026-04-14T13:00:00+00:00,74452.0,75532.94,74407.74,75525.94,3246.78739
2026-04-14T14:00:00+00:00,75525.94,76038.0,75013.61,75013.62,4357.56106
2026-04-14T15:00:00+00:00,75013.61,75441.99,74564.34,75317.07,1661.60412
2026-04-14T16:00:00+00:00,75317.06,75688.0,74527.02,74652.2,1265.45725
2026-04-14T17:00:00+00:00,74652.2,74948.78,74244.63,74748.9,985.979
2026-04-14T18:00:00+00:00,74748.89,74814.99,73795.47,74093.19,1613.97962
2026-04-14T19:00:00+00:00,74093.18,74398.43,73882.79,74223.18,1054.69346
2026-04-14T20:00:00+00:00,74223.3,74434.33,74015.53,74102.29,434.25271
2026-04-14T21:00:00+00:00,74102.28,74320.44,73951.64,74277.15,381.06364
2026-04-14T22:00:00+00:00,74277.16,74373.19,73806.09,74023.15,638.74603
2026-04-14T23:00:00+00:00,74023.16,74232.83,74001.08,74131.55,701.71447
2026-04-15T00:00:00+00:00,74131.55,74677.19,74126.32,74568.36,874.99865
2026-04-15T01:00:00+00:00,74568.37,74786.72,74500.0,74613.28,443.16738
2026-04-15T02:00:00+00:00,74613.28,74697.47,74188.0,74322.0,506.95652
2026-04-15T03:00:00+00:00,74322.01,74372.84,74173.75,74345.97,317.62112
2026-04-15T04:00:00+00:00,74345.98,74434.51,74261.47,74340.38,660.47305
2026-04-15T05:00:00+00:00,74340.38,74434.0,73864.01,74021.5,542.04465
2026-04-15T06:00:00+00:00,74021.5,74048.95,73855.49,73891.62,419.09008
2026-04-15T07:00:00+00:00,73891.62,74016.67,73514.0,73730.43,1451.80452
2026-04-15T08:00:00+00:00,73730.43,74181.9,73675.96,74110.51,532.83471
2026-04-15T09:00:00+00:00,74110.52,74176.49,73909.49,74011.69,363.2179
2026-04-15T10:00:00+00:00,74011.7,74250.0,73789.5,73864.75,548.88747
2026-04-15T11:00:00+00:00,73864.76,74256.44,73864.76,74201.78,444.7329
2026-04-15T12:00:00+00:00,74201.78,74466.1,74051.64,74273.77,567.44529
2026-04-15T13:00:00+00:00,74273.77,74434.51,73817.23,74063.92,676.35905
2026-04-15T14:00:00+00:00,74063.91,74506.84,73830.0,74151.81,757.76569
2026-04-15T15:00:00+00:00,74151.81,74299.07,73580.85,73844.08,743.29132
2026-04-15T16:00:00+00:00,73844.07,74176.0,73762.89,73941.09,547.84936
2026-04-15T17:00:00+00:00,73941.09,74242.0,73915.48,74134.95,593.44252
2026-04-15T18:00:00+00:00,74134.95,74399.75,74073.61,74390.29,407.09098
2026-04-15T19:00:00+00:00,74390.29,75281.0,74355.46,75002.6,1179.99077
2026-04-15T20:00:00+00:00,75002.6,75039.92,74512.06,74841.68,570.09892
2026-04-15T21:00:00+00:00,74841.67,74855.16,74540.23,74743.1,310.66035
2026-04-15T22:00:00+00:00,74743.1,75425.0,74740.02,74964.0,653.95001
2026-04-15T23:00:00+00:00,74964.01,74964.01,74620.95,74809.99,311.26846
2026-04-16T00:00:00+00:00,74809.99,74874.93,74451.49,74815.1,636.94865
2026-04-16T01:00:00+00:00,74815.09,74815.09,74454.09,74657.66,240.65148
2026-04-16T02:00:00+00:00,74657.67,75267.85,74601.27,74887.24,589.65615
2026-04-16T03:00:00+00:00,74887.23,75159.26,74865.5,74888.21,470.71966
2026-04-16T04:00:00+00:00,74888.21,75174.38,74728.0,74944.15,513.51186
2026-04-16T05:00:00+00:00,74944.15,75139.82,74900.0,75043.48,359.01217
2026-04-16T06:00:00+00:00,75043.47,75115.12,74853.72,75045.01,604.84284
2026-04-16T07:00:00+00:00,75045.01,75082.78,74636.0,74707.03,708.0609
2026-04-16T08:00:00+00:00,74707.02,74744.35,74500.0,74677.91,669.8621
2026-04-16T09:00:00+00:00,74677.91,74901.5,74594.01,74594.02,316.26697
2026-04-16T10:00:00+00:00,74594.02,74653.12,74277.34,74313.0,526.53069
2026-04-16T11:00:00+00:00,74312.99,74663.27,74285.0,74574.79,1174.6136
2026-04-16T12:00:00+00:00,74574.8,74872.0,74574.79,74624.0,529.55969
2026-04-16T13:00:00+00:00,74624.01,75030.39,73309.85,73788.03,1828.93731
2026-04-16T14:00:00+00:00,73788.03,74197.32,73426.94,73973.33,1331.31817
2026-04-16T15:00:00+00:00,73973.33,74878.99,73934.44,74697.19,1520.20876
2026-04-16T16:00:00+00:00,74697.2,74932.0,74063.0,74175.57,762.35705
2026-04-16T17:00:00+00:00,74175.58,74438.31,73912.23,74343.25,751.1945
2026-04-16T18:00:00+00:00,74343.25,75089.0,74240.0,75026.71,780.63438
2026-04-16T19:00:00+00:00,75026.71,75410.71,74717.97,75342.99,1203.37407
2026-04-16T20:00:00+00:00,75343.0,75534.76,75001.0,75223.47,661.71844
2026-04-16T21:00:00+00:00,75223.48,75286.51,74789.5,74934.24,451.58433
2026-04-16T22:00:00+00:00,74934.24,75117.0,74833.14,74867.92,232.35004
2026-04-16T23:00:00+00:00,74867.92,75177.76,74840.92,75154.29,224.77396
2026-04-17T00:00:00+00:00,75154.28,75154.77,74886.82,74944.98,796.37355
2026-04-17T01:00:00+00:00,74944.99,75034.49,74569.99,74750.0,407.29847
2026-04-17T02:00:00+00:00,74750.0,74802.98,74529.4,74700.0,235.53372
2026-04-17T03:00:00+00:00,74700.0,74839.31,74606.12,74615.82,721.66261
2026-04-17T04:00:00+00:00,74615.82,74871.11,74589.88,74791.39,213.9543
2026-04-17T05:00:00+00:00,74791.39,74801.13,74555.12,74637.77,241.61979
2026-04-17T06:00:00+00:00,74637.77,74950.0,74604.62,74938.52,276.57366
2026-04-17T07:00:00+00:00,74938.53,75089.51,74930.0,75074.77,607.34373
2026-04-17T08:00:00+00:00,75074.76,75881.95,74993.24,75780.38,1494.62708
2026-04-17T09:00:00+00:00,75780.38,76370.25,75518.78,75779.99,2004.70646
2026-04-17T10:00:00+00:00,75779.99,75886.01,75095.93,75278.77,1050.31882
2026-04-17T11:00:00+00:00,75278.77,75609.77,75246.65,75589.7,429.61331
2026-04-17T12:00:00+00:00,75589.7,76265.82,75531.97,76233.05,1128.91448
2026-04-17T13:00:00+00:00,76233.06,77417.61,76061.57,77340.12,5123.01639
2026-04-17T14:00:00+00:00,77340.11,78052.49,77015.39,77886.77,3617.10048
2026-04-17T15:00:00+00:00,77886.77,77999.0,77444.44,77785.02,1975.14451
2026-04-17T16:00:00+00:00,77785.03,78333.0,77705.2,77857.14,1402.18359
2026-04-17T17:00:00+00:00,77857.15,77917.77,77101.49,77520.59,1173.45635
2026-04-17T18:00:00+00:00,77520.59,77565.63,77088.23,77159.89,637.39265
2026-04-17T19:00:00+00:00,77159.88,77473.44,77000.0,77393.58,652.45495
2026-04-17T20:00:00+00:00,77393.58,77611.68,77160.12,77337.64,357.23206
2026-04-17T21:00:00+00:00,77337.64,77494.69,77278.72,77445.73,307.76412
2026-04-17T22:00:00+00:00,77445.74,77510.0,77274.56,77301.25,474.88113
2026-04-17T23:00:00+00:00,77301.25,77302.0,76911.0,77072.0,612.20073
2026-04-18T00:00:00+00:00,77072.01,77258.55,76978.17,77168.0,324.03843
2026-04-18T01:00:00+00:00,77168.22,77330.0,77115.77,77218.07,266.4299
2026-04-18T02:00:00+00:00,77218.06,77420.08,77124.63,77292.52,268.04149
2026-04-18T03:00:00+00:00,77292.53,77296.95,76962.67,77005.47,268.91717
2026-04-18T04:00:00+00:00,77005.47,77162.08,76884.1,77100.74,370.07883
2026-04-18T05:00:00+00:00,77100.73,77278.58,77100.73,77134.66,312.05483
2026-04-18T06:00:00+00:00,77134.66,77217.0,77058.4,77136.01,168.72376
2026-04-18T07:00:00+00:00,77136.01,77136.01,76890.0,76997.8,276.05173
2026-04-18T08:00:00+00:00,76997.79,77048.0,76501.0,76738.63,773.24357
2026-04-18T09:00:00+00:00,76738.62,76738.63,76409.37,76599.89,462.93265
2026-04-18T10:00:00+00:00,76599.89,76599.9,76132.32,76189.56,624.93038
2026-04-18T11:00:00+00:00,76189.55,76189.56,75763.76,76039.05,809.07399
2026-04-18T12:00:00+00:00,76039.06,76300.0,76039.05,76206.97,492.57948
2026-04-18T13:00:00+00:00,76206.98,76212.7,75797.53,76122.87,456.87331
2026-04-18T14:00:00+00:00,76122.88,76288.4,75959.68,76249.99,461.97289
2026-04-18T15:00:00+00:00,76250.0,76363.75,76003.97,76167.34,261.12334
2026-04-18T16:00:00+00:00,76167.33,76211.57,75691.03,75943.35,522.36094
2026-04-18T17:00:00+00:00,75943.34,75958.23,75778.69,75828.51,256.05723
2026-04-18T18:00:00+00:00,75828.51,75844.66,75445.16,75651.78,591.47146
2026-04-18T19:00:00+00:00,75651.78,75796.32,75574.22,75649.85,194.3187
2026-04-18T20:00:00+00:00,75649.86,75834.3,75608.44,75754.78,484.97143
2026-04-18T21:00:00+00:00,75754.77,75839.1,75599.64,75821.34,197.94348
2026-04-18T22:00:00+00:00,75821.35,75873.1,75608.89,75813.53,155.69572
2026-04-18T23:00:00+00:00,75813.53,75891.64,75685.69,75691.76,141.95985
2026-04-19T00:00:00+00:00,75691.76,75847.42,75551.73,75693.01,297.06433
2026-04-19T01:00:00+00:00,75693.0,75798.47,75457.11,75621.95,321.53516
2026-04-19T02:00:00+00:00,75621.96,75722.21,75407.84,75496.0,212.48934
2026-04-19T03:00:00+00:00,75496.01,75637.44,75357.0,75515.77,175.28804
2026-04-19T04:00:00+00:00,75515.76,75782.63,75424.4,75664.62,294.60425
2026-04-19T05:00:00+00:00,75664.62,75687.04,75516.39,75545.6,174.63786
2026-04-19T06:00:00+00:00,75545.6,75545.6,75280.92,75400.09,385.31594
2026-04-19T07:00:00+00:00,75400.09,75400.09,74867.72,75252.34,771.61495
2026-04-19T08:00:00+00:00,75252.33,75299.99,75071.58,75257.6,333.58261
2026-04-19T09:00:00+00:00,75257.59,75265.0,74921.74,75015.0,313.21615
2026-04-19T10:00:00+00:00,75015.0,75243.02,74933.87,75222.45,323.18472
2026-04-19T11:00:00+00:00,75222.46,75641.99,75216.96,75604.11,418.71675
2026-04-19T12:00:00+00:00,75604.11,75700.0,75432.07,75571.6,439.48255
2026-04-19T13:00:00+00:00,75571.61,76240.66,75552.44,75921.75,760.39543
2026-04-19T14:00:00+00:00,75921.75,76147.01,75674.55,76024.01,621.24056
2026-04-19T15:00:00+00:00,76024.02,76155.3,75401.44,75846.63,1097.76631
2026-04-19T16:00:00+00:00,75846.63,75853.26,75311.11,75382.86,403.71917
2026-04-19T17:00:00+00:00,75382.87,75382.87,74638.31,74791.26,795.68148
2026-04-19T18:00:00+00:00,74791.27,74908.62,74608.0,74770.11,531.16281
2026-04-19T19:00:00+00:00,74770.11,75071.61,74770.11,74965.47,306.83274
2026-04-19T20:00:00+00:00,74965.46,74965.47,74427.53,74630.0,452.71123
2026-04-19T21:00:00+00:00,74630.01,74810.0,74368.6,74425.15,383.54881
2026-04-19T22:00:00+00:00,74425.16,74425.16,73762.9,74047.34,1140.3898
2026-04-19T23:00:00+00:00,74047.34,74054.22,73790.0,73801.79,415.64133
2026-04-20T00:00:00+00:00,73801.8,74360.43,73724.31,74280.01,787.93368
2026-04-20T01:00:00+00:00,74280.01,74746.93,74214.67,74595.13,689.61016
2026-04-20T02:00:00+00:00,74595.12,74627.99,74304.84,74410.01,739.68976
2026-04-20T03:00:00+00:00,74410.01,74640.65,74359.04,74634.0,281.2031
2026-04-20T04:00:00+00:00,74634.01,74637.43,74435.19,74567.64,333.76794
2026-04-20T05:00:00+00:00,74567.63,74567.63,74095.18,74264.15,529.73957
2026-04-20T06:00:00+00:00,74264.16,74894.11,74250.0,74786.59,441.3007
2026-04-20T07:00:00+00:00,74786.59,75572.0,74670.86,74837.17,1175.74482
2026-04-20T08:00:00+00:00,74837.18,74998.83,74619.41,74728.91,538.52852
2026-04-20T09:00:00+00:00,74728.92,75233.0,74706.87,75062.77,502.56404
2026-04-20T10:00:00+00:00,75062.77,75404.63,75003.63,75027.26,321.321
2026-04-20T11:00:00+00:00,75027.26,75287.88,74957.51,75192.71,284.12016
2026-04-20T12:00:00+00:00,75192.72,75650.0,75043.86,75289.9,698.85484
2026-04-20T13:00:00+00:00,75289.91,75434.41,74859.11,75269.38,774.09093
2026-04-20T14:00:00+00:00,75269.37,75766.74,74921.42,75034.79,1047.20928
2026-04-20T15:00:00+00:00,75034.79,75772.72,74702.0,75716.77,1196.9526
2026-04-20T16:00:00+00:00,75716.78,75723.99,75299.26,75338.74,630.71705
2026-04-20T17:00:00+00:00,75338.75,75991.47,75289.92,75898.14,642.61045
2026-04-20T18:00:00+00:00,75898.14,76453.19,75898.14,76423.69,1544.76303
2026-04-20T19:00:00+00:00,76423.69,76486.67,76154.49,76296.96,1368.12243
2026-04-20T20:00:00+00:00,76296.97,76558.62,76113.07,76276.17,1418.8575
2026-04-20T21:00:00+00:00,76276.18,76357.2,75784.05,75954.71,523.28232
2026-04-20T22:00:00+00:00,75954.72,76143.71,75904.39,75974.24,220.6417
2026-04-20T23:00:00+00:00,75974.24,75974.24,75617.6,75840.97,301.78476
2026-04-21T00:00:00+00:00,75840.97,76099.19,75700.0,76092.45,428.95831
2026-04-21T01:00:00+00:00,76092.46,76263.4,75866.01,75927.59,391.13593
2026-04-21T02:00:00+00:00,75927.58,75932.7,75580.0,75581.33,536.09341
2026-04-21T03:00:00+00:00,75581.33,75721.12,75474.77,75710.3,256.2515
2026-04-21T04:00:00+00:00,75710.31,75823.49,75600.0,75813.81,259.64273
2026-04-21T05:00:00+00:00,75813.8,75981.1,75782.75,75802.0,321.53858
2026-04-21T06:00:00+00:00,75802.0,76129.95,75703.85,75974.11,408.87339
2026-04-21T07:00:00+00:00,75974.12,76300.0,75814.26,76084.34,1236.72448
2026-04-21T08:00:00+00:00,76084.34,76927.57,76063.98,76507.21,915.23783
2026-04-21T09:00:00+00:00,76507.21,76587.82,76155.0,76362.77,582.67237
2026-04-21T10:00:00+00:00,76362.78,76866.55,76349.59,76746.41,536.34243
2026-04-21T11:00:00+00:00,76746.41,76750.68,76342.0,76452.94,624.94284
2026-04-21T12:00:00+00:00,76452.94,76528.11,75709.03,76009.46,1039.78515
2026-04-21T13:00:00+00:00,76009.46,76179.75,75736.33,75899.98,686.08493
2026-04-21T14:00:00+00:00,75899.98,76595.3,75625.28,75675.05,949.21411
2026-04-21T15:00:00+00:00,75675.04,75979.78,75430.62,75834.65,923.86151
2026-04-21T16:00:00+00:00,75834.66,76190.72,75760.0,75781.18,496.33064
2026-04-21T17:00:00+00:00,75781.19,75912.98,75052.64,75545.62,995.0846
2026-04-21T18:00:00+00:00,75545.62,75668.24,75310.88,75610.21,456.47055
2026-04-21T19:00:00+00:00,75610.21,75919.5,74821.57,75023.43,954.2676
2026-04-21T20:00:00+00:00,75023.43,75859.56,74967.58,75698.51,797.25703
2026-04-21T21:00:00+00:00,75698.51,75777.38,75431.62,75549.99,249.37655
2026-04-21T22:00:00+00:00,75549.99,75650.04,75302.01,75650.04,389.29388
2026-04-21T23:00:00+00:00,75650.03,76425.37,75622.0,76336.15,477.13097
2026-04-22T00:00:00+00:00,76336.14,76500.0,76220.4,76370.45,496.92701
2026-04-22T01:00:00+00:00,76370.46,76416.24,76132.95,76297.99,351.48706
2026-04-22T02:00:00+00:00,76297.99,77645.35,76223.9,77604.71,1622.85639
2026-04-22T03:00:00+00:00,77604.7,77733.11,77397.88,77521.48,956.6528
2026-04-22T04:00:00+00:00,77521.47,77700.0,77364.25,77523.0,547.1578
2026-04-22T05:00:00+00:00,77523.01,78452.18,77450.0,77994.93,2386.48879
2026-04-22T06:00:00+00:00,77994.92,78042.84,77900.0,78010.72,576.88586
2026-04-22T07:00:00+00:00,78010.73,78111.0,77825.0,78012.79,880.5264
2026-04-22T08:00:00+00:00,78012.78,78219.41,77941.59,78010.92,987.44812
2026-04-22T09:00:00+00:00,78010.92,78184.7,77956.76,78001.95,415.39605
2026-04-22T10:00:00+00:00,78001.96,78180.0,77951.17,78157.41,352.72131
2026-04-22T11:00:00+00:00,78157.41,78399.0,78102.0,78300.0,560.88264
2026-04-22T12:00:00+00:00,78300.0,78508.18,78114.04,78236.05,952.94008
2026-04-22T13:00:00+00:00,78236.05,78850.0,78162.64,78840.94,1253.18724
2026-04-22T14:00:00+00:00,78840.94,79174.68,78577.86,79045.75,1847.69509
2026-04-22T15:00:00+00:00,79045.75,79400.0,78837.66,79272.9,1412.004
2026-04-22T16:00:00+00:00,79272.91,79472.82,78632.37,78743.59,1010.97362
2026-04-22T17:00:00+00:00,78743.6,79034.73,78705.71,78900.0,502.31388
2026-04-22T18:00:00+00:00,78900.01,79163.66,78828.76,79022.39,322.94022
2026-04-22T19:00:00+00:00,79022.4,79067.6,78706.81,78846.62,557.30668
2026-04-22T20:00:00+00:00,78846.62,78915.84,78410.0,78436.68,436.66543
2026-04-22T21:00:00+00:00,78436.69,78821.86,78425.0,78762.69,299.34545
2026-04-22T22:00:00+00:00,78762.68,78824.0,78456.15,78607.95,294.6414
2026-04-22T23:00:00+00:00,78607.95,78607.95,78155.83,78178.23,712.06893
2026-04-23T00:00:00+00:00,78178.22,78574.44,77582.17,78424.29,1778.58027
2026-04-23T01:00:00+00:00,78424.3,78472.95,78057.5,78359.23,586.8685
2026-04-23T02:00:00+00:00,78359.71,78359.72,77761.2,77939.92,508.32327
2026-04-23T03:00:00+00:00,77939.91,78025.99,77453.43,77746.46,609.2036
2026-04-23T04:00:00+00:00,77746.47,77949.09,77675.8,77920.09,305.0499
2026-04-23T05:00:00+00:00,77920.09,78110.01,77750.0,78033.87,680.89298
2026-04-23T06:00:00+00:00,78034.0,78339.35,78034.0,78211.43,433.12959
2026-04-23T07:00:00+00:00,78211.43,78248.39,77981.88,78048.62,292.35484
2026-04-23T08:00:00+00:00,78048.61,78175.52,77714.86,77858.35,1135.26875
2026-04-23T09:00:00+00:00,77858.34,77860.8,77440.85,77655.34,772.05261
2026-04-23T10:00:00+00:00,77655.35,77709.16,77174.01,77403.63,1129.48909
2026-04-23T11:00:00+00:00,77403.63,77757.31,77365.57,77704.62,525.42671
2026-04-23T12:00:00+00:00,77704.61,77870.54,77491.18,77870.53,636.21566
2026-04-23T13:00:00+00:00,77870.54,77904.37,77379.92,77532.23,592.70115
2026-04-23T14:00:00+00:00,77532.23,78201.53,77414.0,78180.77,926.52082
2026-04-23T15:00:00+00:00,78180.78,78662.5,77983.25,78376.76,1008.45262
2026-04-23T16:00:00+00:00,78376.77,78509.82,78030.0,78103.72,661.93618
2026-04-23T17:00:00+00:00,78103.72,78184.85,76960.0,77769.21,1724.53866
2026-04-23T18:00:00+00:00,77769.2,78146.75,77678.65,77678.65,731.06838
2026-04-23T19:00:00+00:00,77678.65,77886.88,77592.92,77727.26,830.20485
2026-04-23T20:00:00+00:00,77727.25,78050.0,77637.5,77886.97,391.74493
2026-04-23T21:00:00+00:00,77886.97,78070.0,77800.0,77864.83,211.37751
2026-04-23T22:00:00+00:00,77864.84,78331.0,77864.83,78235.3,271.3302
2026-04-23T23:00:00+00:00,78235.29,78298.01,78030.0,78257.48,228.06394
2026-04-24T00:00:00+00:00,78257.48,78490.83,78172.01,78417.22,451.37457
2026-04-24T01:00:00+00:00,78417.22,78450.0,77952.16,78429.73,533.84795
2026-04-24T02:00:00+00:00,78429.73,78581.93,78067.17,78125.65,425.56297
2026-04-24T03:00:00+00:00,78125.65,78178.4,77555.0,77737.85,639.95986
2026-04-24T04:00:00+00:00,77737.84,77854.57,77482.49,77670.0,605.14416
2026-04-24T05:00:00+00:00,77670.01,78057.65,77457.0,77953.48,423.6718
2026-04-24T06:00:00+00:00,77953.48,77979.54,77761.2,77789.75,280.75336
2026-04-24T07:00:00+00:00,77789.75,77855.67,77543.52,77644.6,696.90666
2026-04-24T08:00:00+00:00,77644.59,78000.0,77550.73,77785.71,731.67499
2026-04-24T09:00:00+00:00,77785.7,77804.23,77402.01,77527.69,621.09775
2026-04-24T10:00:00+00:00,77527.7,77784.0,77444.95,77752.36,379.99202
2026-04-24T11:00:00+00:00,77752.37,78372.58,77752.37,78240.26,1186.36064
2026-04-24T12:00:00+00:00,78240.27,78345.15,78016.51,78275.66,579.40035
2026-04-24T13:00:00+00:00,78275.65,78479.37,77913.27,78093.79,852.96848
2026-04-24T14:00:00+00:00,78093.8,78093.8,77681.74,78037.64,755.72516
2026-04-24T15:00:00+00:00,78037.65,78233.18,77577.22,78038.62,662.02033
2026-04-24T16:00:00+00:00,78038.63,78060.29,77586.86,77777.28,525.06319
2026-04-24T17:00:00+00:00,77776.76,77829.17,77489.6,77681.71,537.36482
2026-04-24T18:00:00+00:00,77681.72,77717.08,77363.63,77618.24,321.31558
2026-04-24T19:00:00+00:00,77618.25,77748.66,77532.46,77628.85,250.57895
2026-04-24T20:00:00+00:00,77628.84,77757.14,77458.0,77718.31,376.29595
2026-04-24T21:00:00+00:00,77718.31,77756.15,77536.48,77536.48,322.69633
2026-04-24T22:00:00+00:00,77536.49,77616.78,77264.08,77328.91,278.27896
2026-04-24T23:00:00+00:00,77328.92,77456.87,77328.92,77437.13,237.08832
2026-04-25T00:00:00+00:00,77437.13,77502.99,77309.92,77456.88,429.63681
2026-04-25T01:00:00+00:00,77456.88,77620.52,77440.8,77541.63,200.07888
2026-04-25T02:00:00+00:00,77541.63,77644.04,77504.43,77607.8,171.0703
2026-04-25T03:00:00+00:00,77607.8,77711.87,77550.27,77679.07,142.22205
2026-04-25T04:00:00+00:00,77679.08,77691.23,77596.37,77619.05,275.21191
2026-04-25T05:00:00+00:00,77619.05,77619.05,77485.51,77510.28,174.55862
2026-04-25T06:00:00+00:00,77510.27,77582.28,77489.35,77503.63,269.54814
2026-04-25T07:00:00+00:00,77503.63,77566.26,77450.0,77501.19,174.69907
2026-04-25T08:00:00+00:00,77501.19,77654.41,77491.36,77643.37,116.50084
2026-04-25T09:00:00+00:00,77643.38,77779.65,77587.1,77714.55,144.65626
2026-04-25T10:00:00+00:00,77714.56,77885.35,77714.55,77787.77,306.44644
2026-04-25T11:00:00+00:00,77787.76,77787.77,77607.03,77682.3,185.59351
2026-04-25T12:00:00+00:00,77682.29,77717.95,77550.61,77557.14,161.82067
2026-04-25T13:00:00+00:00,77557.14,77710.91,77557.14,77691.69,161.65796
2026-04-25T14:00:00+00:00,77691.7,77752.54,77638.0,77656.75,202.75966
2026-04-25T15:00:00+00:00,77656.74,77722.7,77299.89,77330.26,480.35839
2026-04-25T16:00:00+00:00,77330.25,77454.31,77140.23,77397.27,471.60364
2026-04-25T17:00:00+00:00,77397.27,77407.03,77210.96,77245.77,151.09691
2026-04-25T18:00:00+00:00,77245.78,77389.01,77216.29,77313.0,331.13304
2026-04-25T19:00:00+00:00,77313.0,77343.81,77193.79,77330.01,293.84127
2026-04-25T20:00:00+00:00,77330.0,77481.7,77311.05,77479.13,85.63447
2026-04-25T21:00:00+00:00,77479.14,77530.0,77415.2,77525.84,150.55151
2026-04-25T22:00:00+00:00,77525.83,77634.77,77498.81,77557.01,242.12513
2026-04-25T23:00:00+00:00,77557.01,77650.0,77530.0,77625.0,362.30872
2026-04-26T00:00:00+00:00,77625.0,77642.43,77445.94,77502.4,307.91239
2026-04-26T01:00:00+00:00,77502.39,77572.81,77451.16,77461.16,130.56583
2026-04-26T02:00:00+00:00,77461.16,77590.97,77452.07,77512.67,85.92459
2026-04-26T03:00:00+00:00,77512.67,77541.96,77326.51,77400.21,146.77411
2026-04-26T04:00:00+00:00,77400.21,77814.43,77383.46,77774.29,227.07196
2026-04-26T05:00:00+00:00,77774.29,78200.0,77719.77,77983.31,797.06637
2026-04-26T06:00:00+00:00,77983.31,78045.0,77899.45,77999.04,206.01822
2026-04-26T07:00:00+00:00,77999.04,78121.45,77968.36,78102.53,175.6113
2026-04-26T08:00:00+00:00,78102.53,78210.0,78019.65,78032.59,265.96473
2026-04-26T09:00:00+00:00,78032.59,78058.45,77926.59,77999.99,168.80014
2026-04-26T10:00:00+00:00,78000.0,78050.19,77954.0,78002.43,153.3474
2026-04-26T11:00:00+00:00,78002.43,78149.99,78002.42,78101.44,133.58626
2026-04-26T12:00:00+00:00,78101.43,78101.5,77770.0,77833.08,296.93614
2026-04-26T13:00:00+00:00,77833.08,77996.69,77797.13,77977.79,254.46962
2026-04-26T14:00:00+00:00,77977.79,78173.15,77871.85,78095.66,401.66239
2026-04-26T15:00:00+00:00,78095.65,78121.92,77988.89,78049.0,177.4742
2026-04-26T16:00:00+00:00,78049.0,78086.47,77919.42,77919.43,198.96678
2026-04-26T17:00:00+00:00,77919.43,78050.0,77850.0,78018.57,373.25532
2026-04-26T18:00:00+00:00,78018.57,78346.89,77988.11,78283.96,421.27794
2026-04-26T19:00:00+00:00,78283.97,78500.0,78013.76,78221.16,511.56
2026-04-26T20:00:00+00:00,78221.17,78377.77,78158.04,78194.22,172.13709
2026-04-26T21:00:00+00:00,78194.21,78961.0,77843.75,78417.41,977.34524
2026-04-26T22:00:00+00:00,78417.41,78850.3,77953.26,78313.52,710.63176
2026-04-26T23:00:00+00:00,78313.52,78901.63,78041.05,78657.55,669.20184
2026-04-27T00:00:00+00:00,78657.55,79392.4,78400.03,79308.6,1271.22649
2026-04-27T01:00:00+00:00,79309.0,79485.66,78730.71,79283.66,993.09217
2026-04-27T02:00:00+00:00,79283.65,79304.0,79030.91,79130.01,381.22923
2026-04-27T03:00:00+00:00,79130.01,79316.5,79077.81,79105.49,397.44839
2026-04-27T04:00:00+00:00,79105.5,79160.0,78872.42,78924.22,417.67922
2026-04-27T05:00:00+00:00,78924.21,78938.0,77562.63,77785.54,1805.78745
2026-04-27T06:00:00+00:00,77785.55,77871.9,77465.05,77700.12,641.73182
2026-04-27T07:00:00+00:00,77700.12,77734.79,77562.08,77606.6,743.19766
2026-04-27T08:00:00+00:00,77606.59,77816.18,77553.23,77804.34,465.54163
2026-04-27T09:00:00+00:00,77804.34,77980.0,77700.0,77900.01,578.50773
2026-04-27T10:00:00+00:00,77900.01,77935.66,77792.46,77850.01,311.10764
2026-04-27T11:00:00+00:00,77850.01,77885.46,77740.39,77844.26,252.77882
2026-04-27T12:00:00+00:00,77844.25,77867.33,77620.0,77667.36,415.46743
2026-04-27T13:00:00+00:00,77667.36,77966.8,77571.79,77746.74,762.7167
2026-04-27T14:00:00+00:00,77746.74,78265.34,77680.0,77815.25,744.42829
2026-04-27T15:00:00+00:00,77815.26,77827.17,76564.33,76793.09,1882.17067
2026-04-27T16:00:00+00:00,76793.1,76868.01,76546.0,76618.59,809.46498
2026-04-27T17:00:00+00:00,76618.59,76990.43,76618.59,76743.24,874.80558
2026-04-27T18:00:00+00:00,76743.23,76890.99,76668.52,76834.06,361.97331
2026-04-27T19:00:00+00:00,76834.05,76894.7,76459.64,76878.07,598.68003
2026-04-27T20:00:00+00:00,76878.23,77067.8,76844.16,76960.43,310.80766
2026-04-27T21:00:00+00:00,76960.43,76981.53,76786.8,76786.81,223.94467
2026-04-27T22:00:00+00:00,76786.81,77082.78,76763.71,77066.42,364.86359
2026-04-27T23:00:00+00:00,77066.42,77450.0,77018.56,77371.32,438.27302
2026-04-28T00:00:00+00:00,77371.32,77478.0,77210.92,77379.62,327.26244
2026-04-28T01:00:00+00:00,77379.62,77394.1,77038.1,77084.68,404.77602
2026-04-28T02:00:00+00:00,77084.69,77227.03,76672.56,76890.93,437.7548
2026-04-28T03:00:00+00:00,76890.92,76890.92,76672.0,76815.18,278.47081
2026-04-28T04:00:00+00:00,76815.18,76950.0,76701.35,76888.08,274.86374
2026-04-28T05:00:00+00:00,76888.08,77154.0,76811.01,76885.98,510.80129
2026-04-28T06:00:00+00:00,76885.97,77027.91,76588.0,76720.0,465.05641
2026-04-28T07:00:00+00:00,76720.01,76922.22,76424.9,76879.28,1631.99051
2026-04-28T08:00:00+00:00,76879.28,77013.63,76741.12,76858.59,1043.07562
2026-04-28T09:00:00+00:00,76858.59,76863.54,76495.91,76598.0,361.69239
2026-04-28T10:00:00+00:00,76597.99,76692.19,76484.7,76618.35,418.24563
2026-04-28T11:00:00+00:00,76618.35,76649.86,76130.1,76229.0,1019.71842
2026-04-28T12:00:00+00:00,76228.99,76421.94,76168.84,76372.05,652.01316
2026-04-28T13:00:00+00:00,76372.04,76411.72,75924.98,76189.84,1288.525
2026-04-28T14:00:00+00:00,76189.85,76199.99,75666.6,75949.99,1264.2758
2026-04-28T15:00:00+00:00,75950.0,76085.42,75836.88,76066.38,571.95819
2026-04-28T16:00:00+00:00,76066.37,76218.06,75881.28,76125.04,447.54534
2026-04-28T17:00:00+00:00,76125.04,76262.63,75959.05,76187.3,337.12149
2026-04-28T18:00:00+00:00,76187.3,76280.91,76137.86,76242.18,337.48355
2026-04-28T19:00:00+00:00,76242.17,76380.83,76066.35,76330.97,259.65416
2026-04-28T20:00:00+00:00,76330.97,76480.0,76323.71,76463.95,259.71578
2026-04-28T21:00:00+00:00,76463.95,76481.3,76267.61,76357.15,281.17357
2026-04-28T22:00:00+00:00,76357.15,76446.26,76218.0,76242.17,157.60986
2026-04-28T23:00:00+00:00,76242.17,76370.0,76197.02,76342.77,179.93985
2026-04-29T00:00:00+00:00,76342.78,76557.97,76276.0,76512.0,636.88517
2026-04-29T01:00:00+00:00,76511.99,76668.02,76187.75,76571.0,371.48818
2026-04-29T02:00:00+00:00,76571.0,76666.82,76402.72,76531.29,315.29662
2026-04-29T03:00:00+00:00,76531.29,77127.62,76519.94,76994.78,568.25927
2026-04-29T04:00:00+00:00,76994.77,77455.71,76880.0,77269.76,655.24397
2026-04-29T05:00:00+00:00,77269.76,77329.31,77198.07,77288.38,412.95649
2026-04-29T06:00:00+00:00,77288.39,77337.57,76907.07,77031.06,974.38933
2026-04-29T07:00:00+00:00,77031.07,77182.91,77031.06,77053.64,931.98531
2026-04-29T08:00:00+00:00,77053.65,77148.79,76972.32,77046.32,539.09721
2026-04-29T09:00:00+00:00,77046.31,77800.0,76972.32,77642.0,835.54071
2026-04-29T10:00:00+00:00,77642.0,77904.93,77559.19,77619.61,790.81622
2026-04-29T11:00:00+00:00,77619.62,77694.61,77485.81,77590.03,531.7514
2026-04-29T12:00:00+00:00,77590.04,77596.39,76850.0,77143.68,1776.35149
2026-04-29T13:00:00+00:00,77143.68,77240.0,76425.62,76783.43,1000.6949
2026-04-29T14:00:00+00:00,76783.42,76927.69,76489.99,76570.0,1353.72071
2026-04-29T15:00:00+00:00,76570.0,76634.61,75705.32,75924.25,1132.75734
2026-04-29T16:00:00+00:00,75924.24,76125.47,75696.13,75803.54,1021.10079
2026-04-29T17:00:00+00:00,75803.55,76184.01,75803.55,76184.01,549.93434
2026-04-29T18:00:00+00:00,76184.0,76274.8,74937.52,75513.91,1926.88309
2026-04-29T19:00:00+00:00,75513.92,75591.83,75302.31,75563.86,464.5754
2026-04-29T20:00:00+00:00,75563.87,75857.32,75497.43,75676.79,575.31173
2026-04-29T21:00:00+00:00,75676.79,76088.9,75607.7,75933.93,363.06477
2026-04-29T22:00:00+00:00,75933.94,76004.14,75818.14,75927.38,272.33397
2026-04-29T23:00:00+00:00,75927.38,75990.06,75692.33,75780.0,279.49181
2026-04-30T00:00:00+00:00,75780.0,76344.61,75656.03,76248.74,562.71461
2026-04-30T01:00:00+00:00,76248.76,76473.26,76178.73,76232.8,331.53653
2026-04-30T02:00:00+00:00,76232.81,76351.04,75494.7,75704.74,537.06765
2026-04-30T03:00:00+00:00,75704.74,75994.26,75659.85,75928.1,182.12647
2026-04-30T04:00:00+00:00,75928.09,75963.92,75414.57,75497.0,426.96926
2026-04-30T05:00:00+00:00,75497.01,75750.0,75323.65,75600.09,491.70915
2026-04-30T06:00:00+00:00,75600.09,75867.9,75569.99,75753.53,372.15072
2026-04-30T07:00:00+00:00,75753.54,76179.91,75718.5,76161.67,516.75183
2026-04-30T08:00:00+00:00,76161.67,76208.92,76019.57,76058.17,350.94571
2026-04-30T09:00:00+00:00,76058.17,76339.38,76012.6,76097.19,445.01057
2026-04-30T10:00:00+00:00,76097.19,76163.52,75974.93,76028.66,365.18719
2026-04-30T11:00:00+00:00,76028.66,76244.36,75876.29,76059.43,550.88667
2026-04-30T12:00:00+00:00,76059.42,76511.22,76042.75,76308.48,1520.57994
2026-04-30T13:00:00+00:00,76308.48,76669.14,76116.2,76420.44,927.16622
2026-04-30T14:00:00+00:00,76420.45,76597.51,76093.81,76301.24,683.75312
2026-04-30T15:00:00+00:00,76301.25,76653.6,76163.16,76473.6,374.70038
2026-04-30T16:00:00+00:00,76473.6,76484.6,76228.27,76261.03,165.45041
2026-04-30T17:00:00+00:00,76261.04,76328.71,76111.0,76250.01,273.82279
2026-04-30T18:00:00+00:00,76250.0,76468.84,76204.4,76350.0,184.15567
2026-04-30T19:00:00+00:00,76350.0,76514.8,76308.33,76412.8,307.53776
2026-04-30T20:00:00+00:00,76412.8,76568.9,76318.31,76492.46,287.06721
2026-04-30T21:00:00+00:00,76492.45,76535.42,76240.78,76241.78,183.08169
2026-04-30T22:00:00+00:00,76241.77,76449.16,76206.02,76237.06,158.56535
2026-04-30T23:00:00+00:00,76237.07,76380.2,76217.96,76346.57,182.87917
2026-05-01T00:00:00+00:00,76346.58,76591.0,76320.42,76458.05,502.88844
2026-05-01T01:00:00+00:00,76458.06,76776.21,76449.5,76686.13,486.84554
2026-05-01T02:00:00+00:00,76686.12,76744.6,76533.74,76592.54,204.45438
2026-05-01T03:00:00+00:00,76592.54,77453.74,76555.06,77131.08,1056.19913
2026-05-01T04:00:00+00:00,77131.08,77206.38,76653.6,77042.44,995.75921
2026-05-01T05:00:00+00:00,77042.44,77184.96,77033.91,77165.98,283.75111
2026-05-01T06:00:00+00:00,77165.99,77179.53,76882.0,76993.48,439.15205
2026-05-01T07:00:00+00:00,76993.49,77140.36,76957.04,77130.54,633.7325
2026-05-01T08:00:00+00:00,77130.54,77500.0,77048.0,77377.47,697.73561
2026-05-01T09:00:00+00:00,77377.48,77391.99,77200.15,77268.55,355.16559
2026-05-01T10:00:00+00:00,77268.56,77433.72,77146.48,77304.34,330.99244
2026-05-01T11:00:00+00:00,77303.8,77600.0,77263.66,77463.98,584.3796
2026-05-01T12:00:00+00:00,77463.98,78170.2,77408.73,77896.01,1392.97654
2026-05-01T13:00:00+00:00,77896.01,78914.12,77896.0,78737.25,2354.33999
2026-05-01T14:00:00+00:00,78737.26,78871.8,78051.86,78358.75,1970.70152
2026-05-01T15:00:00+00:00,78358.74,78735.92,78176.06,78445.89,1013.17746
2026-05-01T16:00:00+00:00,78445.88,78683.23,78167.53,78214.36,704.68666
2026-05-01T17:00:00+00:00,78214.36,78584.61,78131.02,78552.94,489.31938
2026-05-01T18:00:00+00:00,78552.93,78623.37,78375.53,78423.9,487.76487
2026-05-01T19:00:00+00:00,78423.91,78540.0,78313.16,78360.0,512.65483
2026-05-01T20:00:00+00:00,78360.01,78422.81,77752.0,77880.18,827.52759
2026-05-01T21:00:00+00:00,77880.18,78200.0,77857.97,78199.99,485.72824
2026-05-01T22:00:00+00:00,78200.0,78411.13,78144.7,78153.38,331.97786
2026-05-01T23:00:00+00:00,78153.37,78249.6,78043.28,78231.13,173.55448
2026-05-02T00:00:00+00:00,78231.13,78393.39,78166.48,78341.75,211.29374
2026-05-02T01:00:00+00:00,78341.75,78441.31,78294.19,78355.0,400.98852
2026-05-02T02:00:00+00:00,78355.0,78513.7,78260.95,78353.93,283.69022
2026-05-02T03:00:00+00:00,78353.93,78514.82,78237.25,78400.0,300.16391
2026-05-02T04:00:00+00:00,78399.99,78448.99,78123.53,78175.5,411.85061
2026-05-02T05:00:00+00:00,78175.5,78235.25,78040.0,78174.0,526.60294
2026-05-02T06:00:00+00:00,78174.0,78363.21,78148.24,78327.8,366.5645
2026-05-02T07:00:00+00:00,78327.8,78342.18,78207.2,78220.0,170.02066
2026-05-02T08:00:00+00:00,78220.0,78356.51,78165.3,78315.37,204.83037
2026-05-02T09:00:00+00:00,78315.36,78394.0,78220.0,78293.57,257.64077
2026-05-02T10:00:00+00:00,78293.57,78311.97,78225.22,78249.3,136.41815
2026-05-02T11:00:00+00:00,78249.31,78249.31,78094.43,78143.08,269.24301
2026-05-02T12:00:00+00:00,78143.09,78262.37,78108.41,78211.24,182.77682
2026-05-02T13:00:00+00:00,78211.24,78423.85,78211.24,78367.06,227.00487
2026-05-02T14:00:00+00:00,78367.06,78484.42,78309.84,78423.98,190.15931
2026-05-02T15:00:00+00:00,78423.98,78487.68,78365.96,78487.67,126.14054
2026-05-02T16:00:00+00:00,78487.67,78596.61,78430.07,78455.02,194.42514
2026-05-02T17:00:00+00:00,78455.02,78485.53,78368.24,78398.02,213.39843
2026-05-02T18:00:00+00:00,78398.03,78493.31,78310.54,78466.62,118.15969
2026-05-02T19:00:00+00:00,78466.63,78521.68,78440.11,78486.0,182.05466
2026-05-02T20:00:00+00:00,78486.23,78491.26,78418.32,78451.38,61.92886
2026-05-02T21:00:00+00:00,78451.37,79199.48,78439.51,78719.78,734.53837
2026-05-02T22:00:00+00:00,78719.78,78872.39,78610.46,78832.98,266.49012
2026-05-02T23:00:00+00:00,78832.98,78832.98,78631.9,78686.85,114.49221
2026-05-03T00:00:00+00:00,78686.84,78754.55,78490.61,78542.32,233.96416
2026-05-03T01:00:00+00:00,78542.33,78542.33,78152.25,78240.83,391.01401
2026-05-03T02:00:00+00:00,78240.84,78309.09,78108.75,78171.85,222.42918
2026-05-03T03:00:00+00:00,78171.86,78217.59,78109.94,78203.08,200.3559
2026-05-03T04:00:00+00:00,78203.07,78236.45,78120.0,78163.19,89.71363
2026-05-03T05:00:00+00:00,78163.19,78260.75,78163.17,78249.42,98.09285
2026-05-03T06:00:00+00:00,78249.41,78337.26,78084.08,78288.3,306.94233
2026-05-03T07:00:00+00:00,78288.3,78483.67,78288.29,78363.25,299.42086
2026-05-03T08:00:00+00:00,78363.24,78505.92,78363.24,78387.86,102.01693
2026-05-03T09:00:00+00:00,78387.87,78604.67,78354.53,78529.57,293.1321
2026-05-03T10:00:00+00:00,78529.57,78534.4,78406.97,78408.01,140.79481
2026-05-03T11:00:00+00:00,78408.01,78849.22,78380.0,78656.01,412.8313
2026-05-03T12:00:00+00:00,78656.01,78878.77,78656.0,78747.09,294.28187
2026-05-03T13:00:00+00:00,78747.09,78769.63,78586.99,78670.01,196.40341
2026-05-03T14:00:00+00:00,78670.01,78786.57,78608.7,78741.0,409.96615
2026-05-03T15:00:00+00:00,78741.0,78815.19,78633.4,78668.36,237.20487
2026-05-03T16:00:00+00:00,78668.36,78784.56,78600.0,78654.0,167.53902
2026-05-03T17:00:00+00:00,78654.01,78822.83,78558.65,78725.76,357.9255
2026-05-03T18:00:00+00:00,78725.76,78763.57,78631.61,78739.67,138.18974
2026-05-03T19:00:00+00:00,78739.68,78853.32,78676.67,78760.32,252.60944
2026-05-03T20:00:00+00:00,78760.32,79268.0,78732.04,78915.99,645.7979
2026-05-03T21:00:00+00:00,78915.99,79056.59,78650.0,78831.59,357.48617
2026-05-03T22:00:00+00:00,78831.6,79447.0,78831.6,79177.29,934.95879
2026-05-03T23:00:00+00:00,79177.29,79287.82,78484.42,78568.57,642.72198
2026-05-04T00:00:00+00:00,78568.58,78572.57,78288.88,78547.14,434.86007
2026-05-04T01:00:00+00:00,78547.15,79848.84,78412.49,79769.43,1366.42153
2026-05-04T02:00:00+00:00,79769.43,80420.9,79540.05,80173.3,2278.14954
2026-05-04T03:00:00+00:00,80173.3,80458.0,79926.9,80316.31,1012.18218
2026-05-04T04:00:00+00:00,80316.3,80635.51,80233.04,80332.06,1362.02834
2026-05-04T05:00:00+00:00,80332.06,80395.96,79956.25,80027.26,746.81318
2026-05-04T06:00:00+00:00,80027.26,80048.64,79500.0,79877.9,1103.73906
2026-05-04T07:00:00+00:00,79877.91,79946.33,79672.0,79696.75,419.83178
2026-05-04T08:00:00+00:00,79696.75,79800.0,79602.32,79708.3,435.36516
2026-05-04T09:00:00+00:00,79708.3,79930.0,79647.87,79838.48,473.40316
2026-05-04T10:00:00+00:00,79838.49,79880.0,78202.0,78940.26,4380.72428
2026-05-04T11:00:00+00:00,78940.27,79124.83,78708.87,78793.67,699.54546
2026-05-04T12:00:00+00:00,78793.67,79020.0,78718.55,78857.18,426.01688
2026-05-04T13:00:00+00:00,78857.18,79124.83,78581.74,78790.0,725.07004
2026-05-04T14:00:00+00:00,78790.01,80545.17,78500.0,80216.16,2308.42012
2026-05-04T15:00:00+00:00,80216.15,80367.93,79320.28,80028.85,2458.63305
2026-05-04T16:00:00+00:00,80028.85,80395.68,79619.33,80025.03,1492.78417
2026-05-04T17:00:00+00:00,80025.03,80776.99,80021.5,80390.81,1080.11249
2026-05-04T18:00:00+00:00,80390.8,80439.18,80035.32,80114.91,663.99913
2026-05-04T19:00:00+00:00,80114.91,80138.0,79900.0,80053.31,505.59924
2026-05-04T20:00:00+00:00,80053.31,80154.12,79901.0,79936.7,459.51864
2026-05-04T21:00:00+00:00,79936.7,80383.15,79936.7,80259.17,343.30642
2026-05-04T22:00:00+00:00,80259.18,80397.19,80042.84,80067.23,272.35375
2026-05-04T23:00:00+00:00,80067.22,80067.22,79744.91,79861.01,594.08368
2026-05-05T00:00:00+00:00,79861.01,80183.33,79808.72,80170.66,425.73287
2026-05-05T01:00:00+00:00,80170.66,80385.06,80080.76,80352.0,530.02962
2026-05-05T02:00:00+00:00,80351.99,80900.0,80300.0,80554.68,768.44478
2026-05-05T03:00:00+00:00,80554.69,81083.98,80457.93,80893.08,677.93372
2026-05-05T04:00:00+00:00,80893.08,80982.59,80725.0,80902.44,528.94138
2026-05-05T05:00:00+00:00,80902.44,81323.52,80830.06,80970.0,1011.38606
2026-05-05T06:00:00+00:00,80969.99,81016.42,80800.0,80976.0,389.83367
2026-05-05T07:00:00+00:00,80976.0,81136.59,80826.0,80855.59,1044.4323
2026-05-05T08:00:00+00:00,80855.59,80895.5,80723.2,80815.24,474.4579
2026-05-05T09:00:00+00:00,80815.24,80815.24,80527.76,80586.02,865.34761
2026-05-05T10:00:00+00:00,80586.02,80831.87,80530.82,80823.61,521.10422
2026-05-05T11:00:00+00:00,80823.61,81095.48,80780.0,81014.05,623.66253
2026-05-05T12:00:00+00:00,81014.05,81329.61,80932.54,81279.41,607.82057
2026-05-05T13:00:00+00:00,81279.4,81712.32,81196.0,81330.0,1771.4169
2026-05-05T14:00:00+00:00,81330.0,81500.0,80939.87,81336.59,1282.91373
2026-05-05T15:00:00+00:00,81336.59,81689.2,81235.0,81525.19,899.04049
2026-05-05T16:00:00+00:00,81525.19,81615.33,81050.04,81285.75,707.45267
2026-05-05T17:00:00+00:00,81285.75,81458.26,81185.02,81270.6,280.80669
2026-05-05T18:00:00+00:00,81270.61,81599.0,81270.61,81515.0,427.56223
2026-05-05T19:00:00+00:00,81515.0,81680.0,81407.58,81606.35,364.63717
2026-05-05T20:00:00+00:00,81606.35,81770.0,81510.13,81646.38,724.67261
2026-05-05T21:00:00+00:00,81646.39,81791.48,81305.27,81407.11,618.58873
2026-05-05T22:00:00+00:00,81407.11,81600.0,80817.72,81111.27,921.88572
2026-05-05T23:00:00+00:00,81111.27,81222.03,80790.0,80905.52,479.07578
2026-05-06T00:00:00+00:00,80905.53,81262.28,80731.14,81030.01,876.19915
2026-05-06T01:00:00+00:00,81030.0,81534.23,80996.0,81439.34,803.82574
2026-05-06T02:00:00+00:00,81439.34,81449.04,81047.01,81363.54,621.19491
2026-05-06T03:00:00+00:00,81363.54,81760.84,81358.17,81581.69,710.52364
2026-05-06T04:00:00+00:00,81581.7,81649.99,81270.0,81331.1,575.6413
2026-05-06T05:00:00+00:00,81331.1,81360.3,81060.0,81333.0,592.1865
2026-05-06T06:00:00+00:00,81333.0,81516.9,81211.34,81476.71,524.1354
2026-05-06T07:00:00+00:00,81476.71,81611.0,81307.81,81359.82,608.74333
2026-05-06T08:00:00+00:00,81359.82,81986.0,81328.68,81945.66,1353.41416
2026-05-06T09:00:00+00:00,81945.66,82060.0,81682.7,81997.0,1096.7335
2026-05-06T10:00:00+00:00,81997.0,82390.0,81953.25,82290.04,1302.85091
2026-05-06T11:00:00+00:00,82290.03,82850.0,82261.6,82522.89,1435.93329
2026-05-06T12:00:00+00:00,82522.88,82539.33,82164.61,82220.47,820.9281
2026-05-06T13:00:00+00:00,82220.47,82220.47,81600.0,81670.89,1247.90169
2026-05-06T14:00:00+00:00,81670.9,81980.72,81136.0,81526.73,1615.07708
2026-05-06T15:00:00+00:00,81526.74,81823.0,81316.28,81704.25,824.75333
2026-05-06T16:00:00+00:00,81704.25,81907.51,81431.16,81630.94,983.55485
2026-05-06T17:00:00+00:00,81630.94,81709.32,81394.0,81452.63,417.39237
2026-05-06T18:00:00+00:00,81452.63,81559.17,81271.06,81353.14,451.84587
2026-05-06T19:00:00+00:00,81353.15,81522.41,81200.0,81464.87,517.12437
2026-05-06T20:00:00+00:00,81464.86,81700.0,81302.35,81427.52,436.46876
2026-05-06T21:00:00+00:00,81427.52,81618.77,81294.64,81539.16,310.38464
2026-05-06T22:00:00+00:00,81539.16,81540.91,81240.0,81342.39,229.58883
2026-05-06T23:00:00+00:00,81342.39,81447.3,81000.0,81447.01,442.37224
2026-05-07T00:00:00+00:00,81447.01,81490.03,80980.0,81016.96,407.52958
2026-05-07T01:00:00+00:00,81016.96,81284.67,80830.23,81167.8,565.39571
2026-05-07T02:00:00+00:00,81167.79,81180.74,80883.54,81113.34,749.95215
2026-05-07T03:00:00+00:00,81113.35,81113.35,80834.61,80834.91,345.29566
2026-05-07T04:00:00+00:00,80834.92,80989.59,80725.09,80979.19,387.82747
2026-05-07T05:00:00+00:00,80979.19,81172.27,80974.06,81088.0,355.34634
2026-05-07T06:00:00+00:00,81088.0,81443.21,80874.41,81438.61,613.68575
2026-05-07T07:00:00+00:00,81438.62,81708.32,81390.3,81518.58,681.98013
2026-05-07T08:00:00+00:00,81518.57,81590.0,81194.74,81231.24,647.38206
2026-05-07T09:00:00+00:00,81231.25,81231.25,80852.33,80929.0,659.04219
2026-05-07T10:00:00+00:00,80929.0,80997.0,80572.4,80850.75,690.56353
2026-05-07T11:00:00+00:00,80850.76,81041.15,80786.5,80866.65,367.10915
2026-05-07T12:00:00+00:00,80866.65,81180.0,80846.87,81162.01,429.19223
2026-05-07T13:00:00+00:00,81162.0,81162.01,80260.98,80503.68,1211.56578
2026-05-07T14:00:00+00:00,80503.69,80685.7,80046.0,80171.38,1538.09475
2026-05-07T15:00:00+00:00,80171.37,80271.42,79699.52,79890.63,1647.8103
2026-05-07T16:00:00+00:00,79890.0,80020.0,79646.79,79801.08,1424.92395
2026-05-07T17:00:00+00:00,79801.08,80135.17,79500.0,80094.52,919.74045
2026-05-07T18:00:00+00:00,80094.52,80269.06,80004.4,80200.59,527.27769
2026-05-07T19:00:00+00:00,80200.6,80224.0,79934.3,80146.11,443.20216
2026-05-07T20:00:00+00:00,80146.77,80371.23,79859.51,79879.99,400.51449
2026-05-07T21:00:00+00:00,79880.0,79934.92,79660.0,79735.01,401.75461
2026-05-07T22:00:00+00:00,79735.0,79990.0,79582.95,79919.01,495.14556
2026-05-07T23:00:00+00:00,79919.0,80068.03,79871.98,80006.0,244.47169
2026-05-08T00:00:00+00:00,80006.0,80142.84,79729.72,79831.99,958.06006
2026-05-08T01:00:00+00:00,79831.98,79900.11,79612.63,79740.01,539.33838
2026-05-08T02:00:00+00:00,79740.01,79761.61,79316.99,79488.46,1066.54641
2026-05-08T03:00:00+00:00,79488.47,79666.66,79181.48,79578.85,529.79179
2026-05-08T04:00:00+00:00,79578.84,79748.0,79551.26,79655.23,317.73705
2026-05-08T05:00:00+00:00,79655.22,79778.95,79600.0,79600.01,307.79364
2026-05-08T06:00:00+00:00,79600.01,79654.0,79411.0,79525.76,792.09671
2026-05-08T07:00:00+00:00,79525.77,79727.0,79248.58,79682.4,992.93778
2026-05-08T08:00:00+00:00,79682.4,79987.27,79666.05,79886.01,628.59636
2026-05-08T09:00:00+00:00,79886.0,80061.17,79794.88,79872.72,481.81051
2026-05-08T10:00:00+00:00,79872.72,80278.92,79788.01,80212.56,650.80764
2026-05-08T11:00:00+00:00,80212.55,80340.94,80127.54,80231.22,586.98252
2026-05-08T12:00:00+00:00,80231.22,80500.0,79966.14,80025.82,831.54339
2026-05-08T13:00:00+00:00,80025.81,80095.99,79549.54,79647.8,1091.58342
2026-05-08T14:00:00+00:00,79647.81,80441.79,79647.8,80150.97,1005.3745
2026-05-08T15:00:00+00:00,80150.97,80200.0,79625.0,80142.14,812.90032
2026-05-08T16:00:00+00:00,80142.13,80182.18,79741.3,79802.34,665.763
2026-05-08T17:00:00+00:00,79802.35,80261.87,79738.75,80060.0,1502.98426
2026-05-08T18:00:00+00:00,80060.0,80299.99,80059.99,80078.4,470.37331
2026-05-08T19:00:00+00:00,80078.39,80181.66,79954.54,80179.94,408.77976
2026-05-08T20:00:00+00:00,80180.0,80299.93,80089.76,80133.09,330.63666
2026-05-08T21:00:00+00:00,80133.08,80264.0,80116.32,80263.99,269.62208
2026-05-08T22:00:00+00:00,80264.0,80409.09,80238.42,80262.0,318.15524
2026-05-08T23:00:00+00:00,80262.0,80299.27,80111.02,80193.17,441.0953
2026-05-09T00:00:00+00:00,80193.18,80240.87,80129.85,80238.76,206.53644
2026-05-09T01:00:00+00:00,80238.75,80446.58,80217.46,80327.75,266.81337
2026-05-09T02:00:00+00:00,80327.75,80477.47,80327.75,80417.87,231.63268
2026-05-09T03:00:00+00:00,80417.88,80550.67,80307.76,80383.95,388.12699
2026-05-09T04:00:00+00:00,80383.96,80666.66,80373.55,80379.9,404.43634
2026-05-09T05:00:00+00:00,80379.9,80480.49,80343.0,80379.49,360.73513
2026-05-09T06:00:00+00:00,80379.5,80428.01,80201.6,80263.92,270.37474
2026-05-09T07:00:00+00:00,80263.93,80309.05,80135.0,80228.89,445.94164
2026-05-09T08:00:00+00:00,80228.88,80452.44,80220.0,80407.12,297.06841
2026-05-09T09:00:00+00:00,80407.12,80415.83,80214.0,80242.53,211.41081
2026-05-09T10:00:00+00:00,80242.54,80346.94,80166.26,80264.02,234.54075
2026-05-09T11:00:00+00:00,80264.01,80366.07,80256.95,80345.46,266.71827
2026-05-09T12:00:00+00:00,80345.47,80416.21,80274.03,80397.97,357.45715
2026-05-09T13:00:00+00:00,80397.97,80422.0,80318.7,80391.18,341.73909
2026-05-09T14:00:00+00:00,80391.18,80426.9,80254.71,80332.22,322.24573
2026-05-09T15:00:00+00:00,80332.23,80600.0,80234.0,80527.92,418.47876
2026-05-09T16:00:00+00:00,80527.92,80777.0,80487.4,80625.01,546.55445
2026-05-09T17:00:00+00:00,80625.0,80928.56,80625.0,80812.7,430.13867
2026-05-09T18:00:00+00:00,80812.69,81080.0,80787.39,80907.65,339.35386
2026-05-09T19:00:00+00:00,80907.66,80958.0,80776.99,80938.53,217.80867
2026-05-09T20:00:00+00:00,80938.53,80938.53,80744.98,80805.5,144.14004
2026-05-09T21:00:00+00:00,80805.51,80896.0,80744.98,80780.83,149.85415
2026-05-09T22:00:00+00:00,80780.83,80823.24,80670.01,80782.38,199.54802
2026-05-09T23:00:00+00:00,80782.38,80850.0,80621.88,80678.4,496.76761
2026-05-10T00:00:00+00:00,80678.41,80770.51,80610.64,80680.04,346.27712
2026-05-10T01:00:00+00:00,80680.03,80690.73,80572.77,80685.56,410.62072
2026-05-10T02:00:00+00:00,80685.55,80790.0,80611.0,80777.42,290.59888
2026-05-10T03:00:00+00:00,80777.42,80887.15,80709.59,80775.0,284.77121
2026-05-10T04:00:00+00:00,80774.99,80840.0,80722.78,80759.93,253.45188
2026-05-10T05:00:00+00:00,80759.93,80816.52,80682.0,80700.77,372.73913
2026-05-10T06:00:00+00:00,80700.76,80753.04,80658.97,80733.75,211.5502
2026-05-10T07:00:00+00:00,80733.75,80827.14,80720.1,80736.03,400.67517
2026-05-10T08:00:00+00:00,80736.03,80909.65,80715.33,80830.33,252.36808
2026-05-10T09:00:00+00:00,80830.34,80913.8,80756.53,80807.96,237.31778
2026-05-10T10:00:00+00:00,80807.95,80883.48,80691.0,80873.79,279.49023
2026-05-10T11:00:00+00:00,80873.8,80975.4,80750.0,80821.21,339.53296
2026-05-10T12:00:00+00:00,80821.21,80950.0,80784.2,80927.72,235.68491
2026-05-10T13:00:00+00:00,80927.71,81000.01,80865.44,80971.67,254.25083
2026-05-10T14:00:00+00:00,80971.66,80999.36,80816.22,80990.11,372.4586
2026-05-10T15:00:00+00:00,80990.11,81442.81,80936.0,81418.01,780.28503
2026-05-10T16:00:00+00:00,81418.01,81500.0,81200.0,81378.25,595.22707
2026-05-10T17:00:00+00:00,81378.25,81583.11,81220.0,81476.18,599.74468
2026-05-10T18:00:00+00:00,81476.18,81493.11,81231.14,81271.96,268.90805
2026-05-10T19:00:00+00:00,81271.96,81481.92,81148.0,81437.83,334.34752
2026-05-10T20:00:00+00:00,81437.83,81459.66,80279.77,80734.88,1021.73969
2026-05-10T21:00:00+00:00,80734.88,80944.44,80571.97,80720.47,691.73163
2026-05-10T22:00:00+00:00,80720.47,82171.96,80666.66,82044.49,1804.86462
2026-05-10T23:00:00+00:00,82044.49,82479.32,82044.49,82210.07,1395.68283
2026-05-11T00:00:00+00:00,82210.07,82380.0,81280.0,81471.13,1294.00066
2026-05-11T01:00:00+00:00,81471.13,81744.85,81291.23,81501.72,495.92379
2026-05-11T02:00:00+00:00,81501.73,81572.4,81117.64,81169.08,491.97068
2026-05-11T03:00:00+00:00,81169.09,81188.97,80525.0,80736.01,857.95581
2026-05-11T04:00:00+00:00,80736.0,80879.12,80639.99,80824.61,378.47076
2026-05-11T05:00:00+00:00,80824.61,80981.8,80761.73,80832.33,423.68877
2026-05-11T06:00:00+00:00,80832.34,81049.51,80762.0,80822.86,296.00491
2026-05-11T07:00:00+00:00,80822.86,80840.3,80663.11,80740.4,496.93812
2026-05-11T08:00:00+00:00,80740.4,80863.42,80621.87,80767.97,463.92135
2026-05-11T09:00:00+00:00,80767.97,80997.63,80758.3,80966.57,330.83757
2026-05-11T10:00:00+00:00,80966.58,81200.0,80940.0,80940.0,488.26383
2026-05-11T11:00:00+00:00,80940.0,81196.95,80900.0,81196.94,356.37085
2026-05-11T12:00:00+00:00,81196.95,81356.46,81029.77,81054.65,485.8963
2026-05-11T13:00:00+00:00,81054.65,81332.29,80739.63,81072.0,767.39683
2026-05-11T14:00:00+00:00,81072.01,81252.72,80462.97,80953.38,767.64104
2026-05-11T15:00:00+00:00,80953.39,81458.0,80826.02,81445.9,647.30001
2026-05-11T16:00:00+00:00,81445.89,81910.35,81344.72,81575.85,1113.46844
2026-05-11T17:00:00+00:00,81575.84,82071.77,81369.42,81941.09,565.28919
2026-05-11T18:00:00+00:00,81941.09,82137.26,81836.15,81858.96,536.09834
2026-05-11T19:00:00+00:00,81858.97,82091.11,81739.09,81961.99,458.6097
2026-05-11T20:00:00+00:00,81961.99,82078.91,81758.5,81821.02,322.40099
2026-05-11T21:00:00+00:00,81821.03,81906.35,81600.0,81821.18,268.82965
2026-05-11T22:00:00+00:00,81821.18,81969.99,81729.99,81833.92,366.43361
2026-05-11T23:00:00+00:00,81833.92,81833.92,81596.31,81745.65,278.04936
2026-05-12T00:00:00+00:00,81745.66,81788.0,81478.75,81545.2,419.66559
2026-05-12T01:00:00+00:00,81545.2,81615.67,80714.28,81199.18,866.00547
2026-05-12T02:00:00+00:00,81199.18,81332.29,81087.63,81249.93,386.77691
2026-05-12T03:00:00+00:00,81249.93,81294.42,81024.41,81058.8,187.87319
2026-05-12T04:00:00+00:00,81058.79,81303.99,81000.0,81240.01,398.28206
2026-05-12T05:00:00+00:00,81240.01,81305.24,81181.56,81224.03,329.93857
2026-05-12T06:00:00+00:00,81224.04,81300.0,81010.01,81022.44,448.36294
2026-05-12T07:00:00+00:00,81022.44,81137.27,80800.77,80865.4,603.31882
2026-05-12T08:00:00+00:00,80865.4,80964.13,80760.53,80843.31,478.61372
2026-05-12T09:00:00+00:00,80843.3,80963.35,80720.0,80837.15,506.71585
2026-05-12T10:00:00+00:00,80837.15,80848.27,80601.27,80666.37,487.71377
2026-05-12T11:00:00+00:00,80666.38,80785.38,80496.57,80784.87,500.02112
2026-05-12T12:00:00+00:00,80784.86,80999.0,80619.19,80881.26,585.87948
2026-05-12T13:00:00+00:00,80881.25,80928.26,80397.07,80466.91,795.94705
2026-05-12T14:00:00+00:00,80466.91,80888.01,80397.88,80540.0,865.59094
2026-05-12T15:00:00+00:00,80540.0,80676.78,80188.65,80336.01,958.32005
2026-05-12T16:00:00+00:00,80336.01,80435.99,79843.59,80000.01,1473.4545
2026-05-12T17:00:00+00:00,80000.01,80593.06,79951.05,80527.69,486.64257
2026-05-12T18:00:00+00:00,80527.69,80763.81,80430.0,80679.12,367.3581
2026-05-12T19:00:00+00:00,80679.11,80874.42,80679.11,80834.64,346.22158
2026-05-12T20:00:00+00:00,80835.3,80896.25,80642.85,80696.87,292.49967
2026-05-12T21:00:00+00:00,80696.87,80738.0,80497.0,80587.44,202.53849
2026-05-12T22:00:00+00:00,80587.45,80791.94,80587.45,80656.43,151.10909
2026-05-12T23:00:00+00:00,80656.44,80714.0,80439.91,80504.47,247.40723
2026-05-13T00:00:00+00:00,80504.47,80768.95,80412.15,80718.0,230.81443
2026-05-13T01:00:00+00:00,80718.0,81195.69,80683.12,81006.0,633.76198
2026-05-13T02:00:00+00:00,81005.99,81281.66,80934.69,81050.0,333.93602
2026-05-13T03:00:00+00:00,81050.0,81299.99,80976.27,81249.99,377.40594
2026-05-13T04:00:00+00:00,81249.99,81281.07,81124.87,81231.96,253.70329
2026-05-13T05:00:00+00:00,81231.96,81247.22,80999.99,81019.99,266.87053
2026-05-13T06:00:00+00:00,81020.0,81160.36,80972.94,80980.05,499.1653
2026-05-13T07:00:00+00:00,80980.06,81049.01,80889.12,81026.92,476.02435
2026-05-13T08:00:00+00:00,81026.92,81200.0,80943.63,81196.57,372.92514
2026-05-13T09:00:00+00:00,81196.57,81324.64,81137.77,81291.38,435.50222
2026-05-13T10:00:00+00:00,81291.37,81298.5,80809.01,80809.01,364.76288
2026-05-13T11:00:00+00:00,80809.01,80843.87,80494.98,80501.22,668.09274
2026-05-13T12:00:00+00:00,80501.22,80592.65,79852.0,80202.78,1194.36751
2026-05-13T13:00:00+00:00,80202.78,80345.45,79576.47,79656.01,1205.27854
2026-05-13T14:00:00+00:00,79656.01,79898.0,79481.56,79756.01,942.38578
2026-05-13T15:00:00+00:00,79756.02,79856.08,78807.22,78827.21,1731.43058
2026-05-13T16:00:00+00:00,78827.21,79222.22,78754.65,79108.39,1522.11383
2026-05-13T17:00:00+00:00,79108.39,79556.36,79100.0,79514.97,611.40519
2026-05-13T18:00:00+00:00,79514.97,79800.0,79514.97,79598.15,747.58594
2026-05-13T19:00:00+00:00,79598.15,79646.29,79400.0,79642.41,463.49581
2026-05-13T20:00:00+00:00,79642.41,79760.0,79622.7,79698.95,225.22286
2026-05-13T21:00:00+00:00,79698.95,79705.73,79340.39,79398.54,418.00056
2026-05-13T22:00:00+00:00,79398.54,79470.0,79228.0,79428.46,338.28664
2026-05-13T23:00:00+00:00,79428.46,79499.01,79233.83,79313.61,497.51837
2026-05-14T00:00:00+00:00,79313.61,79681.73,79308.0,79580.0,443.66772
2026-05-14T01:00:00+00:00,79580.0,79681.73,79409.42,79604.6,369.48629
2026-05-14T02:00:00+00:00,79604.61,79676.11,79222.22,79370.24,684.03959
2026-05-14T03:00:00+00:00,79370.24,79460.0,78922.0,79044.85,712.36112
2026-05-14T04:00:00+00:00,79044.86,79474.41,78982.06,79451.63,437.35487
2026-05-14T05:00:00+00:00,79451.62,79998.0,79359.49,79809.16,850.16622
2026-05-14T06:00:00+00:00,79809.15,79953.35,79769.12,79804.71,301.13354
2026-05-14T07:00:00+00:00,79804.72,79937.59,79702.05,79745.98,480.32483
2026-05-14T08:00:00+00:00,79745.99,79936.98,79644.44,79821.56,652.77033
2026-05-14T09:00:00+00:00,79821.55,79905.99,79569.81,79635.52,445.75367
2026-05-14T10:00:00+00:00,79635.53,79756.98,79409.42,79570.01,384.95969
2026-05-14T11:00:00+00:00,79570.01,79600.0,79234.0,79258.27,362.97846
2026-05-14T12:00:00+00:00,79258.27,79775.02,79230.31,79767.11,526.41242
2026-05-14T13:00:00+00:00,79767.1,80059.71,79670.88,79701.73,1000.54213
2026-05-14T14:00:00+00:00,79701.73,81020.0,79561.52,80964.85,1882.78042
2026-05-14T15:00:00+00:00,80964.84,81332.23,80816.08,81301.23,2292.36231
2026-05-14T16:00:00+00:00,81301.22,81904.44,81080.25,81888.4,2732.81932
2026-05-14T17:00:00+00:00,81888.4,82048.13,81271.0,81668.48,1967.47911
2026-05-14T18:00:00+00:00,81668.49,81949.15,81440.38,81581.99,1012.7972
2026-05-14T19:00:00+00:00,81582.0,81718.73,81330.12,81419.74,566.84044
2026-05-14T20:00:00+00:00,81419.75,81590.19,81166.22,81412.04,471.62836
2026-05-14T21:00:00+00:00,81412.05,81526.08,81268.38,81396.61,292.07185
2026-05-14T22:00:00+00:00,81396.61,81559.71,81335.48,81456.0,322.84736
2026-05-14T23:00:00+00:00,81456.0,81456.0,81059.93,81089.99,534.29082
2026-05-15T00:00:00+00:00,81090.0,81664.45,81068.52,81518.67,578.5498
2026-05-15T01:00:00+00:00,81518.66,81612.73,81106.2,81131.01,538.82284
2026-05-15T02:00:00+00:00,81131.0,81350.0,80750.0,81299.14,829.4016
2026-05-15T03:00:00+00:00,81299.14,81340.81,80930.82,81059.15,506.95135
2026-05-15T04:00:00+00:00,81059.15,81100.0,80709.09,80724.71,367.57246
2026-05-15T05:00:00+00:00,80724.71,80882.45,80314.0,80360.01,1029.21412
2026-05-15T06:00:00+00:00,80360.01,80644.5,80314.01,80580.0,815.53271
2026-05-15T07:00:00+00:00,80580.0,81003.37,80559.88,80814.88,878.78211
2026-05-15T08:00:00+00:00,80814.88,80822.95,80415.84,80638.0,538.63644
2026-05-15T09:00:00+00:00,80638.0,80670.51,80369.0,80489.8,471.66166
2026-05-15T10:00:00+00:00,80489.81,80776.33,80407.6,80716.23,444.96934
2026-05-15T11:00:00+00:00,80716.22,80750.56,80590.08,80628.53,250.99223
2026-05-15T12:00:00+00:00,80628.52,80635.44,80340.83,80385.11,535.00082
2026-05-15T13:00:00+00:00,80385.1,80385.11,78698.69,78758.59,3101.88518
2026-05-15T14:00:00+00:00,78758.59,79353.32,78659.0,79150.37,1965.21031
2026-05-15T15:00:00+00:00,79150.36,79369.36,79013.81,79150.27,606.4731
2026-05-15T16:00:00+00:00,79150.26,79382.3,79131.01,79294.31,514.78679
2026-05-15T17:00:00+00:00,79294.31,79504.83,79224.0,79460.0,478.80422
2026-05-15T18:00:00+00:00,79460.0,79561.94,79170.47,79284.0,544.01093
2026-05-15T19:00:00+00:00,79284.01,79290.0,79051.0,79146.5,421.75884
2026-05-15T20:00:00+00:00,79146.5,79217.07,79000.0,79123.12,224.44355
2026-05-15T21:00:00+00:00,79123.13,79200.0,78911.42,78973.5,682.32127
2026-05-15T22:00:00+00:00,78973.5,79145.44,78973.49,79107.38,347.86808
2026-05-15T23:00:00+00:00,79107.38,79161.86,79077.96,79113.21,677.62104
2026-05-16T00:00:00+00:00,79113.2,79227.77,79075.09,79111.92,314.0124
2026-05-16T01:00:00+00:00,79111.92,79186.05,79010.0,79168.0,357.20294
2026-05-16T02:00:00+00:00,79168.0,79211.77,79080.1,79155.54,208.30505
2026-05-16T03:00:00+00:00,79155.55,79187.71,79059.77,79083.18,368.66241
2026-05-16T04:00:00+00:00,79083.19,79129.71,78860.0,79035.26,321.76822
2026-05-16T05:00:00+00:00,79035.25,79039.49,78933.63,79027.37,183.05543
2026-05-16T06:00:00+00:00,79027.36,79047.94,78459.87,78648.0,632.26156
2026-05-16T07:00:00+00:00,78648.0,78651.63,78066.0,78369.77,1267.74437
2026-05-16T08:00:00+00:00,78369.78,78530.52,78334.21,78426.56,379.04319
2026-05-16T09:00:00+00:00,78426.55,78440.81,77906.1,78083.48,1104.4311
2026-05-16T10:00:00+00:00,78083.47,78101.43,77640.0,77960.0,1759.70594
2026-05-16T11:00:00+00:00,77959.99,78193.88,77959.99,78081.71,602.9198
2026-05-16T12:00:00+00:00,78080.46,78133.38,77918.62,78007.23,791.53177
2026-05-16T13:00:00+00:00,78007.24,78014.6,77833.4,78014.6,830.86287
2026-05-16T14:00:00+00:00,78014.6,78346.0,77895.2,78130.55,729.04785
2026-05-16T15:00:00+00:00,78130.55,78285.0,78078.22,78238.67,332.91477
2026-05-16T16:00:00+00:00,78238.68,78364.65,78119.72,78205.96,328.10255
2026-05-16T17:00:00+00:00,78205.96,78320.41,78199.0,78201.5,350.20669
2026-05-16T18:00:00+00:00,78201.5,78327.75,78142.99,78229.81,310.63405
2026-05-16T19:00:00+00:00,78229.82,78314.69,78204.22,78259.66,271.10252
2026-05-16T20:00:00+00:00,78259.67,78318.94,78201.42,78261.0,194.3429
2026-05-16T21:00:00+00:00,78261.0,78308.33,78206.85,78265.73,237.27188
2026-05-16T22:00:00+00:00,78265.73,78279.28,78171.02,78186.25,128.79242
2026-05-16T23:00:00+00:00,78186.25,78267.46,78125.32,78148.05,128.93924
2026-05-17T00:00:00+00:00,78148.05,78243.19,77812.0,77945.85,311.59646
2026-05-17T01:00:00+00:00,77945.85,78114.0,77721.19,77725.71,516.53667
2026-05-17T02:00:00+00:00,77725.72,77938.0,77725.71,77895.51,256.64293
2026-05-17T03:00:00+00:00,77895.5,78079.3,77888.0,78028.88,200.15322
2026-05-17T04:00:00+00:00,78028.88,78203.93,78003.35,78158.09,375.99093
2026-05-17T05:00:00+00:00,78158.08,78323.96,78102.42,78121.41,258.98839
2026-05-17T06:00:00+00:00,78121.41,78204.01,78017.0,78104.8,136.86954
2026-05-17T07:00:00+00:00,78104.79,78208.69,78053.79,78180.01,180.24659
2026-05-17T08:00:00+00:00,78180.0,78200.91,78033.01,78089.8,117.37418
2026-05-17T09:00:00+00:00,78089.8,78293.97,78073.52,78249.33,196.43485
2026-05-17T10:00:00+00:00,78249.33,78599.99,78249.03,78465.99,564.92985
2026-05-17T11:00:00+00:00,78465.99,78473.82,78289.0,78415.99,257.4445
2026-05-17T12:00:00+00:00,78415.99,78550.0,78333.8,78364.83,254.43689
2026-05-17T13:00:00+00:00,78364.83,78364.83,78173.15,78202.91,260.27625
2026-05-17T14:00:00+00:00,78202.91,78217.33,77850.0,78051.51,397.56893
2026-05-17T15:00:00+00:00,78051.51,78119.42,77920.76,78051.41,203.63392
2026-05-17T16:00:00+00:00,78051.42,78193.66,78025.23,78034.36,142.87987
2026-05-17T17:00:00+00:00,78034.37,78092.44,77856.69,78089.98,296.4389
2026-05-17T18:00:00+00:00,78089.99,78271.59,78014.33,78268.05,172.43416
2026-05-17T19:00:00+00:00,78268.04,78468.46,78209.96,78415.3,225.32283
2026-05-17T20:00:00+00:00,78415.29,78435.32,78248.8,78277.36,205.39109
2026-05-17T21:00:00+00:00,78277.36,78485.36,78243.5,78405.72,293.90051
2026-05-17T22:00:00+00:00,78405.72,78414.16,77830.0,77997.24,585.78673
2026-05-17T23:00:00+00:00,77997.24,78008.18,76735.16,77457.67,2031.42401
2026-05-18T00:00:00+00:00,77457.67,77477.99,76916.6,77209.95,1062.83033
2026-05-18T01:00:00+00:00,77209.95,77291.54,76744.95,77109.22,771.47833
2026-05-18T02:00:00+00:00,77109.21,77222.03,76707.61,76835.41,544.67309
2026-05-18T03:00:00+00:00,76835.41,77030.42,76817.14,76924.65,509.0298
2026-05-18T04:00:00+00:00,76924.66,77069.77,76772.01,77038.49,354.48166
2026-05-18T05:00:00+00:00,77038.49,77080.93,76884.33,76931.4,586.83852
2026-05-18T06:00:00+00:00,76931.4,76967.8,76583.33,76912.52,621.71728
2026-05-18T07:00:00+00:00,76912.53,77089.29,76771.53,77073.69,1139.6298
2026-05-18T08:00:00+00:00,77073.69,77181.88,76890.34,77040.42,562.21651
2026-05-18T09:00:00+00:00,77040.43,77048.14,76877.17,76933.16,365.74952
2026-05-18T10:00:00+00:00,76933.17,76957.35,76716.99,76764.74,432.20236
2026-05-18T11:00:00+00:00,76764.75,77403.48,76668.58,77285.83,692.38548
2026-05-18T12:00:00+00:00,77285.83,77800.0,77275.96,77639.98,980.76582
2026-05-18T13:00:00+00:00,77639.99,77639.99,76695.31,76937.7,1116.5633
2026-05-18T14:00:00+00:00,76937.7,76954.25,76230.02,76393.65,2158.59337
2026-05-18T15:00:00+00:00,76393.66,76485.29,76051.0,76409.46,1960.17489
2026-05-18T16:00:00+00:00,76409.46,76665.68,76218.0,76410.01,1252.9383
2026-05-18T17:00:00+00:00,76410.0,76757.21,76366.13,76706.39,450.87486
2026-05-18T18:00:00+00:00,76706.38,76706.38,76144.24,76252.5,779.57136
2026-05-18T19:00:00+00:00,76252.01,76995.0,76235.0,76928.0,812.47229
2026-05-18T20:00:00+00:00,76928.0,77182.14,76874.73,76909.92,463.85785
2026-05-18T21:00:00+00:00,76909.92,77174.23,76800.0,77103.05,491.7356
2026-05-18T22:00:00+00:00,77103.04,77222.79,76937.19,77078.22,359.68174
2026-05-18T23:00:00+00:00,77078.22,77160.79,76948.8,77001.87,275.05472
2026-05-19T00:00:00+00:00,77001.88,77414.62,76955.99,77140.87,556.43712
2026-05-19T01:00:00+00:00,77140.86,77156.2,76667.0,76667.01,769.46148
2026-05-19T02:00:00+00:00,76667.01,76997.33,76487.83,76617.47,469.02583
2026-05-19T03:00:00+00:00,76617.46,76867.23,76586.11,76787.11,211.83571
2026-05-19T04:00:00+00:00,76787.1,76943.75,76700.0,76927.25,239.72033
2026-05-19T05:00:00+00:00,76927.25,77000.0,76644.98,76911.24,392.43215
2026-05-19T06:00:00+00:00,76911.25,77108.68,76886.13,77029.4,386.11356
2026-05-19T07:00:00+00:00,77029.41,77278.57,76974.72,77233.69,490.1935
2026-05-19T08:00:00+00:00,77233.68,77317.02,76972.96,77048.71,465.92336
2026-05-19T09:00:00+00:00,77048.72,77074.05,76709.29,76818.8,385.08727
2026-05-19T10:00:00+00:00,76818.8,77103.97,76704.0,77041.87,464.38738
2026-05-19T11:00:00+00:00,77041.87,77076.53,76633.83,76714.62,430.29111
2026-05-19T12:00:00+00:00,76714.61,76982.89,76650.06,76940.21,257.11004
2026-05-19T13:00:00+00:00,76940.2,77048.72,76596.0,76872.75,906.63403
2026-05-19T14:00:00+00:00,76872.74,77023.75,76144.71,76392.43,1426.24149
2026-05-19T15:00:00+00:00,76392.43,76675.76,76337.97,76521.23,773.78391
2026-05-19T16:00:00+00:00,76521.24,76911.0,76407.72,76894.59,568.91388
2026-05-19T17:00:00+00:00,76894.59,77015.41,76759.39,76856.76,442.15826
2026-05-19T18:00:00+00:00,76856.76,76947.2,76744.8,76803.28,282.19478
2026-05-19T19:00:00+00:00,76803.28,77065.8,76765.14,76818.74,341.73224
2026-05-19T20:00:00+00:00,76818.73,77040.24,76818.73,77022.23,147.68289
2026-05-19T21:00:00+00:00,77022.22,77040.83,76973.76,76982.34,185.29058
2026-05-19T22:00:00+00:00,76982.34,76982.34,76642.95,76712.21,233.07768
2026-05-19T23:00:00+00:00,76712.22,76980.07,76670.52,76834.36,199.1312
2026-05-20T00:00:00+00:00,76834.36,76896.5,76516.74,76788.83,236.25061
2026-05-20T01:00:00+00:00,76788.83,76922.46,76536.59,76820.98,358.53384
2026-05-20T02:00:00+00:00,76820.98,76909.62,76600.0,76690.42,293.25018
2026-05-20T03:00:00+00:00,76690.42,76829.61,76604.99,76723.54,673.76637
2026-05-20T04:00:00+00:00,76723.55,76836.82,76692.0,76780.37,365.31048
2026-05-20T05:00:00+00:00,76780.37,77320.0,76780.37,77196.99,973.23466
2026-05-20T06:00:00+00:00,77196.99,77422.0,77179.93,77414.11,528.12463
2026-05-20T07:00:00+00:00,77414.1,77472.21,77241.13,77282.64,351.42212
2026-05-20T08:00:00+00:00,77282.65,77635.52,77210.33,77458.04,548.89961
2026-05-20T09:00:00+00:00,77458.05,77543.59,77365.94,77485.13,360.90275
2026-05-20T10:00:00+00:00,77485.14,77663.0,77485.14,77517.45,409.79863
2026-05-20T11:00:00+00:00,77517.46,77569.1,77328.2,77382.49,362.81092
2026-05-20T12:00:00+00:00,77382.5,77748.05,77365.52,77617.26,377.41047
2026-05-20T13:00:00+00:00,77617.26,77650.62,76968.05,77204.61,682.21238
2026-05-20T14:00:00+00:00,77204.61,77574.29,76891.61,77446.08,1202.39421
2026-05-20T15:00:00+00:00,77446.01,77853.04,77300.0,77455.46,777.75101
2026-05-20T16:00:00+00:00,77455.45,77557.0,77018.38,77338.6,407.4641
2026-05-20T17:00:00+00:00,77338.6,77713.66,77230.86,77568.95,501.34929
2026-05-20T18:00:00+00:00,77568.95,77634.52,77398.63,77415.09,414.50917
2026-05-20T19:00:00+00:00,77415.09,77709.68,77350.71,77667.49,388.96569
2026-05-20T20:00:00+00:00,77667.49,77760.0,77476.19,77720.01,357.7103
2026-05-20T21:00:00+00:00,77720.01,77766.6,77500.0,77500.01,158.00627
2026-05-20T22:00:00+00:00,77500.01,77504.69,77226.61,77504.69,367.95652
2026-05-20T23:00:00+00:00,77504.69,77559.34,77386.93,77552.23,198.22886
2026-05-21T00:00:00+00:00,77552.24,78071.42,77525.0,77967.09,547.83434
2026-05-21T01:00:00+00:00,77967.09,78173.15,77800.0,77863.85,453.71737
2026-05-21T02:00:00+00:00,77863.85,78100.0,77820.1,77955.78,820.7986
2026-05-21T03:00:00+00:00,77955.78,78098.85,77908.0,78078.72,441.60659
2026-05-21T04:00:00+00:00,78078.72,78180.01,77965.36,78035.8,365.79347
2026-05-21T05:00:00+00:00,78035.8,78147.07,77714.94,77828.0,390.37362
2026-05-21T06:00:00+00:00,77828.0,77873.15,77533.45,77622.14,317.41875
2026-05-21T07:00:00+00:00,77622.14,77901.06,77521.0,77889.01,380.5065
2026-05-21T08:00:00+00:00,77889.01,78200.0,77885.53,77924.63,493.4737
2026-05-21T09:00:00+00:00,77924.63,77977.53,77633.02,77633.02,277.92731
2026-05-21T10:00:00+00:00,77633.03,77678.01,77190.09,77198.08,783.43483
2026-05-21T11:00:00+00:00,77198.09,77372.0,77147.15,77189.1,380.03818
2026-05-21T12:00:00+00:00,77189.1,77363.32,77080.72,77278.53,382.67307
2026-05-21T13:00:00+00:00,77278.52,77358.05,76719.47,77122.68,862.17497
2026-05-21T14:00:00+00:00,77122.67,77240.82,76788.8,76984.61,697.95187
2026-05-21T15:00:00+00:00,76984.61,77402.12,76900.0,77259.46,411.10449
2026-05-21T16:00:00+00:00,77259.45,77344.01,77008.75,77207.93,404.33559
2026-05-21T17:00:00+00:00,77207.92,78098.16,77181.83,77869.38,1291.96294
2026-05-21T18:00:00+00:00,77869.38,77922.01,77230.0,77387.74,559.91554
2026-05-21T19:00:00+00:00,77387.74,77802.51,77365.97,77690.56,437.10444
2026-05-21T20:00:00+00:00,77690.56,77804.75,77647.75,77705.81,144.76199
2026-05-21T21:00:00+00:00,77705.8,77813.35,77645.4,77672.29,182.97007
2026-05-21T22:00:00+00:00,77672.3,77750.61,77555.33,77628.0,130.38276
2026-05-21T23:00:00+00:00,77628.01,77745.39,77534.43,77615.52,159.99742
2026-05-22T00:00:00+00:00,77615.52,77628.38,77369.49,77373.57,228.62269
2026-05-22T01:00:00+00:00,77373.57,77673.5,77327.28,77616.0,252.86608
2026-05-22T02:00:00+00:00,77616.0,77728.01,77593.16,77673.36,244.81122
2026-05-22T03:00:00+00:00,77673.37,77817.8,77673.36,77779.98,158.00162
2026-05-22T04:00:00+00:00,77779.98,77900.0,77637.99,77655.42,475.76681
2026-05-22T05:00:00+00:00,77655.43,77726.0,77454.56,77489.0,344.3172
2026-05-22T06:00:00+00:00,77489.0,77525.85,77370.4,77423.41,542.83384
2026-05-22T07:00:00+00:00,77423.41,77543.38,77288.77,77408.06,393.92568
2026-05-22T08:00:00+00:00,77408.07,77535.0,77216.0,77267.38,509.65577
2026-05-22T09:00:00+00:00,77267.39,77360.0,77200.0,77307.11,276.32946
2026-05-22T10:00:00+00:00,77307.12,77363.01,77261.73,77312.0,275.0182
2026-05-22T11:00:00+00:00,77311.99,77430.55,77184.45,77428.84,375.5311
2026-05-22T12:00:00+00:00,77428.83,77584.94,77395.45,77533.9,317.41573
2026-05-22T13:00:00+00:00,77533.91,77547.56,77130.99,77290.01,419.18989
2026-05-22T14:00:00+00:00,77290.0,77290.0,76751.0,76774.23,1004.6619
2026-05-22T15:00:00+00:00,76774.23,77030.64,76570.0,76790.59,872.56913
2026-05-22T16:00:00+00:00,76790.6,77006.69,76767.0,76950.68,481.05047
2026-05-22T17:00:00+00:00,76950.67,77093.72,76750.0,76750.0,322.37426
2026-05-22T18:00:00+00:00,76750.01,76898.0,76101.0,76537.47,809.74159
2026-05-22T19:00:00+00:00,76537.47,76590.68,75668.76,75860.44,1201.88912
2026-05-22T20:00:00+00:00,75860.44,76080.95,75826.0,75984.47,415.32736
2026-05-22T21:00:00+00:00,75984.47,76087.85,75926.2,75978.83,349.85112
2026-05-22T22:00:00+00:00,75978.83,75978.84,75558.28,75737.52,473.52886
2026-05-22T23:00:00+00:00,75737.53,75881.18,75359.18,75539.5,527.08224
2026-05-23T00:00:00+00:00,75539.5,75635.59,75220.0,75352.64,828.38332
2026-05-23T01:00:00+00:00,75352.64,75500.0,75350.0,75489.84,466.00374
2026-05-23T02:00:00+00:00,75489.83,75581.27,75417.56,75572.07,334.42834
2026-05-23T03:00:00+00:00,75572.07,75664.62,75563.33,75635.22,267.29386
2026-05-23T04:00:00+00:00,75635.22,75650.63,75507.01,75539.77,198.6031
2026-05-23T05:00:00+00:00,75539.77,75562.4,75469.89,75482.68,267.20559
2026-05-23T06:00:00+00:00,75482.68,75501.09,75394.54,75398.33,189.47214
2026-05-23T07:00:00+00:00,75398.33,75443.44,74289.6,74609.36,2035.70931
2026-05-23T08:00:00+00:00,74609.37,74746.67,74303.56,74684.3,963.9472
2026-05-23T09:00:00+00:00,74684.29,74752.45,74624.5,74656.91,431.5071
2026-05-23T10:00:00+00:00,74656.91,74797.01,74656.91,74705.0,625.72233
2026-05-23T11:00:00+00:00,74705.0,74873.55,74704.99,74789.99,487.9196
2026-05-23T12:00:00+00:00,74789.99,74798.41,74660.05,74753.93,570.81814
2026-05-23T13:00:00+00:00,74753.94,75262.86,74753.93,75213.9,815.89889
2026-05-23T14:00:00+00:00,75213.9,75726.3,75108.15,75537.72,922.06012
2026-05-23T15:00:00+00:00,75537.73,75676.0,75405.4,75520.0,634.72295
2026-05-23T16:00:00+00:00,75519.99,75638.62,75415.17,75444.7,411.95204
2026-05-23T17:00:00+00:00,75444.71,75522.0,75371.72,75488.18,566.20129
2026-05-23T18:00:00+00:00,75488.17,75986.24,75472.04,75845.82,429.21806
2026-05-23T19:00:00+00:00,75845.82,76012.22,75780.9,75983.45,364.9012
2026-05-23T20:00:00+00:00,75983.45,77300.0,75953.94,77287.58,1242.58285
2026-05-23T21:00:00+00:00,77286.08,77404.18,76538.04,76804.99,1147.59506
2026-05-23T22:00:00+00:00,76805.0,76885.0,76396.06,76584.45,464.30329
2026-05-23T23:00:00+00:00,76584.45,76822.0,76538.36,76752.01,420.43862
2026-05-24T00:00:00+00:00,76752.0,76930.65,76629.02,76835.16,392.54327
2026-05-24T01:00:00+00:00,76835.16,76921.45,76754.53,76890.04,225.24128
2026-05-24T02:00:00+00:00,76890.04,76968.04,76704.32,76830.0,185.87406
2026-05-24T03:00:00+00:00,76830.01,77011.62,76738.5,76750.0,248.04543
2026-05-24T04:00:00+00:00,76750.01,76858.26,76730.0,76786.5,163.64327
2026-05-24T05:00:00+00:00,76786.5,76861.78,76651.59,76822.23,202.16815
2026-05-24T06:00:00+00:00,76822.23,77065.94,76716.02,76987.58,257.8917
2026-05-24T07:00:00+00:00,76987.58,77014.24,76786.2,76799.99,193.96514
2026-05-24T08:00:00+00:00,76799.99,76861.77,76734.42,76830.69,226.94949
2026-05-24T09:00:00+00:00,76830.69,77046.67,76821.86,77020.53,369.92973
2026-05-24T10:00:00+00:00,77020.54,77543.15,76927.04,77190.74,863.69953
2026-05-24T11:00:00+00:00,77190.73,77356.62,77190.73,77320.06,285.66801
2026-05-24T12:00:00+00:00,77320.06,77325.72,77044.73,77118.73,271.94108
2026-05-24T13:00:00+00:00,77118.72,77127.54,76688.89,76802.23,474.39799
2026-05-24T14:00:00+00:00,76802.23,76840.01,76195.36,76465.16,837.87651
2026-05-24T15:00:00+00:00,76465.15,76539.38,76362.78,76371.59,398.04105
2026-05-24T16:00:00+00:00,76371.59,76734.3,76371.59,76671.7,359.46109
2026-05-24T17:00:00+00:00,76671.69,76799.99,76566.15,76693.34,249.31214
2026-05-24T18:00:00+00:00,76693.34,76788.01,76596.0,76665.73,148.14196
2026-05-24T19:00:00+00:00,76665.72,76783.51,76611.17,76773.34,125.12918
2026-05-24T20:00:00+00:00,76773.33,76796.18,76596.37,76668.4,560.38206
2026-05-24T21:00:00+00:00,76668.41,76748.12,76108.0,76151.14,497.80071
2026-05-24T22:00:00+00:00,76151.14,77012.01,76132.0,76803.99,543.11534
2026-05-24T23:00:00+00:00,76803.99,77225.97,76803.99,77064.96,316.78339
2026-05-25T00:00:00+00:00,77064.96,77288.0,77064.95,77153.01,281.30951
2026-05-25T01:00:00+00:00,77153.01,77245.67,76914.25,76945.27,574.42489
2026-05-25T02:00:00+00:00,76945.28,77485.0,76945.28,77108.77,313.96478
2026-05-25T03:00:00+00:00,77108.77,77169.88,77002.3,77026.67,198.70522
2026-05-25T04:00:00+00:00,77026.68,77450.0,76990.78,77391.07,251.77406
2026-05-25T05:00:00+00:00,77391.07,77498.0,77324.0,77407.0,306.77798
2026-05-25T06:00:00+00:00,77406.99,77650.0,77222.22,77419.87,413.85927
2026-05-25T07:00:00+00:00,77419.87,77520.0,77184.62,77401.12,376.11814
2026-05-25T08:00:00+00:00,77401.11,77469.64,77280.32,77456.94,352.6298
2026-05-25T09:00:00+00:00,77456.94,77699.97,77425.17,77604.56,369.10396
2026-05-25T10:00:00+00:00,77604.56,77681.37,77490.37,77545.65,283.53522
2026-05-25T11:00:00+00:00,77545.65,77545.65,77333.33,77357.5,209.17805
2026-05-25T12:00:00+00:00,77357.5,77440.46,77286.5,77367.98,261.28583
2026-05-25T13:00:00+00:00,77367.98,77450.0,77286.5,77341.05,199.52985
2026-05-25T14:00:00+00:00,77341.05,77773.69,77304.84,77714.0,603.07815
2026-05-25T15:00:00+00:00,77713.99,77905.52,77557.0,77628.82,499.50313
2026-05-25T16:00:00+00:00,77628.82,77807.29,77508.88,77735.69,342.64397
2026-05-25T17:00:00+00:00,77735.69,77804.48,77550.39,77564.01,278.21782
2026-05-25T18:00:00+00:00,77564.0,77658.01,77543.38,77543.39,204.7646
2026-05-25T19:00:00+00:00,77543.39,77543.39,77343.61,77441.86,295.53937
2026-05-25T20:00:00+00:00,77441.85,77500.0,77220.0,77273.06,314.11527
2026-05-25T21:00:00+00:00,77273.06,77396.08,77273.05,77367.03,183.92616
2026-05-25T22:00:00+00:00,77367.03,77449.94,77019.82,77116.21,395.72227
2026-05-25T23:00:00+00:00,77116.21,77367.44,77072.36,77322.01,162.61467
2026-05-26T00:00:00+00:00,77322.01,77345.0,76575.49,76792.71,686.17714
2026-05-26T01:00:00+00:00,76792.24,76888.01,76590.9,76756.98,342.05131
2026-05-26T02:00:00+00:00,76756.98,76810.0,76512.98,76660.0,721.43857
2026-05-26T03:00:00+00:00,76660.0,76705.71,76475.59,76664.01,396.14567
2026-05-26T04:00:00+00:00,76664.0,76817.28,76606.79,76749.5,392.59093
2026-05-26T05:00:00+00:00,76749.51,76989.23,76704.8,76930.01,556.0432
2026-05-26T06:00:00+00:00,76930.0,77059.74,76775.0,76908.01,658.30833
2026-05-26T07:00:00+00:00,76908.0,76924.55,76603.73,76730.84,436.26184
2026-05-26T08:00:00+00:00,76730.84,76852.01,76693.21,76726.37,246.06951
2026-05-26T09:00:00+00:00,76726.37,76804.0,76649.79,76672.19,350.5237
2026-05-26T10:00:00+00:00,76672.2,77621.75,76586.94,77430.0,897.13516
2026-05-26T11:00:00+00:00,77430.0,77516.93,77174.94,77183.55,403.26795
2026-05-26T12:00:00+00:00,77183.56,77232.52,76877.94,77132.5,402.68245
2026-05-26T13:00:00+00:00,77132.51,77464.01,76691.88,77231.56,659.9668
2026-05-26T14:00:00+00:00,77231.56,78080.0,76724.63,76908.01,2020.17697
2026-05-26T15:00:00+00:00,76908.01,77012.0,76272.63,76518.1,1751.25838
2026-05-26T16:00:00+00:00,76518.1,76710.01,76209.58,76558.0,2070.02098
2026-05-26T17:00:00+00:00,76558.0,76649.91,75850.0,75935.08,1190.65802
2026-05-26T18:00:00+00:00,75935.09,76273.66,75779.3,75840.55,846.30902
2026-05-26T19:00:00+00:00,75840.55,76104.49,75805.23,76052.0,581.71052
2026-05-26T20:00:00+00:00,76052.0,76180.0,75982.64,76106.86,324.41575
2026-05-26T21:00:00+00:00,76106.86,76117.31,75850.0,75890.0,275.58323
2026-05-26T22:00:00+00:00,75890.0,75998.94,75677.97,75749.02,428.12169
2026-05-26T23:00:00+00:00,75749.02,75986.45,75749.02,75930.01,316.55917
2026-05-27T00:00:00+00:00,75930.01,76089.7,75872.71,76085.01,780.41682
2026-05-27T01:00:00+00:00,76085.0,76104.02,75824.0,75877.44,573.72878
2026-05-27T02:00:00+00:00,75877.44,75890.59,75682.99,75879.0,437.25803
2026-05-27T03:00:00+00:00,75879.01,75966.91,75607.62,75683.0,612.84746
2026-05-27T04:00:00+00:00,75683.0,75706.77,75310.9,75579.01,817.05359
2026-05-27T05:00:00+00:00,75579.01,75739.36,75579.0,75697.99,490.56114
2026-05-27T06:00:00+00:00,75697.99,75900.0,75690.01,75838.65,482.86494
2026-05-27T07:00:00+00:00,75838.65,75980.0,75764.0,75977.17,433.92885
2026-05-27T08:00:00+00:00,75977.16,76071.41,75843.02,75873.24,308.77238
2026-05-27T09:00:00+00:00,75873.25,75978.01,75710.76,75912.6,294.26595
2026-05-27T10:00:00+00:00,75912.61,76043.94,75880.0,75909.82,372.61961
2026-05-27T11:00:00+00:00,75909.82,76029.24,75754.1,75769.18,316.01081
2026-05-27T12:00:00+00:00,75769.18,76174.15,75575.75,75688.0,621.24106
2026-05-27T13:00:00+00:00,75688.01,75760.0,74866.18,75073.4,2200.23684
2026-05-27T14:00:00+00:00,75073.4,75274.11,74758.33,75031.92,1567.20208
2026-05-27T15:00:00+00:00,75031.92,75502.29,74983.77,75326.01,797.5234
2026-05-27T16:00:00+00:00,75326.02,75408.01,75000.0,75304.01,632.49097
2026-05-27T17:00:00+00:00,75304.01,75344.01,74685.58,74860.42,1103.99219
2026-05-27T18:00:00+00:00,74860.42,75032.01,74663.45,75026.67,549.25309
2026-05-27T19:00:00+00:00,75026.67,75105.17,74952.36,75066.08,879.80197
2026-05-27T20:00:00+00:00,75066.09,75415.81,75056.25,75274.58,389.41476
2026-05-27T21:00:00+00:00,75274.58,75274.58,74341.76,74473.01,653.21971
2026-05-27T22:00:00+00:00,74473.01,74775.5,74260.91,74418.13,624.64107
2026-05-27T23:00:00+00:00,74418.12,74572.0,74243.99,74449.3,938.42933
2026-05-28T00:00:00+00:00,74449.31,74580.0,74366.89,74570.66,476.29695
2026-05-28T01:00:00+00:00,74570.67,74590.77,74156.0,74344.08,653.98384
2026-05-28T02:00:00+00:00,74344.07,74400.0,74127.57,74287.42,717.91596
2026-05-28T03:00:00+00:00,74287.43,74380.39,73060.59,73258.01,3879.74728
2026-05-28T04:00:00+00:00,73258.0,73260.01,72728.85,73181.95,1588.42564
2026-05-28T05:00:00+00:00,73181.95,73181.95,72908.67,72990.87,850.50171
2026-05-28T06:00:00+00:00,72990.87,73213.11,72761.11,73202.7,1248.76931
2026-05-28T07:00:00+00:00,73202.71,73512.14,73158.0,73498.0,1111.91354
2026-05-28T08:00:00+00:00,73498.0,73500.0,73193.13,73325.88,567.79073
2026-05-28T09:00:00+00:00,73325.88,73560.0,73261.6,73541.24,547.18862
2026-05-28T10:00:00+00:00,73541.25,73616.0,73349.91,73400.01,495.53335
2026-05-28T11:00:00+00:00,73400.01,73532.01,73319.36,73505.66,383.87102
2026-05-28T12:00:00+00:00,73505.65,73580.75,73245.56,73518.01,454.53291
2026-05-28T13:00:00+00:00,73518.01,73574.6,72771.64,73022.02,1277.58759
2026-05-28T14:00:00+00:00,73022.01,73573.21,72582.82,73033.06,2189.6201
2026-05-28T15:00:00+00:00,73033.06,73180.01,72700.0,72928.73,710.64433
2026-05-28T16:00:00+00:00,72928.73,73440.67,72741.4,73440.67,821.59668
2026-05-28T17:00:00+00:00,73440.66,73734.72,73316.31,73554.82,737.45631
2026-05-28T18:00:00+00:00,73554.81,73749.69,73514.57,73652.88,517.48323
2026-05-28T19:00:00+00:00,73652.87,73652.88,73381.81,73419.32,447.75042
2026-05-28T20:00:00+00:00,73419.31,73721.45,73241.48,73579.99,441.85746
2026-05-28T21:00:00+00:00,73580.0,73926.22,73560.45,73817.31,386.07817
2026-05-28T22:00:00+00:00,73817.31,73949.22,73448.55,73464.8,445.66881
2026-05-28T23:00:00+00:00,73464.8,73714.9,73464.79,73617.51,321.8063
2026-05-29T00:00:00+00:00,73617.52,73854.77,73617.51,73716.37,592.13944
2026-05-29T01:00:00+00:00,73716.37,73868.33,73463.52,73586.83,543.44041
2026-05-29T02:00:00+00:00,73586.83,73646.68,73189.11,73225.06,716.13416
2026-05-29T03:00:00+00:00,73225.07,73456.63,73225.07,73301.52,271.59006
2026-05-29T04:00:00+00:00,73301.53,73508.97,73210.21,73507.69,462.74907
2026-05-29T05:00:00+00:00,73507.68,73719.39,73500.0,73706.0,814.3098
2026-05-29T06:00:00+00:00,73706.0,73939.19,73641.05,73786.32,283.07172
2026-05-29T07:00:00+00:00,73786.32,73830.01,73373.37,73528.56,1081.6764
2026-05-29T08:00:00+00:00,73528.55,73835.58,73524.0,73653.4,690.03943
2026-05-29T09:00:00+00:00,73653.4,73902.85,73649.58,73744.96,506.90617
2026-05-29T10:00:00+00:00,73744.96,73749.53,73588.13,73634.64,583.75086
2026-05-29T11:00:00+00:00,73634.64,73700.41,73341.85,73487.98,417.09649
2026-05-29T12:00:00+00:00,73487.98,73487.98,73202.0,73295.73,419.42757
2026-05-29T13:00:00+00:00,73295.73,73346.04,72900.46,73135.7,883.40251
2026-05-29T14:00:00+00:00,73135.7,73198.17,72512.49,73096.85,1512.76179
2026-05-29T15:00:00+00:00,73096.84,74200.0,73008.98,73808.26,1809.3402
2026-05-29T16:00:00+00:00,73808.25,74124.73,73565.73,74056.5,1160.72957
2026-05-29T17:00:00+00:00,74056.49,74514.1,73925.33,73980.94,2917.46541
2026-05-29T18:00:00+00:00,73980.94,74065.29,73187.25,73374.52,1065.50146
2026-05-29T19:00:00+00:00,73374.51,73727.95,73239.36,73520.28,453.16949
2026-05-29T20:00:00+00:00,73520.29,73760.0,73514.0,73673.61,155.12213
2026-05-29T21:00:00+00:00,73673.62,73844.0,73408.8,73409.27,412.83689
2026-05-29T22:00:00+00:00,73409.27,73571.81,73379.79,73483.52,662.8477
2026-05-29T23:00:00+00:00,73483.51,73510.0,73320.0,73460.78,271.23268
2026-05-30T00:00:00+00:00,73460.78,73579.82,73408.62,73498.8,545.20652
2026-05-30T01:00:00+00:00,73498.8,73663.08,73472.8,73657.9,386.87772
2026-05-30T02:00:00+00:00,73657.9,73786.7,73613.85,73786.69,268.52358
2026-05-30T03:00:00+00:00,73786.7,73796.43,73524.01,73524.01,339.03494
2026-05-30T04:00:00+00:00,73524.01,73575.0,73216.0,73402.84,466.81865
2026-05-30T05:00:00+00:00,73402.85,73635.0,73346.85,73604.99,464.14797
2026-05-30T06:00:00+00:00,73604.99,73709.91,73530.0,73584.99,331.33867
2026-05-30T07:00:00+00:00,73584.99,73588.2,73486.0,73548.6,225.56478
2026-05-30T08:00:00+00:00,73548.6,73567.59,73500.02,73530.07,274.14087
2026-05-30T09:00:00+00:00,73530.07,73615.47,73503.07,73615.46,201.26346
2026-05-30T10:00:00+00:00,73615.46,73680.75,73592.57,73655.85,283.9706
2026-05-30T11:00:00+00:00,73655.85,73655.86,73564.62,73602.02,317.1037
2026-05-30T12:00:00+00:00,73602.01,73717.07,73594.4,73698.18,369.235
2026-05-30T13:00:00+00:00,73698.17,73837.06,73676.1,73829.31,249.39427
2026-05-30T14:00:00+00:00,73829.31,74100.0,73820.91,73929.11,565.07041
2026-05-30T15:00:00+00:00,73929.11,74042.88,73836.7,73930.14,301.39896
2026-05-30T16:00:00+00:00,73930.13,73985.84,73880.1,73934.99,193.46997
2026-05-30T17:00:00+00:00,73935.0,74047.26,73811.3,74020.07,308.74992
2026-05-30T18:00:00+00:00,74020.06,74143.76,73945.0,74043.38,188.56655
2026-05-30T19:00:00+00:00,74043.39,74072.0,73971.3,74016.65,145.42131
2026-05-30T20:00:00+00:00,74016.64,74016.65,73926.68,73979.84,104.9948
2026-05-30T21:00:00+00:00,73979.85,74054.0,73929.07,73981.99,224.4707
2026-05-30T22:00:00+00:00,73981.99,73982.0,73796.01,73883.3,391.66756
2026-05-30T23:00:00+00:00,73883.3,73995.98,73781.3,73884.38,368.97818
2026-05-31T00:00:00+00:00,73884.38,74041.72,73858.56,74038.2,241.35407
2026-05-31T01:00:00+00:00,74038.2,74275.66,74028.64,74058.01,363.47802
2026-05-31T02:00:00+00:00,74058.01,74243.94,73890.49,74090.84,304.8567
2026-05-31T03:00:00+00:00,74090.84,74226.78,74074.05,74150.64,189.87382
2026-05-31T04:00:00+00:00,74150.64,74221.33,74109.0,74178.4,194.38913
2026-05-31T05:00:00+00:00,74178.41,74207.2,74055.16,74055.98,231.70947
2026-05-31T06:00:00+00:00,74055.99,74109.39,73985.34,74054.87,141.21825
2026-05-31T07:00:00+00:00,74054.86,74054.87,73836.0,73871.24,302.07421
2026-05-31T08:00:00+00:00,73871.25,73980.0,73850.05,73937.61,348.32905
2026-05-31T09:00:00+00:00,73937.62,74024.0,73813.44,73841.79,323.04158
2026-05-31T10:00:00+00:00,73841.79,73900.0,73699.2,73900.0,400.29833
2026-05-31T11:00:00+00:00,73900.0,73972.0,73899.99,73937.79,178.9239
2026-05-31T12:00:00+00:00,73937.63,73995.88,73874.0,73920.0,222.22652
2026-05-31T13:00:00+00:00,73920.0,74023.99,73807.43,73872.8,178.44734
2026-05-31T14:00:00+00:00,73872.8,73872.8,73483.05,73602.17,681.72491
2026-05-31T15:00:00+00:00,73602.18,73775.79,73588.8,73655.21,266.93299
2026-05-31T16:00:00+00:00,73655.2,73730.0,73400.0,73526.14,319.75425
2026-05-31T17:00:00+00:00,73526.15,73734.0,73466.67,73709.44,195.46974
2026-05-31T18:00:00+00:00,73709.43,73713.34,73585.49,73603.69,214.37074
2026-05-31T19:00:00+00:00,73603.68,73649.93,73456.48,73563.42,255.80848
2026-05-31T20:00:00+00:00,73563.41,73760.0,73563.41,73739.66,381.5641
2026-05-31T21:00:00+00:00,73739.67,73924.0,73626.67,73892.52,391.01047
2026-05-31T22:00:00+00:00,73892.52,73997.56,73686.0,73944.62,284.29172
2026-05-31T23:00:00+00:00,73944.62,74198.0,73500.0,73674.39,375.30928
2026-06-01T00:00:00+00:00,73674.39,74092.0,73654.06,73885.0,366.4897
2026-06-01T01:00:00+00:00,73885.01,73916.01,73278.02,73292.92,464.54265
2026-06-01T02:00:00+00:00,73292.92,73892.52,73222.0,73790.0,506.50025
2026-06-01T03:00:00+00:00,73789.99,74019.58,73735.47,73769.06,460.44243
2026-06-01T04:00:00+00:00,73769.06,73841.37,73348.74,73536.01,335.64727
2026-06-01T05:00:00+00:00,73536.01,73541.48,73328.32,73350.0,404.19791
2026-06-01T06:00:00+00:00,73349.99,73368.0,72950.01,73135.74,740.28999
2026-06-01T07:00:00+00:00,73135.75,73203.85,72704.0,72818.0,833.64063
2026-06-01T08:00:00+00:00,72818.0,72921.38,72610.03,72902.65,751.49608
2026-06-01T09:00:00+00:00,72902.64,73095.64,72600.0,72880.0,2061.2162
2026-06-01T10:00:00+00:00,72880.0,72900.73,72592.27,72748.88,482.4874
2026-06-01T11:00:00+00:00,72748.88,72768.11,72290.0,72479.99,769.61036
2026-06-01T12:00:00+00:00,72480.0,72610.0,71902.98,72221.73,1854.73885
2026-06-01T13:00:00+00:00,72221.74,72243.52,71389.88,71711.89,3036.53496
2026-06-01T14:00:00+00:00,71711.89,71887.6,71363.43,71567.91,2060.71568
2026-06-01T15:00:00+00:00,71567.91,71677.55,71066.33,71129.62,1656.46415
2026-06-01T16:00:00+00:00,71129.62,71599.95,70686.68,71564.01,2820.57409
2026-06-01T17:00:00+00:00,71564.01,71800.73,71469.64,71646.01,999.45739
2026-06-01T18:00:00+00:00,71646.0,71687.28,71382.0,71498.64,667.35668
2026-06-01T19:00:00+00:00,71498.64,71666.0,71386.0,71595.24,432.84579
2026-06-01T20:00:00+00:00,71595.24,71690.0,71419.64,71446.0,273.2723
2026-06-01T21:00:00+00:00,71445.99,71449.98,70941.95,71038.01,573.85796
2026-06-01T22:00:00+00:00,71038.01,71460.0,70840.9,71408.0,770.63523
2026-06-01T23:00:00+00:00,71407.99,71583.29,71225.29,71408.9,598.07789
2026-06-02T00:00:00+00:00,71408.9,71408.9,71100.0,71289.23,677.70318
2026-06-02T01:00:00+00:00,71289.24,71372.0,70607.57,70652.47,1034.85247
2026-06-02T02:00:00+00:00,70652.47,70880.63,70111.0,70846.49,1320.1444
2026-06-02T03:00:00+00:00,70846.48,71041.04,70806.0,70953.69,492.94753
2026-06-02T04:00:00+00:00,70953.7,71048.0,70713.54,70810.0,489.36754
2026-06-02T05:00:00+00:00,70810.0,70847.66,70267.79,70268.96,832.11781
2026-06-02T06:00:00+00:00,70268.97,70442.0,69958.49,70106.31,1507.14949
2026-06-02T07:00:00+00:00,70106.31,70275.86,69733.0,70118.42,1388.79813
2026-06-02T08:00:00+00:00,70118.42,70172.0,69705.3,69821.99,944.6499
2026-06-02T09:00:00+00:00,69822.0,69849.0,69324.65,69426.01,1499.21853
2026-06-02T10:00:00+00:00,69426.01,69756.0,69336.98,69652.19,904.86792
2026-06-02T11:00:00+00:00,69652.18,69659.47,69397.83,69461.72,417.59402
2026-06-02T12:00:00+00:00,69461.73,69548.13,68989.61,69010.42,1382.26152
2026-06-02T13:00:00+00:00,69010.41,69180.0,68757.03,68811.91,1762.82906
2026-06-02T14:00:00+00:00,68809.93,68836.0,67617.85,68019.3,3845.79627
2026-06-02T15:00:00+00:00,68019.3,68094.6,67076.0,67304.28,2543.79469
2026-06-02T16:00:00+00:00,67304.29,68146.3,67228.45,67413.44,1789.92962
2026-06-02T17:00:00+00:00,67413.44,67837.53,67378.0,67492.34,905.8915
2026-06-02T18:00:00+00:00,67492.34,67661.7,67124.2,67341.99,926.14597
2026-06-02T19:00:00+00:00,67341.99,67498.0,66432.0,67315.14,2333.17121
2026-06-02T20:00:00+00:00,67315.14,67689.65,66911.2,67587.77,1637.61606
2026-06-02T21:00:00+00:00,67587.78,67923.24,67412.0,67566.01,765.53933
2026-06-02T22:00:00+00:00,67566.01,67566.01,66244.02,66385.2,1856.41667
2026-06-02T23:00:00+00:00,66385.2,66868.62,66193.0,66760.83,1599.39304
2026-06-03T00:00:00+00:00,66760.84,67204.15,66654.0,66938.01,1238.50805
2026-06-03T01:00:00+00:00,66938.01,67050.0,66472.65,66920.0,973.29949
2026-06-03T02:00:00+00:00,66920.0,66920.01,66586.17,66620.01,773.38787
2026-06-03T03:00:00+00:00,66620.0,66653.67,65426.34,65849.9,2891.72624
2026-06-03T04:00:00+00:00,65849.9,66623.44,65834.0,66465.98,1263.85794
2026-06-03T05:00:00+00:00,66465.99,67398.28,66465.99,67330.01,1773.95829
2026-06-03T06:00:00+00:00,67330.0,67516.0,66962.95,66983.27,1658.04956
2026-06-03T07:00:00+00:00,66983.27,67334.4,66872.01,67220.03,1003.46306
2026-06-03T08:00:00+00:00,67220.03,67264.34,66974.0,67028.0,1273.47385
2026-06-03T09:00:00+00:00,67028.01,67322.0,66656.48,67075.17,1438.06157
2026-06-03T10:00:00+00:00,67075.18,67476.69,67068.51,67294.52,639.46259
2026-06-03T11:00:00+00:00,67294.51,67366.82,67056.58,67067.37,489.69833
2026-06-03T12:00:00+00:00,67067.37,67163.82,66782.65,67078.72,856.74966
2026-06-03T13:00:00+00:00,67078.72,67244.62,66635.0,66906.01,1223.17247
2026-06-03T14:00:00+00:00,66906.0,66990.66,66643.96,66864.95,936.44379
2026-06-03T15:00:00+00:00,66864.95,66898.0,66076.0,66076.01,1521.34921
2026-06-03T16:00:00+00:00,66076.01,66373.18,65555.0,66061.83,1633.14277
2026-06-03T17:00:00+00:00,66061.83,66189.8,65704.8,65964.08,810.29365
2026-06-03T18:00:00+00:00,65964.08,66161.24,65744.01,66036.57,600.59221
2026-06-03T19:00:00+00:00,66036.56,66054.0,65251.0,65462.0,1198.70968
2026-06-03T20:00:00+00:00,65461.99,65614.74,64766.0,65007.27,1892.05101
2026-06-03T21:00:00+00:00,65007.27,65860.0,64960.87,65768.88,1254.10382
2026-06-03T22:00:00+00:00,65768.89,65841.23,64778.15,64912.98,974.52056
2026-06-03T23:00:00+00:00,64912.97,64979.99,64092.49,64142.75,1820.23083
2026-06-04T00:00:00+00:00,64142.75,64428.0,63000.0,63344.97,3512.79677
2026-06-04T01:00:00+00:00,63344.98,63500.0,62100.01,62178.1,4759.0413
2026-06-04T02:00:00+00:00,62178.1,63622.7,61383.56,63231.99,6283.29826
2026-06-04T03:00:00+00:00,63232.0,64540.3,63218.48,64363.49,2402.09774
2026-06-04T04:00:00+00:00,64363.49,64764.32,64265.73,64399.99,1421.62502
2026-06-04T05:00:00+00:00,64399.99,64400.0,63648.01,63955.47,1272.84935
2026-06-04T06:00:00+00:00,63955.48,64481.22,63892.0,64027.99,802.33437
2026-06-04T07:00:00+00:00,64027.99,64062.81,63492.89,63603.15,1503.87893
2026-06-04T08:00:00+00:00,63603.15,63904.63,63245.9,63629.99,1570.23316
2026-06-04T09:00:00+00:00,63629.99,63644.0,62703.33,63266.0,2329.3282
2026-06-04T10:00:00+00:00,63266.01,63276.0,62301.21,62420.0,3046.35677
2026-06-04T11:00:00+00:00,62420.01,62833.82,62205.0,62545.99,1649.57305
2026-06-04T12:00:00+00:00,62546.0,63966.48,62392.0,63766.82,1740.31399
2026-06-04T13:00:00+00:00,63766.82,64244.0,63068.41,64230.0,2087.69891
2026-06-04T14:00:00+00:00,64230.0,64494.92,63785.33,63958.97,1314.7717
2026-06-04T15:00:00+00:00,63958.97,64404.0,63691.7,63896.17,1043.20477
2026-06-04T16:00:00+00:00,63896.16,63920.0,63456.0,63563.51,778.5809
2026-06-04T17:00:00+00:00,63563.51,63722.0,62944.91,63540.97,1048.08269
2026-06-04T18:00:00+00:00,63540.96,64110.28,63149.76,63819.62,1198.01807
2026-06-04T19:00:00+00:00,63819.62,64163.93,63544.0,63629.38,699.04403
2026-06-04T20:00:00+00:00,63629.38,63653.2,63182.84,63638.4,753.64631
2026-06-04T21:00:00+00:00,63638.4,63876.0,63106.04,63286.21,982.36997
2026-06-04T22:00:00+00:00,63286.21,63772.0,63194.0,63735.43,816.54763
2026-06-04T23:00:00+00:00,63735.42,63918.0,63376.0,63885.99,561.48382
2026-06-05T00:00:00+00:00,63885.99,63978.0,63396.57,63426.72,799.55012
2026-06-05T01:00:00+00:00,63426.73,63566.0,63052.0,63374.67,974.10885
2026-06-05T02:00:00+00:00,63374.67,63436.0,62588.77,62617.72,1167.70132
2026-06-05T03:00:00+00:00,62617.72,62888.0,62339.0,62730.0,1221.6378
2026-06-05T04:00:00+00:00,62730.0,63646.0,62487.24,63615.23,1133.49083
2026-06-05T05:00:00+00:00,63615.22,63688.0,62278.0,62329.35,1503.31179
2026-06-05T06:00:00+00:00,62329.36,62634.53,61126.01,61946.57,5277.47749
2026-06-05T07:00:00+00:00,61946.57,63116.0,61378.38,63115.99,2819.14343
2026-06-05T08:00:00+00:00,63115.99,63120.98,62288.88,62454.64,1381.33567
2026-06-05T09:00:00+00:00,62454.64,63259.9,62442.0,62860.09,970.2531
2026-06-05T10:00:00+00:00,62860.09,62931.81,62375.0,62536.87,753.84533
2026-06-05T11:00:00+00:00,62536.87,62644.48,61964.98,61964.99,1191.72996
2026-06-05T12:00:00+00:00,61964.99,62457.86,61620.47,61959.73,1931.26312
2026-06-05T13:00:00+00:00,61959.72,62326.0,60732.35,60732.36,3644.72891
2026-06-05T14:00:00+00:00,60732.36,61227.98,60334.97,60868.97,4753.25938
2026-06-05T15:00:00+00:00,60868.98,61126.0,60000.0,60438.01,4471.76201
2026-06-05T16:00:00+00:00,60438.0,61547.24,59786.0,61394.39,5595.70288
2026-06-05T17:00:00+00:00,61394.38,61508.85,60660.0,60813.99,1735.74281
2026-06-05T18:00:00+00:00,60814.0,60950.0,59141.0,59395.99,3853.37743
2026-06-05T19:00:00+00:00,59396.0,60459.41,59130.91,60300.24,2562.76919
2026-06-05T20:00:00+00:00,60300.24,61787.01,59940.01,61620.01,2519.32621
2026-06-05T21:00:00+00:00,61620.01,62000.0,61444.2,61670.38,1754.60125
2026-06-05T22:00:00+00:00,61670.38,61966.0,61207.82,61584.49,1799.61028
2026-06-05T23:00:00+00:00,61584.49,61776.0,60518.0,61056.47,1211.55891
2026-06-06T00:00:00+00:00,61056.47,61530.05,61045.01,61273.29,769.28059
2026-06-06T01:00:00+00:00,61273.29,61380.0,60954.36,61058.95,701.07746
2026-06-06T02:00:00+00:00,61058.95,61176.0,60678.0,60951.64,778.33004
2026-06-06T03:00:00+00:00,60951.63,60966.86,60520.0,60687.04,696.39105
2026-06-06T04:00:00+00:00,60687.05,60866.0,59500.0,60101.27,2161.93035
2026-06-06T05:00:00+00:00,60101.28,61062.0,59621.22,60942.38,2141.23088
2026-06-06T06:00:00+00:00,60942.37,61276.95,60681.0,60786.96,2095.10137
2026-06-06T07:00:00+00:00,60786.96,61229.17,60733.14,61004.95,664.31126
2026-06-06T08:00:00+00:00,61004.95,61500.0,60884.0,61264.0,724.69988
2026-06-06T09:00:00+00:00,61264.0,61322.0,60875.55,60981.24,580.05282
2026-06-06T10:00:00+00:00,60981.24,60981.24,60198.0,60593.0,1404.76206
2026-06-06T11:00:00+00:00,60593.0,60968.0,60552.95,60802.91,764.0429
2026-06-06T12:00:00+00:00,60802.9,61185.26,60641.2,61030.63,669.86406
2026-06-06T13:00:00+00:00,61030.63,61100.0,60701.41,60801.2,565.41708
2026-06-06T14:00:00+00:00,60801.2,61016.0,60768.0,60791.05,409.85585
2026-06-06T15:00:00+00:00,60791.06,60929.2,60396.0,60784.0,646.3582
2026-06-06T16:00:00+00:00,60784.01,60971.24,60466.56,60774.0,524.00441
2026-06-06T17:00:00+00:00,60774.0,60844.0,60501.0,60576.2,599.85374
2026-06-06T18:00:00+00:00,60576.19,60754.74,60393.96,60637.21,975.00187
2026-06-06T19:00:00+00:00,60637.2,60786.0,60536.0,60600.01,348.13504
2026-06-06T20:00:00+00:00,60600.0,60756.0,60522.0,60711.69,328.01265
2026-06-06T21:00:00+00:00,60711.69,61000.0,60707.93,60751.21,311.33205
2026-06-06T22:00:00+00:00,60751.22,60818.0,60429.09,60543.53,374.15284
2026-06-06T23:00:00+00:00,60543.52,60942.75,60543.52,60884.62,562.39032
2026-06-07T00:00:00+00:00,60884.62,60987.99,60746.0,60782.01,680.4546
2026-06-07T01:00:00+00:00,60782.0,61664.13,60758.0,61479.75,1285.5692
2026-06-07T02:00:00+00:00,61479.75,61568.0,61184.0,61506.74,523.36778
2026-06-07T03:00:00+00:00,61506.73,61778.33,61416.1,61701.07,469.79753
2026-06-07T04:00:00+00:00,61701.06,61907.07,61482.46,61890.92,486.27163
2026-06-07T05:00:00+00:00,61890.92,62159.0,61647.0,61748.1,1139.66042
2026-06-07T06:00:00+00:00,61748.11,62272.0,61619.4,62101.0,1749.1221
2026-06-07T07:00:00+00:00,62101.01,62416.26,61983.46,62404.73,1528.1498
2026-06-07T08:00:00+00:00,62404.72,62960.0,62259.37,62855.01,2005.84536
2026-06-07T09:00:00+00:00,62855.0,62900.0,62374.63,62530.0,1248.753
2026-06-07T10:00:00+00:00,62530.0,62570.31,62298.39,62370.52,674.16526
2026-06-07T11:00:00+00:00,62370.53,62754.45,62359.44,62621.96,794.29873
2026-06-07T12:00:00+00:00,62621.97,62643.97,61577.12,61900.67,1957.0674
2026-06-07T13:00:00+00:00,61900.66,61907.64,61649.12,61700.13,1146.18923
2026-06-07T14:00:00+00:00,61700.14,62312.67,61696.98,61905.49,923.54392
2026-06-07T15:00:00+00:00,61905.49,62219.92,61674.51,62093.99,527.33835
2026-06-07T16:00:00+00:00,62093.99,62332.0,61966.0,62083.64,482.9603
2026-06-07T17:00:00+00:00,62083.64,62330.0,62046.62,62160.01,573.97699
2026-06-07T18:00:00+00:00,62160.01,62296.0,62022.0,62030.14,373.61361
2026-06-07T19:00:00+00:00,62030.15,62036.78,61184.0,61328.0,1046.65633
2026-06-07T20:00:00+00:00,61327.99,61962.47,61217.17,61878.01,569.10903
2026-06-07T21:00:00+00:00,61878.0,62017.71,61652.01,61778.41,374.19369
2026-06-07T22:00:00+00:00,61778.42,64234.68,61728.11,62865.87,4892.75492
2026-06-07T23:00:00+00:00,62865.87,63444.11,62803.42,63332.01,1159.24525
2026-06-08T00:00:00+00:00,63332.01,63863.06,63138.37,63631.42,1255.61981
2026-06-08T01:00:00+00:00,63631.43,63643.99,62720.86,63211.41,1129.10442
2026-06-08T02:00:00+00:00,63211.41,63260.0,62918.0,63129.93,502.88284
2026-06-08T03:00:00+00:00,63129.94,63458.0,62978.36,63130.12,427.85473
2026-06-08T04:00:00+00:00,63130.12,63171.1,62657.07,62684.61,553.63898
2026-06-08T05:00:00+00:00,62684.61,62825.27,62408.0,62764.0,674.10723
2026-06-08T06:00:00+00:00,62763.99,63144.0,62734.0,62988.03,629.53051
2026-06-08T07:00:00+00:00,62988.58,63350.0,62812.0,63283.99,976.9078
2026-06-08T08:00:00+00:00,63284.0,63284.0,62992.01,63132.83,490.75057
2026-06-08T09:00:00+00:00,63132.84,63577.86,63128.47,63502.0,706.93226
2026-06-08T10:00:00+00:00,63501.99,63568.19,63096.88,63172.3,982.6729
2026-06-08T11:00:00+00:00,63172.3,63873.08,63058.0,63479.61,1572.11873
2026-06-08T12:00:00+00:00,63479.62,63933.18,62718.3,63872.0,2589.09295
2026-06-08T13:00:00+00:00,63872.0,63943.56,63362.1,63758.0,1304.57724
2026-06-08T14:00:00+00:00,63758.0,64077.57,63560.68,63964.08,1937.84618
2026-06-08T15:00:00+00:00,63964.07,64200.0,63711.0,63774.48,2295.29096
2026-06-08T16:00:00+00:00,63774.48,64046.86,63472.0,63532.01,873.93622
2026-06-08T17:00:00+00:00,63532.01,63646.0,63268.01,63550.0,1044.76064
2026-06-08T18:00:00+00:00,63549.99,63690.0,63339.98,63466.83,414.77155
2026-06-08T19:00:00+00:00,63466.83,63596.0,63356.0,63372.01,379.67287
2026-06-08T20:00:00+00:00,63372.01,63485.49,63160.31,63485.49,793.95609
2026-06-08T21:00:00+00:00,63485.49,63850.0,63483.41,63728.96,413.19539
2026-06-08T22:00:00+00:00,63728.96,63728.96,63210.0,63440.01,571.04903
2026-06-08T23:00:00+00:00,63440.0,63594.0,62978.66,63085.99,533.11634
2026-06-09T00:00:00+00:00,63086.0,63184.0,62423.07,62562.0,1868.43384
2026-06-09T01:00:00+00:00,62562.0,62879.1,62546.62,62764.01,752.22836
2026-06-09T02:00:00+00:00,62764.0,62874.0,62544.11,62868.0,357.79841
2026-06-09T03:00:00+00:00,62867.99,62979.94,62702.0,62875.17,780.82683
2026-06-09T04:00:00+00:00,62875.18,63424.0,62748.0,63242.36,1115.32376
2026-06-09T05:00:00+00:00,63242.36,63526.01,63120.24,63338.68,946.88593
2026-06-09T06:00:00+00:00,63338.69,63506.0,63230.0,63300.0,975.96129
2026-06-09T07:00:00+00:00,63300.0,63443.6,63012.0,63198.44,669.83742
2026-06-09T08:00:00+00:00,63198.44,63208.86,62769.52,62849.75,844.01531
2026-06-09T09:00:00+00:00,62849.75,62944.43,62590.0,62715.37,709.2584
2026-06-09T10:00:00+00:00,62715.37,62835.37,62596.0,62786.01,503.06926
2026-06-09T11:00:00+00:00,62786.0,62818.0,62498.75,62711.12,472.29218
2026-06-09T12:00:00+00:00,62711.12,62895.18,62421.24,62645.15,693.6037
2026-06-09T13:00:00+00:00,62645.14,62738.0,62140.0,62273.61,1172.01624
2026-06-09T14:00:00+00:00,62273.62,62395.01,61148.07,61541.95,2741.42922
2026-06-09T15:00:00+00:00,61541.95,61706.86,61037.0,61131.84,1576.3984
2026-06-09T16:00:00+00:00,61131.85,61484.67,60780.0,61390.51,2117.17514
2026-06-09T17:00:00+00:00,61390.51,61889.0,61390.51,61692.01,925.52892
2026-06-09T18:00:00+00:00,61692.01,61964.0,61602.0,61792.01,528.51144
2026-06-09T19:00:00+00:00,61792.0,62103.39,61722.0,62098.09,436.3094
2026-06-09T20:00:00+00:00,62098.09,62272.0,61954.39,62160.0,406.81988
2026-06-09T21:00:00+00:00,62159.99,62176.86,61698.0,61761.2,425.20913
2026-06-09T22:00:00+00:00,61761.21,61976.0,61666.66,61717.5,276.69194
2026-06-09T23:00:00+00:00,61717.5,61878.0,61556.0,61730.0,340.59519
2026-06-10T00:00:00+00:00,61730.0,61930.0,61440.0,61923.16,538.2675
2026-06-10T01:00:00+00:00,61923.16,61974.7,61590.0,61714.0,336.41204
2026-06-10T02:00:00+00:00,61714.0,61837.67,61235.29,61302.36,512.06602
2026-06-10T03:00:00+00:00,61302.37,61594.0,61286.0,61549.64,334.76343
2026-06-10T04:00:00+00:00,61549.64,61560.0,61182.65,61295.99,306.03442
2026-06-10T05:00:00+00:00,61296.0,61400.01,61080.0,61361.17,464.90737
2026-06-10T06:00:00+00:00,61361.17,61521.99,61145.5,61472.89,511.66925
2026-06-10T07:00:00+00:00,61472.89,61813.34,61440.0,61687.56,937.80783
2026-06-10T08:00:00+00:00,61687.56,61736.0,61168.0,61261.55,739.92297
2026-06-10T09:00:00+00:00,61261.56,61421.46,60755.0,61334.94,906.84186
2026-06-10T10:00:00+00:00,61334.95,61456.0,61151.4,61386.09,340.43647
2026-06-10T11:00:00+00:00,61386.09,61430.0,60867.19,61034.04,826.04256
2026-06-10T12:00:00+00:00,61034.04,61950.0,60960.0,61564.01,1340.16125
2026-06-10T13:00:00+00:00,61564.0,62446.0,61444.87,62146.42,1199.64944
2026-06-10T14:00:00+00:00,62146.43,62258.01,61814.79,62195.99,902.47236
2026-06-10T15:00:00+00:00,62195.99,62857.99,61852.0,62639.23,1341.51604
2026-06-10T16:00:00+00:00,62639.23,62646.0,61930.0,62219.33,748.11357
2026-06-10T17:00:00+00:00,62219.33,62360.0,61654.54,61969.99,885.28682
2026-06-10T18:00:00+00:00,61969.99,62162.9,61588.8,61882.0,641.1773
2026-06-10T19:00:00+00:00,61881.99,62062.98,61673.79,61942.44,400.79146
2026-06-10T20:00:00+00:00,61942.45,61949.21,61688.0,61805.51,307.34434
2026-06-10T21:00:00+00:00,61805.5,61805.51,61179.19,61356.18,571.34637
2026-06-10T22:00:00+00:00,61356.18,61574.0,61104.24,61381.46,578.03926
2026-06-10T23:00:00+00:00,61381.46,61604.0,61166.0,61510.99,327.64659
2026-06-11T00:00:00+00:00,61510.99,61974.7,61510.99,61812.0,597.44488
2026-06-11T01:00:00+00:00,61812.0,62378.0,61812.0,62206.01,839.43174
2026-06-11T02:00:00+00:00,62206.01,62304.0,61944.19,62148.0,429.18601
2026-06-11T03:00:00+00:00,62148.01,62848.0,62012.0,62689.48,986.08995
2026-06-11T04:00:00+00:00,62689.47,62854.0,62546.34,62726.86,589.32674
2026-06-11T05:00:00+00:00,62726.85,62726.86,62556.84,62610.0,295.46093
2026-06-11T06:00:00+00:00,62610.0,62997.53,62544.89,62772.0,1198.75098
2026-06-11T07:00:00+00:00,62772.01,62842.92,62612.01,62719.39,399.47563
2026-06-11T08:00:00+00:00,62719.39,63050.0,62719.38,62957.99,546.92925
2026-06-11T09:00:00+00:00,62958.0,62989.97,62790.0,62927.49,401.22464
2026-06-11T10:00:00+00:00,62927.49,63214.97,62789.62,63148.0,666.36315
2026-06-11T11:00:00+00:00,63148.0,63257.21,63040.01,63108.0,563.58106
2026-06-11T12:00:00+00:00,63108.01,63190.0,62500.0,63010.01,1835.01045
2026-06-11T13:00:00+00:00,63010.0,63239.43,62677.84,63077.57,1087.23984
2026-06-11T14:00:00+00:00,63077.71,63100.0,62732.6,62734.02,782.87001
2026-06-11T15:00:00+00:00,62734.02,62887.88,62518.1,62749.44,633.18968
2026-06-11T16:00:00+00:00,62749.44,62842.0,62548.79,62582.45,564.46406
2026-06-11T17:00:00+00:00,62582.45,63655.83,62348.0,63644.19,1821.97042
2026-06-11T18:00:00+00:00,63644.18,63788.0,63324.35,63461.12,793.20489
2026-06-11T19:00:00+00:00,63461.12,63933.02,63390.0,63605.68,946.18552
2026-06-11T20:00:00+00:00,63605.69,63663.4,63270.0,63393.67,556.54606
2026-06-11T21:00:00+00:00,63393.67,63599.99,63393.66,63519.99,269.29173
2026-06-11T22:00:00+00:00,63519.99,63670.0,63462.0,63500.01,226.24918
2026-06-11T23:00:00+00:00,63500.0,63700.0,63362.0,63625.99,351.45962
2026-06-12T00:00:00+00:00,63626.0,63810.01,63520.86,63648.8,1229.6005
2026-06-12T01:00:00+00:00,63648.8,63648.8,63301.53,63426.2,745.50942
2026-06-12T02:00:00+00:00,63426.21,63779.11,63426.2,63624.07,398.45121
2026-06-12T03:00:00+00:00,63624.07,63649.99,63357.7,63524.82,280.54894
2026-06-12T04:00:00+00:00,63524.81,63863.98,63426.48,63700.0,742.01132
2026-06-12T05:00:00+00:00,63700.0,63721.31,63310.0,63358.2,603.70673
2026-06-12T06:00:00+00:00,63358.2,63411.5,62829.81,62980.45,1027.41759
2026-06-12T07:00:00+00:00,62980.46,63211.74,62956.0,63100.8,852.55681
2026-06-12T08:00:00+00:00,63100.8,63615.84,63100.8,63470.81,600.81984
2026-06-12T09:00:00+00:00,63470.81,63953.84,63438.0,63752.93,524.52211
2026-06-12T10:00:00+00:00,63752.93,63852.0,63588.34,63702.01,872.53513
2026-06-12T11:00:00+00:00,63702.01,63884.49,63684.44,63766.01,380.80932
2026-06-12T12:00:00+00:00,63766.01,63775.0,63378.0,63465.51,515.59574
2026-06-12T13:00:00+00:00,63465.52,63532.59,63045.29,63229.1,851.49099
2026-06-12T14:00:00+00:00,63229.1,64000.0,63190.0,63999.99,1065.08825
2026-06-12T15:00:00+00:00,63999.99,64394.44,63551.9,63593.02,1669.96199
2026-06-12T16:00:00+00:00,63593.02,63996.0,63510.16,63982.48,776.01025
2026-06-12T17:00:00+00:00,63982.48,64111.1,63745.99,63865.44,456.29271
2026-06-12T18:00:00+00:00,63865.45,63934.34,63686.0,63694.0,561.84193
2026-06-12T19:00:00+00:00,63694.01,63830.93,63589.27,63589.27,462.65176
2026-06-12T20:00:00+00:00,63589.28,63696.41,63400.0,63449.0,328.72463
2026-06-12T21:00:00+00:00,63449.01,63624.62,63440.01,63472.0,330.50626
2026-06-12T22:00:00+00:00,63471.99,63658.0,63471.99,63502.0,711.15075
2026-06-12T23:00:00+00:00,63502.0,63580.01,63426.83,63580.01,409.24822
2026-06-13T00:00:00+00:00,63580.0,63652.11,63507.39,63600.01,578.94188
2026-06-13T01:00:00+00:00,63600.01,63840.0,63600.01,63837.89,509.63359
2026-06-13T02:00:00+00:00,63837.88,63837.89,63558.0,63646.01,450.79285
2026-06-13T03:00:00+00:00,63646.01,63720.88,63418.66,63532.0,268.55023
2026-06-13T04:00:00+00:00,63532.0,63663.91,63484.0,63512.01,144.15296
2026-06-13T05:00:00+00:00,63512.01,63596.0,63493.16,63584.03,658.62782
2026-06-13T06:00:00+00:00,63584.03,63740.0,63550.51,63735.74,299.54013
2026-06-13T07:00:00+00:00,63736.0,63883.47,63674.98,63846.0,436.97737
2026-06-13T08:00:00+00:00,63845.99,63910.0,63766.18,63806.0,227.43934
2026-06-13T09:00:00+00:00,63806.0,63867.65,63742.57,63743.12,301.95833
2026-06-13T10:00:00+00:00,63743.13,63908.48,63726.57,63843.01,188.76787
2026-06-13T11:00:00+00:00,63843.01,63984.53,63843.01,63971.28,479.05156
2026-06-13T12:00:00+00:00,63971.28,64214.0,63921.33,64133.12,878.04841
2026-06-13T13:00:00+00:00,64133.12,64245.88,64060.0,64102.69,499.73169
2026-06-13T14:00:00+00:00,64102.61,64233.73,64090.09,64220.97,206.46033
2026-06-13T15:00:00+00:00,64220.96,64350.0,64186.97,64296.15,584.92205
2026-06-13T16:00:00+00:00,64296.15,64307.52,63920.05,64029.17,720.7481
2026-06-13T17:00:00+00:00,64029.17,64120.0,63944.0,63971.19,301.75645
2026-06-13T18:00:00+00:00,63971.2,64282.19,63971.19,64161.46,278.72154
2026-06-13T19:00:00+00:00,64161.46,64333.62,64152.0,64296.59,308.7181
2026-06-13T20:00:00+00:00,64296.59,64296.6,64226.83,64278.31,179.3189
2026-06-13T21:00:00+00:00,64278.31,64762.77,64226.38,64471.04,552.39519
2026-06-13T22:00:00+00:00,64471.04,64556.0,64383.61,64456.47,316.2712
2026-06-13T23:00:00+00:00,64456.46,64596.99,64382.42,64458.01,589.21574
2026-06-14T00:00:00+00:00,64458.01,64579.03,64380.7,64565.0,595.05205
2026-06-14T01:00:00+00:00,64565.01,64710.0,64507.25,64563.0,821.19702
2026-06-14T02:00:00+00:00,64563.0,64636.0,64476.01,64490.01,260.23317
2026-06-14T03:00:00+00:00,64490.01,64545.4,64466.0,64545.3,155.67419
2026-06-14T04:00:00+00:00,64545.3,64563.48,64325.61,64339.07,253.74802
2026-06-14T05:00:00+00:00,64339.07,64411.2,64293.41,64338.0,429.46847
2026-06-14T06:00:00+00:00,64338.0,64487.8,64232.12,64286.1,839.75348
2026-06-14T07:00:00+00:00,64286.1,64445.95,64214.0,64429.39,256.82492
2026-06-14T08:00:00+00:00,64429.39,64513.82,64392.0,64456.33,192.66954
2026-06-14T09:00:00+00:00,64456.33,64617.99,64321.18,64616.0,237.3813
2026-06-14T10:00:00+00:00,64616.0,64664.0,64498.01,64521.13,184.13016
2026-06-14T11:00:00+00:00,64521.13,64641.9,64460.0,64546.0,228.11339
2026-06-14T12:00:00+00:00,64546.01,64560.66,64295.06,64327.53,334.09454
2026-06-14T13:00:00+00:00,64327.54,64398.14,64244.0,64317.99,308.61157
2026-06-14T14:00:00+00:00,64318.0,64341.43,63866.66,63983.55,781.47067
2026-06-14T15:00:00+00:00,63983.56,64153.75,63980.35,64025.07,366.74561
2026-06-14T16:00:00+00:00,64025.06,64208.92,63936.0,63942.63,256.58722
2026-06-14T17:00:00+00:00,63942.63,64019.38,63694.11,63732.64,617.57994
2026-06-14T18:00:00+00:00,63732.65,63813.3,63678.83,63813.3,258.88821
2026-06-14T19:00:00+00:00,63813.3,63861.86,63734.71,63802.0,107.594
2026-06-14T20:00:00+00:00,63801.99,64092.4,63794.09,64008.64,243.2036
2026-06-14T21:00:00+00:00,64008.64,65666.0,64007.24,65311.59,2955.01268
2026-06-14T22:00:00+00:00,65311.59,65580.0,64946.12,65426.78,1554.15469
2026-06-14T23:00:00+00:00,65426.78,65800.0,65256.21,65746.45,964.84531
2026-06-15T00:00:00+00:00,65746.45,65923.0,65480.69,65625.99,1043.52596
2026-06-15T01:00:00+00:00,65626.0,65734.87,65354.0,65525.0,855.38843
2026-06-15T02:00:00+00:00,65525.01,65775.15,65415.02,65472.01,587.73145
2026-06-15T03:00:00+00:00,65472.01,65995.0,65422.83,65927.1,767.65798
2026-06-15T04:00:00+00:00,65927.11,65927.11,65633.28,65644.01,564.25779
2026-06-15T05:00:00+00:00,65644.0,65872.0,65611.01,65858.01,477.26671
2026-06-15T06:00:00+00:00,65858.0,65967.27,65775.45,65812.01,365.24859
2026-06-15T07:00:00+00:00,65812.01,66000.0,65628.45,65674.76,574.31747
2026-06-15T08:00:00+00:00,65674.76,65800.0,65620.0,65662.01,363.0048
2026-06-15T09:00:00+00:00,65662.0,65779.5,65512.0,65596.86,344.30264
2026-06-15T10:00:00+00:00,65596.86,65973.15,65584.37,65917.37,544.78922
2026-06-15T11:00:00+00:00,65917.37,66385.12,65832.78,66233.9,1293.72734
2026-06-15T12:00:00+00:00,66233.89,66600.91,66106.0,66563.49,987.26981
2026-06-15T13:00:00+00:00,66563.48,66949.22,66412.0,66447.05,1919.26303
2026-06-15T14:00:00+00:00,66447.06,66675.83,66251.58,66591.55,940.8464
2026-06-15T15:00:00+00:00,66591.54,67292.15,66580.42,67292.14,1466.9579
2026-06-15T16:00:00+00:00,67292.15,67292.15,67088.83,67157.99,1096.95936
2026-06-15T17:00:00+00:00,67158.0,67158.0,66585.26,66851.79,1340.24388
2026-06-15T18:00:00+00:00,66851.8,66933.86,66715.61,66766.12,590.69175
2026-06-15T19:00:00+00:00,66766.13,66889.85,66348.0,66614.35,780.39583
2026-06-15T20:00:00+00:00,66615.98,66681.3,66489.86,66519.98,339.47285
2026-06-15T21:00:00+00:00,66519.99,66567.38,66314.34,66368.15,347.81382
2026-06-15T22:00:00+00:00,66368.15,66476.64,66076.56,66206.34,520.15584
2026-06-15T23:00:00+00:00,66206.34,66368.0,66116.59,66328.74,448.51217
2026-06-16T00:00:00+00:00,66328.74,66463.26,66242.0,66250.0,457.62239
2026-06-16T01:00:00+00:00,66250.0,66418.01,66248.93,66346.52,456.63949
2026-06-16T02:00:00+00:00,66346.51,66367.69,65678.14,65741.99,964.73227
2026-06-16T03:00:00+00:00,65742.0,66166.61,65650.0,66165.21,802.10485
2026-06-16T04:00:00+00:00,66165.21,66301.83,65802.0,65840.09,694.50218
2026-06-16T05:00:00+00:00,65840.1,66150.22,65840.09,66045.0,739.41945
2026-06-16T06:00:00+00:00,66044.99,66572.99,66044.99,66446.0,556.56171
2026-06-16T07:00:00+00:00,66446.01,66527.23,66300.1,66372.0,385.79165
2026-06-16T08:00:00+00:00,66372.0,66992.0,66345.06,66899.61,688.96018
2026-06-16T09:00:00+00:00,66899.61,66923.99,66474.74,66510.0,600.75927
2026-06-16T10:00:00+00:00,66510.01,66778.0,66486.38,66514.0,387.22813
2026-06-16T11:00:00+00:00,66514.01,66643.23,66368.36,66481.73,467.239
2026-06-16T12:00:00+00:00,66481.73,66818.0,66368.0,66429.83,562.31913
2026-06-16T13:00:00+00:00,66429.84,66463.13,65928.16,66052.0,1347.85119
2026-06-16T14:00:00+00:00,66052.01,66265.8,65360.92,65654.9,1491.76291
2026-06-16T15:00:00+00:00,65654.9,65999.78,65614.3,65859.76,788.81576
2026-06-16T16:00:00+00:00,65859.76,65953.97,65706.0,65758.07,338.72091
2026-06-16T17:00:00+00:00,65758.07,66011.47,65710.34,65978.79,383.38742
2026-06-16T18:00:00+00:00,65978.78,66248.69,65802.0,65847.99,522.72648
2026-06-16T19:00:00+00:00,65848.0,65848.0,65560.0,65675.88,617.37667
2026-06-16T20:00:00+00:00,65675.89,65865.92,65592.0,65854.0,261.11445
2026-06-16T21:00:00+00:00,65854.0,65938.0,65654.9,65776.97,351.42219
2026-06-16T22:00:00+00:00,65776.97,65882.0,65680.0,65780.0,228.62751
2026-06-16T23:00:00+00:00,65780.01,65834.19,65626.9,65675.01,206.37282
2026-06-17T00:00:00+00:00,65675.02,65848.0,65675.02,65700.0,332.30374
2026-06-17T01:00:00+00:00,65700.0,65956.56,65477.5,65940.0,549.42502
2026-06-17T02:00:00+00:00,65940.0,66200.0,65788.0,65904.0,974.93815
2026-06-17T03:00:00+00:00,65903.99,65904.0,65703.45,65851.99,563.57309
2026-06-17T04:00:00+00:00,65852.0,66048.19,65788.31,65892.0,473.33682
2026-06-17T05:00:00+00:00,65892.01,65978.0,65746.51,65836.3,536.04504
2026-06-17T06:00:00+00:00,65836.3,65896.45,65582.63,65624.0,378.80773
2026-06-17T07:00:00+00:00,65624.01,65710.0,65251.0,65539.5,697.28548
2026-06-17T08:00:00+00:00,65539.51,65574.0,64833.07,64926.02,992.25057
2026-06-17T09:00:00+00:00,64926.02,65076.76,64842.01,64909.44,859.97592
2026-06-17T10:00:00+00:00,64909.44,64993.97,64768.0,64798.0,597.7384
2026-06-17T11:00:00+00:00,64798.0,64868.21,64565.0,64810.01,641.24645
2026-06-17T12:00:00+00:00,64810.01,65108.0,64590.53,65040.88,557.73466
2026-06-17T13:00:00+00:00,65040.88,65369.53,64850.0,65278.0,961.56723
2026-06-17T14:00:00+00:00,65278.0,65461.38,64772.72,65101.45,799.61288
2026-06-17T15:00:00+00:00,65101.45,65855.66,64987.74,65752.0,1172.17515
2026-06-17T16:00:00+00:00,65751.99,66445.93,65722.0,65864.12,1421.90632
2026-06-17T17:00:00+00:00,65864.13,66191.98,65800.0,66104.08,377.59846
2026-06-17T18:00:00+00:00,66107.99,66107.99,64800.0,65516.0,2242.57142
2026-06-17T19:00:00+00:00,65516.0,65666.0,63998.35,64301.85,2173.5643
2026-06-17T20:00:00+00:00,64301.85,64488.96,64181.33,64434.36,504.85432
2026-06-17T21:00:00+00:00,64434.36,64452.0,64142.0,64257.77,458.08471
2026-06-17T22:00:00+00:00,64257.77,64434.84,63915.77,64300.01,492.23769
2026-06-17T23:00:00+00:00,64300.01,64529.2,64248.0,64509.4,289.82054
2026-06-18T00:00:00+00:00,64509.4,64702.0,64457.67,64468.01,396.7915
2026-06-18T01:00:00+00:00,64468.01,64806.0,64466.3,64548.74,382.95414
2026-06-18T02:00:00+00:00,64548.75,64776.66,64488.0,64689.5,323.93999
2026-06-18T03:00:00+00:00,64689.5,64689.5,64267.86,64282.82,548.57792
2026-06-18T04:00:00+00:00,64282.82,64347.09,63826.93,63883.41,831.20199
2026-06-18T05:00:00+00:00,63883.26,64020.0,63696.29,63994.0,597.91477
2026-06-18T06:00:00+00:00,63994.0,64134.33,63850.0,64083.41,767.55142
2026-06-18T07:00:00+00:00,64084.0,64510.5,64015.42,64510.44,524.85633
2026-06-18T08:00:00+00:00,64510.45,64646.75,64378.25,64399.92,714.20438
2026-06-18T09:00:00+00:00,64399.93,64478.0,64196.14,64199.53,300.31875
2026-06-18T10:00:00+00:00,64199.53,64223.79,63910.0,64078.61,445.57306
2026-06-18T11:00:00+00:00,64078.61,64196.0,63878.14,63974.4,378.00473
2026-06-18T12:00:00+00:00,63974.4,64402.01,63922.0,64378.07,417.60478
2026-06-18T13:00:00+00:00,64378.06,64445.19,63800.0,63984.0,984.80789
2026-06-18T14:00:00+00:00,63983.99,64203.66,63587.3,63816.61,998.41474
2026-06-18T15:00:00+00:00,63816.61,63825.99,62293.76,62369.44,2793.66043
2026-06-18T16:00:00+00:00,62369.43,62814.0,62349.42,62688.0,1271.71361
2026-06-18T17:00:00+00:00,62688.0,62750.0,62272.07,62606.0,1003.68212
2026-06-18T18:00:00+00:00,62606.0,62959.75,62580.01,62708.92,727.06223
2026-06-18T19:00:00+00:00,62708.93,63008.33,62636.0,62950.79,577.63764
2026-06-18T20:00:00+00:00,62950.79,63274.19,62950.79,63086.0,684.93429
2026-06-18T21:00:00+00:00,63086.0,63121.81,62870.39,62971.32,466.34172
2026-06-18T22:00:00+00:00,62971.32,62990.0,62742.0,62885.85,290.36064
2026-06-18T23:00:00+00:00,62885.84,62985.12,62756.6,62958.01,507.48754
2026-06-19T00:00:00+00:00,62958.01,63086.0,62840.0,63020.0,786.22825
2026-06-19T01:00:00+00:00,63020.0,63100.0,62852.01,63021.86,542.43308
2026-06-19T02:00:00+00:00,63021.86,63110.29,62893.71,63006.0,304.818
2026-06-19T03:00:00+00:00,63006.01,63029.64,62386.9,62773.51,835.4402
2026-06-19T04:00:00+00:00,62773.52,62916.66,62409.55,62452.01,390.96231
2026-06-19T05:00:00+00:00,62452.01,62744.92,62452.0,62739.2,361.83315
2026-06-19T06:00:00+00:00,62739.2,62914.73,62728.0,62894.08,252.94439
2026-06-19T07:00:00+00:00,62894.09,62917.32,62504.27,62629.99,636.21109
2026-06-19T08:00:00+00:00,62630.0,62782.0,62533.33,62603.99,431.84041
2026-06-19T09:00:00+00:00,62604.0,62654.0,62316.44,62390.0,921.6732
2026-06-19T10:00:00+00:00,62390.01,62587.27,62383.76,62533.25,761.99981
2026-06-19T11:00:00+00:00,62533.24,62684.0,62452.52,62626.0,1001.15104
2026-06-19T12:00:00+00:00,62626.0,62872.99,62353.0,62830.01,630.52118
2026-06-19T13:00:00+00:00,62830.01,63415.0,62666.0,63210.0,1078.35943
2026-06-19T14:00:00+00:00,63210.0,63419.27,63010.0,63203.53,665.42698
2026-06-19T15:00:00+00:00,63203.54,63283.86,63019.26,63214.01,527.206
2026-06-19T16:00:00+00:00,63214.01,63387.8,62918.98,62971.99,1021.4111
2026-06-19T17:00:00+00:00,62972.0,63263.49,62866.99,63198.01,840.75861
2026-06-19T18:00:00+00:00,63198.0,63201.95,62991.37,63110.01,341.96414
2026-06-19T19:00:00+00:00,63110.01,63140.0,62942.0,63021.6,283.46164
2026-06-19T20:00:00+00:00,63021.6,63274.0,62958.59,63250.01,217.92541
2026-06-19T21:00:00+00:00,63250.01,63275.64,63060.0,63075.98,181.69443
2026-06-19T22:00:00+00:00,63075.99,63369.48,63048.0,63315.28,541.93138
2026-06-19T23:00:00+00:00,63315.29,63666.0,63276.0,63543.91,689.22877
2026-06-20T00:00:00+00:00,63543.9,63777.0,63470.0,63530.01,640.14667
2026-06-20T01:00:00+00:00,63530.01,63616.23,63404.0,63586.28,348.64849
2026-06-20T02:00:00+00:00,63586.27,63586.27,63336.01,63340.57,358.87789
2026-06-20T03:00:00+00:00,63340.58,63510.0,63320.14,63476.79,268.88477
2026-06-20T04:00:00+00:00,63476.79,63613.59,63402.0,63583.53,228.62975
2026-06-20T05:00:00+00:00,63583.53,63907.07,63543.46,63678.07,477.24749
2026-06-20T06:00:00+00:00,63678.07,63761.99,63640.36,63744.61,191.88822
2026-06-20T07:00:00+00:00,63744.61,63800.0,63594.37,63655.21,448.4829
2026-06-20T08:00:00+00:00,63655.21,63664.39,63392.41,63417.97,547.04803
2026-06-20T09:00:00+00:00,63417.98,63787.74,63417.98,63741.16,349.02093
2026-06-20T10:00:00+00:00,63741.16,63777.5,63592.44,63674.7,270.1692
2026-06-20T11:00:00+00:00,63674.71,63798.76,63620.74,63688.0,315.13807
2026-06-20T12:00:00+00:00,63688.0,63785.76,63537.99,63655.09,292.10361
2026-06-20T13:00:00+00:00,63655.1,63655.1,63278.0,63397.78,412.69589
2026-06-20T14:00:00+00:00,63397.77,64150.0,63184.21,63949.9,1101.98952
2026-06-20T15:00:00+00:00,63949.9,64388.0,63836.0,64160.04,916.57166
2026-06-20T16:00:00+00:00,64160.04,64167.26,63902.58,64034.31,403.42996
2026-06-20T17:00:00+00:00,64034.31,64041.07,63730.21,63834.7,482.18112
2026-06-20T18:00:00+00:00,63834.7,63928.4,63788.0,63805.89,119.99479
2026-06-20T19:00:00+00:00,63805.9,63968.0,63798.0,63936.0,173.41555
2026-06-20T20:00:00+00:00,63935.99,63981.09,63853.31,63925.99,210.00109
2026-06-20T21:00:00+00:00,63926.0,64092.91,63918.29,64012.4,272.00511
2026-06-20T22:00:00+00:00,64012.39,64350.0,63978.12,64272.01,446.43904
2026-06-20T23:00:00+00:00,64272.0,64336.91,64250.02,64298.01,247.09349
2026-06-21T00:00:00+00:00,64298.01,64322.91,64237.31,64294.0,425.19081
2026-06-21T01:00:00+00:00,64294.0,64323.68,64206.17,64248.0,486.06931
2026-06-21T02:00:00+00:00,64248.0,64275.12,64216.05,64241.25,230.0633
2026-06-21T03:00:00+00:00,64241.26,64472.99,64234.0,64426.0,409.22163
2026-06-21T04:00:00+00:00,64426.0,64588.0,64269.45,64276.12,379.39058
2026-06-21T05:00:00+00:00,64276.12,64365.43,64225.6,64256.55,166.55047
2026-06-21T06:00:00+00:00,64256.56,64323.99,64200.0,64303.46,142.55901
2026-06-21T07:00:00+00:00,64303.47,64303.47,64173.08,64191.07,302.97907
2026-06-21T08:00:00+00:00,64191.06,64228.0,63900.17,64014.0,328.07237
2026-06-21T09:00:00+00:00,64014.0,64246.0,63961.28,64209.16,221.03822
2026-06-21T10:00:00+00:00,64209.16,64408.0,64204.0,64365.99,286.23088
2026-06-21T11:00:00+00:00,64366.0,64483.95,64112.01,64176.0,438.27788
2026-06-21T12:00:00+00:00,64176.0,64235.13,63952.0,64200.0,359.32606
2026-06-21T13:00:00+00:00,64200.0,64200.0,64020.01,64146.0,161.65202
2026-06-21T14:00:00+00:00,64146.0,64154.0,64004.0,64145.97,189.32902
2026-06-21T15:00:00+00:00,64145.97,64355.88,64120.0,64224.0,390.79222
2026-06-21T16:00:00+00:00,64224.0,64254.38,64046.0,64145.31,236.79134
2026-06-21T17:00:00+00:00,64145.32,64221.44,64080.0,64151.46,205.04149
2026-06-21T18:00:00+00:00,64151.47,64240.0,63933.47,64213.81,270.92869
2026-06-21T19:00:00+00:00,64213.82,64298.84,64168.73,64207.12,189.28721
2026-06-21T20:00:00+00:00,64207.13,64271.21,63700.0,63848.0,420.72845
2026-06-21T21:00:00+00:00,63848.0,63969.59,63510.0,63808.01,752.88497
2026-06-21T22:00:00+00:00,63808.0,63864.0,63575.04,63801.59,437.50041
2026-06-21T23:00:00+00:00,63801.6,63801.6,63270.0,63311.99,604.75792
2026-06-22T00:00:00+00:00,63312.0,64094.0,63312.0,63896.01,709.82748
2026-06-22T01:00:00+00:00,63896.0,64823.52,63850.8,64606.0,1331.90666
2026-06-22T02:00:00+00:00,64606.0,64663.99,64250.0,64257.99,370.38632
2026-06-22T03:00:00+00:00,64258.0,64459.44,63894.98,63974.01,796.48727
2026-06-22T04:00:00+00:00,63974.01,64116.44,63868.41,64100.02,327.45142
2026-06-22T05:00:00+00:00,64100.01,64344.17,64088.64,64247.74,1091.63692
2026-06-22T06:00:00+00:00,64247.74,64326.0,63946.0,63989.95,416.9007
2026-06-22T07:00:00+00:00,63989.96,64397.57,63968.23,64211.19,352.4108
2026-06-22T08:00:00+00:00,64211.2,64350.58,64044.0,64165.99,368.11506
2026-06-22T09:00:00+00:00,64166.0,64256.2,64052.17,64145.39,200.06309
2026-06-22T10:00:00+00:00,64145.4,64272.0,64065.18,64139.21,240.0862
2026-06-22T11:00:00+00:00,64139.21,64768.46,64097.08,64657.22,1063.60877
2026-06-22T12:00:00+00:00,64657.22,65222.45,64579.08,65149.57,1156.05989
2026-06-22T13:00:00+00:00,65149.58,65589.76,64945.53,65578.0,1368.64481
2026-06-22T14:00:00+00:00,65577.99,65622.83,64835.0,64980.39,1096.28772
2026-06-22T15:00:00+00:00,64980.39,65146.0,64757.11,64836.95,593.12998
2026-06-22T16:00:00+00:00,64836.95,64862.0,64519.0,64719.77,680.43904
2026-06-22T17:00:00+00:00,64719.77,64769.98,64388.16,64602.0,523.74444
2026-06-22T18:00:00+00:00,64602.0,64730.15,64311.0,64334.01,548.78709
2026-06-22T19:00:00+00:00,64334.01,64499.28,64276.0,64472.0,579.92511
2026-06-22T20:00:00+00:00,64472.51,64659.43,64356.95,64433.8,399.51938
2026-06-22T21:00:00+00:00,64433.8,64480.0,64134.39,64320.57,263.4342
2026-06-22T22:00:00+00:00,64320.57,64396.45,63804.59,63971.12,510.07647
2026-06-22T23:00:00+00:00,63971.13,64053.33,63877.61,64020.01,434.17969
2026-06-23T00:00:00+00:00,64020.01,64162.02,63828.93,64154.99,679.20038
2026-06-23T01:00:00+00:00,64154.99,64273.09,63893.33,64156.0,540.18098
2026-06-23T02:00:00+00:00,64156.0,64275.38,64042.01,64204.01,319.7542
2026-06-23T03:00:00+00:00,64204.01,64204.01,63968.42,64065.35,236.76285
2026-06-23T04:00:00+00:00,64065.34,64095.55,63612.62,63623.02,408.1299
2026-06-23T05:00:00+00:00,63623.03,63728.0,63342.34,63400.0,850.99416
2026-06-23T06:00:00+00:00,63400.0,63400.0,62568.9,62936.01,1620.65692
2026-06-23T07:00:00+00:00,62936.01,63095.0,62872.0,62886.03,1074.96381
2026-06-23T08:00:00+00:00,62886.04,62945.08,61938.0,62385.99,4988.90507
2026-06-23T09:00:00+00:00,62386.0,62528.13,62350.44,62386.0,613.23414
2026-06-23T10:00:00+00:00,62386.0,62586.0,62247.2,62328.01,387.47153
2026-06-23T11:00:00+00:00,62328.01,62643.99,62328.0,62507.06,456.80185
2026-06-23T12:00:00+00:00,62507.05,62558.0,62189.42,62256.6,873.94501
2026-06-23T13:00:00+00:00,62256.61,62538.72,61960.0,62475.99,1294.09387
2026-06-23T14:00:00+00:00,62476.0,62855.98,62406.25,62493.63,1302.27666
2026-06-23T15:00:00+00:00,62493.63,62507.99,62198.0,62487.79,630.16435
2026-06-23T16:00:00+00:00,62487.79,62846.0,62428.01,62558.0,728.22737
2026-06-23T17:00:00+00:00,62558.0,62693.48,62327.95,62358.02,533.28034
2026-06-23T18:00:00+00:00,62358.03,62445.21,62104.7,62241.99,492.79838
2026-06-23T19:00:00+00:00,62242.0,62480.0,62230.0,62388.49,707.45732
2026-06-23T20:00:00+00:00,62388.49,62531.27,62380.25,62470.7,373.02429
2026-06-23T21:00:00+00:00,62470.7,62658.93,62470.7,62599.77,367.76027
2026-06-23T22:00:00+00:00,62599.77,62779.82,62526.0,62590.0,430.92568
2026-06-23T23:00:00+00:00,62590.0,62799.99,62480.39,62734.57,311.98359
2026-06-24T00:00:00+00:00,62734.57,63024.4,62733.29,63014.0,799.18478
2026-06-24T01:00:00+00:00,63014.0,63119.45,62772.15,62932.19,599.06927
2026-06-24T02:00:00+00:00,62932.19,63013.12,62606.09,62630.0,593.50541
2026-06-24T03:00:00+00:00,62630.01,62830.0,62461.87,62729.78,770.64134
2026-06-24T04:00:00+00:00,62729.78,62799.62,62525.49,62744.42,650.06924
2026-06-24T05:00:00+00:00,62744.41,63073.44,62706.0,62890.0,366.0273
2026-06-24T06:00:00+00:00,62889.99,62909.98,62728.73,62780.0,219.5109
2026-06-24T07:00:00+00:00,62780.01,62844.0,62610.11,62657.99,589.75592
2026-06-24T08:00:00+00:00,62658.0,62807.46,62605.28,62800.0,475.30761
2026-06-24T09:00:00+00:00,62800.0,62800.01,62637.08,62681.7,493.71643
2026-06-24T10:00:00+00:00,62681.7,62681.7,62412.05,62445.99,530.71886
2026-06-24T11:00:00+00:00,62445.99,63239.06,62318.88,62921.19,815.18681
2026-06-24T12:00:00+00:00,62921.19,62973.2,62585.2,62618.31,517.25346
2026-06-24T13:00:00+00:00,62618.31,62628.75,61255.74,61338.01,2775.24015
2026-06-24T14:00:00+00:00,61338.0,61456.0,60888.0,61113.1,2839.40106
2026-06-24T15:00:00+00:00,61113.1,61150.13,60249.82,60250.0,3237.99155
2026-06-24T16:00:00+00:00,60250.0,60678.1,59622.0,59850.0,4274.39737
2026-06-24T17:00:00+00:00,59850.0,60057.18,59102.7,59404.0,3790.1806
2026-06-24T18:00:00+00:00,59404.0,59930.0,59310.85,59599.99,1583.51728
2026-06-24T19:00:00+00:00,59600.0,60000.0,59530.0,59958.3,1195.52715
2026-06-24T20:00:00+00:00,59958.3,61208.48,59854.0,60956.0,1821.39287
2026-06-24T21:00:00+00:00,60956.0,61144.63,60665.75,61110.0,801.00882
2026-06-24T22:00:00+00:00,61109.99,61276.0,60802.66,60873.99,523.65642
2026-06-24T23:00:00+00:00,60874.0,61112.0,60830.01,61077.99,416.02483
2026-06-25T00:00:00+00:00,61078.0,61163.16,60726.77,60832.0,766.62145
2026-06-25T01:00:00+00:00,60832.0,60988.0,60720.23,60928.0,615.84376
2026-06-25T02:00:00+00:00,60928.0,60966.0,60700.01,60799.08,580.03112
2026-06-25T03:00:00+00:00,60799.08,60910.63,60684.94,60883.65,479.47033
2026-06-25T04:00:00+00:00,60883.66,61410.0,60792.0,61357.63,536.03927
2026-06-25T05:00:00+00:00,61357.63,61807.04,61280.0,61600.01,1223.4059
2026-06-25T06:00:00+00:00,61600.02,61869.02,61600.01,61732.06,539.2877
2026-06-25T07:00:00+00:00,61732.06,61962.4,61670.0,61911.04,937.71339
2026-06-25T08:00:00+00:00,61911.03,61920.0,61684.87,61712.35,337.43778
2026-06-25T09:00:00+00:00,61712.36,61792.0,61614.32,61739.29,327.48572
2026-06-25T10:00:00+00:00,61739.29,61751.07,61257.79,61269.94,686.26895
2026-06-25T11:00:00+00:00,61269.95,61422.52,61066.0,61282.01,605.95603
2026-06-25T12:00:00+00:00,61282.0,61761.35,61080.0,61244.01,1124.99959
2026-06-25T13:00:00+00:00,61244.01,61369.18,58115.01,58290.17,6396.00513
2026-06-25T14:00:00+00:00,58291.7,60485.51,58291.7,59471.5,6002.27451
2026-06-25T15:00:00+00:00,59471.49,59655.86,58874.85,59557.99,2456.01373
2026-06-25T16:00:00+00:00,59557.99,60067.0,59157.63,59312.64,1765.10919
2026-06-25T17:00:00+00:00,59312.64,59740.9,59139.96,59676.01,1062.87634
2026-06-25T18:00:00+00:00,59676.0,59793.34,59364.0,59512.71,978.75101
2026-06-25T19:00:00+00:00,59512.71,59516.0,59168.82,59320.0,917.28893
2026-06-25T20:00:00+00:00,59319.99,59741.95,59319.99,59456.62,539.40098
2026-06-25T21:00:00+00:00,59456.62,60273.81,59452.01,60211.87,617.22274
2026-06-25T22:00:00+00:00,60211.86,60211.86,59740.0,59851.27,431.60976
2026-06-25T23:00:00+00:00,59851.27,60191.55,59739.99,59794.0,458.89363
2026-06-26T00:00:00+00:00,59794.64,59906.71,59642.77,59667.09,875.61527
2026-06-26T01:00:00+00:00,59667.09,59789.07,59228.0,59431.5,833.71293
2026-06-26T02:00:00+00:00,59431.49,59456.0,58358.77,58561.99,2633.6835
2026-06-26T03:00:00+00:00,58562.0,60131.37,58337.0,60036.01,1886.07235
2026-06-26T04:00:00+00:00,60036.0,60238.77,59836.17,59920.47,843.9784
2026-06-26T05:00:00+00:00,59920.47,60047.68,59736.0,59953.3,883.13649
2026-06-26T06:00:00+00:00,59953.3,60459.55,59702.0,60324.0,1504.97927
2026-06-26T07:00:00+00:00,60324.0,60759.99,60283.08,60532.0,2153.07079
2026-06-26T08:00:00+00:00,60532.0,60580.0,60150.56,60245.67,803.85464
2026-06-26T09:00:00+00:00,60245.9,60259.37,59583.33,59736.01,832.22202
2026-06-26T10:00:00+00:00,59736.01,59858.93,59239.78,59313.26,1050.97441
2026-06-26T11:00:00+00:00,59313.26,59588.0,59259.78,59413.24,1048.3329
2026-06-26T12:00:00+00:00,59413.24,60007.91,58969.9,59185.02,1710.35381
2026-06-26T13:00:00+00:00,59185.02,60216.14,58500.1,60175.43,2730.33879
2026-06-26T14:00:00+00:00,60175.42,60294.0,59390.0,59590.73,1745.27867
2026-06-26T15:00:00+00:00,59590.73,60500.0,59584.01,60328.32,1582.87088
2026-06-26T16:00:00+00:00,60328.18,60583.0,59970.0,60041.75,1128.46917
2026-06-26T17:00:00+00:00,60041.76,60287.9,59952.0,60023.97,546.63522
2026-06-26T18:00:00+00:00,60023.96,60158.0,59556.0,59668.01,504.21141
2026-06-26T19:00:00+00:00,59668.01,60098.0,59617.37,59751.97,708.47753
2026-06-26T20:00:00+00:00,59751.96,59994.0,59571.31,59718.0,454.05927
2026-06-26T21:00:00+00:00,59717.99,60050.0,59678.0,59918.7,287.90036
2026-06-26T22:00:00+00:00,59918.7,60080.0,59754.0,60048.0,335.92054
2026-06-26T23:00:00+00:00,60048.0,60117.64,59923.27,60097.27,319.40861
2026-06-27T00:00:00+00:00,60097.27,60197.0,59876.22,60059.07,360.77885
2026-06-27T01:00:00+00:00,60059.09,60068.0,59936.07,59945.53,245.35114
2026-06-27T02:00:00+00:00,59945.53,60378.23,59921.68,60290.01,695.38686
2026-06-27T03:00:00+00:00,60290.01,60412.0,60159.91,60305.73,438.61125
2026-06-27T04:00:00+00:00,60305.73,60482.0,60217.26,60239.99,303.30454
2026-06-27T05:00:00+00:00,60240.0,60311.0,60136.0,60236.76,444.9193
2026-06-27T06:00:00+00:00,60236.75,60500.0,60093.33,60370.62,581.81791
2026-06-27T07:00:00+00:00,60370.63,60574.0,60300.0,60548.07,825.68653
2026-06-27T08:00:00+00:00,60548.06,60548.74,60371.62,60456.0,470.55782
2026-06-27T09:00:00+00:00,60456.0,60511.99,60289.55,60414.62,307.96541
2026-06-27T10:00:00+00:00,60414.62,60487.31,60380.0,60420.28,137.8511
2026-06-27T11:00:00+00:00,60420.28,60447.8,60198.94,60363.65,275.39332
2026-06-27T12:00:00+00:00,60363.65,60430.01,60257.03,60430.0,349.0457
2026-06-27T13:00:00+00:00,60430.0,60665.74,60394.0,60588.35,434.13389
2026-06-27T14:00:00+00:00,60588.35,60728.0,60510.0,60611.5,306.64293
2026-06-27T15:00:00+00:00,60611.49,60941.17,60570.0,60840.06,606.25294
2026-06-27T16:00:00+00:00,60840.06,60855.03,60673.64,60807.99,239.6938
2026-06-27T17:00:00+00:00,60808.0,60818.76,60413.15,60524.88,548.67896
2026-06-27T18:00:00+00:00,60524.89,60576.03,60446.25,60570.86,229.00634
2026-06-27T19:00:00+00:00,60570.86,60605.41,60085.88,60175.95,414.61342
2026-06-27T20:00:00+00:00,60175.95,60306.0,60173.07,60300.0,220.12001
2026-06-27T21:00:00+00:00,60300.0,60482.18,60142.0,60203.82,280.50282
2026-06-27T22:00:00+00:00,60203.83,60256.56,59855.16,60228.95,377.17485
2026-06-27T23:00:00+00:00,60228.96,60320.0,59952.0,60029.0,493.73947
2026-06-28T00:00:00+00:00,60029.01,60190.0,60018.0,60146.0,462.24707
2026-06-28T01:00:00+00:00,60146.0,60273.38,59986.0,60222.22,267.56528
2026-06-28T02:00:00+00:00,60222.21,60339.99,60054.0,60150.45,403.64282
2026-06-28T03:00:00+00:00,60150.46,60275.0,60150.45,60197.04,255.71231
2026-06-28T04:00:00+00:00,60197.03,60231.83,60088.04,60133.0,191.50597
2026-06-28T05:00:00+00:00,60133.01,60140.0,59753.48,59989.17,345.08439
2026-06-28T06:00:00+00:00,59989.18,60030.0,59808.0,60002.82,217.95005
2026-06-28T07:00:00+00:00,60002.82,60259.68,60000.0,60219.99,361.83587
2026-06-28T08:00:00+00:00,60220.0,60545.01,60140.14,60370.0,491.6084
2026-06-28T09:00:00+00:00,60370.01,60462.0,60250.81,60258.84,222.4062
2026-06-28T10:00:00+00:00,60258.85,60292.48,60068.0,60166.71,181.18756
2026-06-28T11:00:00+00:00,60166.71,60374.05,60100.0,60342.0,225.05378
2026-06-28T12:00:00+00:00,60341.99,60457.02,60190.0,60293.51,212.9354
2026-06-28T13:00:00+00:00,60293.5,60293.51,59963.86,60071.88,369.88204
2026-06-28T14:00:00+00:00,60071.89,60250.0,60018.0,60033.0,318.13606
2026-06-28T15:00:00+00:00,60033.01,60130.0,59817.28,59890.0,467.03244
2026-06-28T16:00:00+00:00,59890.35,59943.9,59582.34,59690.62,567.70369
2026-06-28T17:00:00+00:00,59690.62,59848.0,59403.77,59586.01,519.06441
2026-06-28T18:00:00+00:00,59586.0,59700.0,59502.0,59614.46,272.01169
2026-06-28T19:00:00+00:00,59614.46,59682.0,59270.26,59481.79,301.99561
2026-06-28T20:00:00+00:00,59481.78,59765.9,59474.28,59660.0,227.14803
2026-06-28T21:00:00+00:00,59660.0,59796.66,59333.33,59445.95,531.65984
2026-06-28T22:00:00+00:00,59445.96,59906.0,58905.0,59067.01,983.67622
2026-06-28T23:00:00+00:00,59067.0,59848.0,59011.99,59577.01,510.09283
2026-06-29T00:00:00+00:00,59577.01,59700.0,59000.01,59667.01,549.31747
2026-06-29T01:00:00+00:00,59667.0,59697.0,59206.0,59440.95,647.05387
2026-06-29T02:00:00+00:00,59440.95,59812.0,58900.01,59757.46,1223.86338
2026-06-29T03:00:00+00:00,59757.47,60233.0,59757.47,60049.46,780.88525
2026-06-29T04:00:00+00:00,60049.45,60053.99,59746.0,59830.0,361.46912
2026-06-29T05:00:00+00:00,59830.01,60102.8,59392.02,60102.8,496.75535
2026-06-29T06:00:00+00:00,60102.8,60346.27,60050.67,60075.49,683.16036
2026-06-29T07:00:00+00:00,60075.5,60186.94,59936.0,60026.0,536.94262
2026-06-29T08:00:00+00:00,60026.01,60093.99,59745.46,59840.0,550.67382
2026-06-29T09:00:00+00:00,59840.01,60104.0,59778.76,60057.0,747.08903
2026-06-29T10:00:00+00:00,60057.0,60311.95,60056.99,60088.0,441.90219
2026-06-29T11:00:00+00:00,60088.0,60216.0,59796.0,59956.05,515.67042
2026-06-29T12:00:00+00:00,59956.05,60780.57,59595.09,59948.78,2600.10754
2026-06-29T13:00:00+00:00,59948.79,60340.0,59319.9,59580.0,2144.2543
2026-06-29T14:00:00+00:00,59580.0,59699.99,59011.0,59469.67,1999.07246
2026-06-29T15:00:00+00:00,59469.45,59960.0,59097.58,59824.01,1368.0568
2026-06-29T16:00:00+00:00,59824.01,60030.0,59584.48,59892.86,663.03532
2026-06-29T17:00:00+00:00,59892.87,60683.84,59892.0,60413.99,1795.75633
2026-06-29T18:00:00+00:00,60413.99,60520.0,60193.87,60295.0,525.48841
2026-06-29T19:00:00+00:00,60295.0,60557.5,60153.35,60433.49,501.01522
2026-06-29T20:00:00+00:00,60433.5,60553.06,60295.32,60296.0,312.86249
2026-06-29T21:00:00+00:00,60296.01,60585.99,60261.89,60479.72,294.76243
2026-06-29T22:00:00+00:00,60479.71,60516.0,60350.0,60352.31,211.76202
2026-06-29T23:00:00+00:00,60352.31,60379.23,60194.01,60260.21,252.18558
2026-06-30T00:00:00+00:00,60260.2,60276.54,59700.0,59838.01,709.83194
2026-06-30T01:00:00+00:00,59838.01,60048.98,59771.0,59939.94,341.19535
2026-06-30T02:00:00+00:00,59939.94,60042.54,59755.0,59948.24,424.27619
2026-06-30T03:00:00+00:00,59948.24,60031.75,59600.0,59627.48,381.85931
2026-06-30T04:00:00+00:00,59627.47,59700.0,59433.36,59492.01,774.8482
2026-06-30T05:00:00+00:00,59492.01,59656.89,59360.0,59652.13,807.92024
2026-06-30T06:00:00+00:00,59652.13,59712.88,59513.72,59592.0,708.76994
2026-06-30T07:00:00+00:00,59592.0,59632.0,59444.0,59524.01,762.40668
2026-06-30T08:00:00+00:00,59524.01,59551.03,59189.0,59311.92,879.64073
2026-06-30T09:00:00+00:00,59311.26,59420.0,59252.0,59374.96,442.65865
2026-06-30T10:00:00+00:00,59374.96,59420.0,59286.36,59334.01,300.40182
2026-06-30T11:00:00+00:00,59334.01,59413.27,59123.01,59192.7,466.77156
2026-06-30T12:00:00+00:00,59192.71,59192.71,58403.51,58412.0,2043.39825
2026-06-30T13:00:00+00:00,58411.99,58802.66,58228.33,58737.18,2504.50868
2026-06-30T14:00:00+00:00,58737.17,59276.6,58433.0,58482.81,1779.99006
2026-06-30T15:00:00+00:00,58482.81,58796.0,58201.0,58381.99,1563.15031
2026-06-30T16:00:00+00:00,58382.0,58632.0,58241.79,58497.65,1178.89718
2026-06-30T17:00:00+00:00,58497.65,58618.65,58310.72,58417.99,632.53618
2026-06-30T18:00:00+00:00,58417.99,58699.98,58351.56,58680.87,605.07781
2026-06-30T19:00:00+00:00,58680.86,58839.16,58586.01,58818.05,678.6415
2026-06-30T20:00:00+00:00,58818.0,58874.99,58648.26,58732.01,428.82351
2026-06-30T21:00:00+00:00,58732.0,58770.0,58509.99,58639.99,398.14222
2026-06-30T22:00:00+00:00,58639.99,58806.91,58513.8,58607.99,274.43078
2026-06-30T23:00:00+00:00,58607.99,58664.0,58555.0,58624.71,551.65078
2026-07-01T00:00:00+00:00,58624.71,58750.68,58310.0,58576.0,670.64661
2026-07-01T01:00:00+00:00,58575.99,59022.81,57800.19,58770.57,2987.12539
2026-07-01T02:00:00+00:00,58770.58,59171.63,58663.95,59085.0,692.74758
2026-07-01T03:00:00+00:00,59085.0,59318.0,58850.0,59197.13,715.44075
2026-07-01T04:00:00+00:00,59197.12,59457.0,59062.0,59339.99,480.11636
2026-07-01T05:00:00+00:00,59339.99,59376.48,59126.42,59154.33,432.30487
2026-07-01T06:00:00+00:00,59154.33,59156.0,58534.31,58755.8,794.13401
2026-07-01T07:00:00+00:00,58755.8,58823.9,58600.0,58768.65,479.85852
2026-07-01T08:00:00+00:00,58768.64,58984.0,58500.0,58973.99,381.93254
2026-07-01T09:00:00+00:00,58973.99,59091.99,58825.61,58944.55,417.79405
2026-07-01T10:00:00+00:00,58944.55,58948.47,58624.0,58659.98,405.70309
2026-07-01T11:00:00+00:00,58659.97,58755.9,58550.0,58622.03,396.69177
2026-07-01T12:00:00+00:00,58622.02,58676.0,58326.0,58538.01,1716.61119
2026-07-01T13:00:00+00:00,58538.0,59508.0,58536.0,59498.03,2321.79547
2026-07-01T14:00:00+00:00,59498.03,60092.0,59278.0,59542.0,3726.2091
2026-07-01T15:00:00+00:00,59541.99,60536.55,59520.51,60147.15,2322.06211
2026-07-01T16:00:00+00:00,60147.15,60267.17,59865.75,59920.0,862.80045
2026-07-01T17:00:00+00:00,59920.0,60239.84,59787.35,60190.6,480.08928
2026-07-01T18:00:00+00:00,60190.59,60298.0,60016.4,60171.16,343.31457
2026-07-01T19:00:00+00:00,60171.16,60352.93,60000.0,60028.67,548.14825
2026-07-01T20:00:00+00:00,60029.39,60198.0,59876.0,60126.0,313.10277
2026-07-01T21:00:00+00:00,60126.0,60846.95,60124.89,60815.99,1153.57611
2026-07-01T22:00:00+00:00,60815.99,61334.0,60339.0,60478.01,1877.61599
2026-07-01T23:00:00+00:00,60478.0,60478.0,59984.86,60024.0,573.62579
2026-07-02T00:00:00+00:00,60024.0,60028.0,59588.0,59761.73,857.93081
2026-07-02T01:00:00+00:00,59761.74,60324.99,59715.8,60175.92,634.42084
2026-07-02T02:00:00+00:00,60175.91,60495.24,60015.68,60423.1,520.9397
2026-07-02T03:00:00+00:00,60423.11,61121.78,60300.02,61058.0,891.65369
2026-07-02T04:00:00+00:00,61057.99,61058.0,60728.0,60787.98,793.20588
2026-07-02T05:00:00+00:00,60787.98,60877.69,60488.0,60504.54,836.16486
2026-07-02T06:00:00+00:00,60504.54,60652.74,60260.0,60274.01,838.53408
2026-07-02T07:00:00+00:00,60274.01,60315.93,60104.0,60149.99,593.99067
2026-07-02T08:00:00+00:00,60149.99,60555.06,60132.51,60511.99,573.38622
2026-07-02T09:00:00+00:00,60512.0,61437.49,60376.13,61184.0,1895.63178
2026-07-02T10:00:00+00:00,61184.0,61350.0,61051.07,61263.68,711.1086
2026-07-02T11:00:00+00:00,61263.93,61388.0,61125.58,61358.01,823.29588
2026-07-02T12:00:00+00:00,61358.0,61614.0,61147.23,61542.53,1476.64291
2026-07-02T13:00:00+00:00,61542.53,62053.0,61506.0,61939.04,2503.04906
2026-07-02T14:00:00+00:00,61939.04,62200.0,61394.49,61696.61,1834.43153
2026-07-02T15:00:00+00:00,61696.61,61850.86,61427.39,61612.93,955.089
2026-07-02T16:00:00+00:00,61612.93,61790.13,61108.99,61682.34,1526.68052
2026-07-02T17:00:00+00:00,61682.34,61962.43,61619.69,61667.39,742.84693
2026-07-02T18:00:00+00:00,61667.4,61900.29,61664.39,61761.36,457.24217
2026-07-02T19:00:00+00:00,61761.36,61763.81,61424.0,61479.6,567.93379
2026-07-02T20:00:00+00:00,61479.59,61596.0,61342.0,61584.78,435.70751
2026-07-02T21:00:00+00:00,61584.77,61653.43,61516.0,61592.26,335.09994
2026-07-02T22:00:00+00:00,61592.26,61596.62,61406.28,61465.26,313.41399
2026-07-02T23:00:00+00:00,61465.26,61606.0,61350.02,61560.0,263.74127
2026-07-03T00:00:00+00:00,61560.0,61578.0,61248.86,61308.75,803.35853
2026-07-03T01:00:00+00:00,61308.75,61733.11,61286.0,61588.0,365.29608
2026-07-03T02:00:00+00:00,61588.0,61664.62,61294.0,61440.01,718.15053
2026-07-03T03:00:00+00:00,61440.01,61575.15,61324.0,61434.0,592.37701
2026-07-03T04:00:00+00:00,61434.0,61524.01,61332.76,61448.0,597.68744
2026-07-03T05:00:00+00:00,61448.0,61808.0,61430.0,61700.49,669.42027
2026-07-03T06:00:00+00:00,61700.49,61850.0,61612.0,61710.01,821.5655
2026-07-03T07:00:00+00:00,61710.01,61864.99,61659.32,61750.47,1075.23435
2026-07-03T08:00:00+00:00,61750.47,61896.99,61554.07,61584.0,341.60269
2026-07-03T09:00:00+00:00,61583.99,61783.89,61510.01,61718.68,336.50784
2026-07-03T10:00:00+00:00,61718.69,62038.0,61663.98,61916.46,481.39402
2026-07-03T11:00:00+00:00,61916.46,62103.1,61840.0,62024.02,549.87382
2026-07-03T12:00:00+00:00,62024.01,62174.47,61871.66,61983.99,627.72129
2026-07-03T13:00:00+00:00,61984.0,62282.0,61944.0,62116.01,790.28341
2026-07-03T14:00:00+00:00,62116.0,62280.0,61700.0,62167.48,768.79968
2026-07-03T15:00:00+00:00,62167.47,62400.0,61820.0,61922.72,627.67216
2026-07-03T16:00:00+00:00,61922.71,62125.99,61911.65,62104.81,308.0973
2026-07-03T17:00:00+00:00,62104.81,62292.51,62068.78,62194.0,345.47791
2026-07-03T18:00:00+00:00,62193.99,62250.0,62118.0,62204.01,298.61687
2026-07-03T19:00:00+00:00,62204.0,62317.64,62146.0,62210.0,345.20311
2026-07-03T20:00:00+00:00,62210.0,62907.77,62186.01,62776.92,1103.81636
2026-07-03T21:00:00+00:00,62776.91,62979.86,62518.72,62732.0,530.36622
2026-07-03T22:00:00+00:00,62732.0,62748.01,62538.47,62578.0,461.77097
2026-07-03T23:00:00+00:00,62578.0,62707.67,62529.03,62583.26,488.69291
2026-07-04T00:00:00+00:00,62583.26,62946.0,62578.55,62756.29,451.82518
2026-07-04T01:00:00+00:00,62756.29,62756.29,62404.25,62468.44,740.55394
2026-07-04T02:00:00+00:00,62468.44,62576.0,62432.0,62538.96,288.40853
2026-07-04T03:00:00+00:00,62538.96,62750.0,62484.01,62627.29,272.8732
2026-07-04T04:00:00+00:00,62627.28,62749.97,62590.06,62700.0,372.06056
2026-07-04T05:00:00+00:00,62700.0,62700.01,62441.29,62471.52,289.90978
2026-07-04T06:00:00+00:00,62471.53,62559.43,62328.24,62500.01,328.21302
2026-07-04T07:00:00+00:00,62500.01,62634.24,62470.0,62576.0,488.37245
2026-07-04T08:00:00+00:00,62576.0,62674.47,62516.46,62553.78,325.39629
2026-07-04T09:00:00+00:00,62553.78,62583.99,62415.87,62494.0,256.44372
2026-07-04T10:00:00+00:00,62494.01,62545.02,62445.38,62513.0,261.05012
2026-07-04T11:00:00+00:00,62512.99,62563.84,62456.24,62482.01,236.75332
2026-07-04T12:00:00+00:00,62482.0,62696.78,62482.0,62664.01,160.12973
2026-07-04T13:00:00+00:00,62664.01,62776.92,62542.0,62588.84,234.91268
2026-07-04T14:00:00+00:00,62588.84,62738.28,62585.53,62693.99,214.12592
2026-07-04T15:00:00+00:00,62693.99,63075.46,62687.89,62943.29,746.82104
2026-07-04T16:00:00+00:00,62943.29,62968.29,62786.0,62927.29,446.2616
2026-07-04T17:00:00+00:00,62927.3,63439.62,62803.0,63280.38,752.34234
2026-07-04T18:00:00+00:00,63280.38,63346.0,63092.02,63172.78,347.58599
2026-07-04T19:00:00+00:00,63172.79,63461.99,63123.49,63294.72,328.68996
2026-07-04T20:00:00+00:00,63294.72,63392.0,63155.37,63233.78,287.12408
2026-07-04T21:00:00+00:00,63233.79,63448.0,63202.0,63297.84,239.07967
2026-07-04T22:00:00+00:00,63297.83,63310.0,63160.0,63184.99,486.87752
2026-07-04T23:00:00+00:00,63185.0,63241.33,62927.98,63144.01,584.01676
2026-07-05T00:00:00+00:00,63144.01,63144.01,62888.86,62991.29,348.66174
2026-07-05T01:00:00+00:00,62991.3,63043.15,62800.0,62887.94,447.61772
2026-07-05T02:00:00+00:00,62887.93,62926.0,62596.08,62693.56,307.64194
2026-07-05T03:00:00+00:00,62693.57,62796.39,62658.0,62769.04,211.72564
2026-07-05T04:00:00+00:00,62769.03,62952.93,62712.0,62815.99,288.42759
2026-07-05T05:00:00+00:00,62815.99,62815.99,62659.65,62740.5,312.61219
2026-07-05T06:00:00+00:00,62740.5,62819.91,62669.99,62782.18,269.63913
2026-07-05T07:00:00+00:00,62782.18,63059.99,62718.31,63020.21,393.71695
2026-07-05T08:00:00+00:00,63020.21,63104.0,62900.0,62915.0,337.45972
2026-07-05T09:00:00+00:00,62915.0,62930.16,62436.59,62622.18,562.27226
2026-07-05T10:00:00+00:00,62622.18,62756.25,62536.57,62756.12,183.32618
2026-07-05T11:00:00+00:00,62756.12,62812.0,62600.03,62658.92,268.20384
2026-07-05T12:00:00+00:00,62658.92,62772.0,62569.37,62745.01,294.54856
2026-07-05T13:00:00+00:00,62745.0,62819.66,62644.12,62792.0,337.44331
2026-07-05T14:00:00+00:00,62791.99,62818.37,62656.02,62812.25,219.35892
2026-07-05T15:00:00+00:00,62812.25,62943.59,62679.76,62740.01,243.82359
2026-07-05T16:00:00+00:00,62740.01,62772.86,62590.02,62637.48,344.55738
2026-07-05T17:00:00+00:00,62637.48,62820.0,62594.38,62624.93,275.09476
2026-07-05T18:00:00+00:00,62624.93,62880.0,62616.0,62820.33,372.13939
2026-07-05T19:00:00+00:00,62820.33,62888.14,62714.98,62768.88,297.34041
2026-07-05T20:00:00+00:00,62768.87,62836.01,62700.0,62730.61,164.5638
2026-07-05T21:00:00+00:00,62730.61,63220.0,62609.47,63092.01,428.51084
2026-07-05T22:00:00+00:00,63092.0,63964.48,63005.04,63736.0,1512.51245
2026-07-05T23:00:00+00:00,63735.99,63999.0,63577.36,63650.0,750.87927
2026-07-06T00:00:00+00:00,63650.01,63772.52,63350.0,63761.99,854.38324
2026-07-06T01:00:00+00:00,63761.98,63920.0,63550.0,63576.0,432.9767
2026-07-06T02:00:00+00:00,63576.0,63669.45,63373.13,63460.01,398.01222
2026-07-06T03:00:00+00:00,63460.01,63495.14,63136.01,63294.0,420.90012
2026-07-06T04:00:00+00:00,63294.0,63402.77,63187.98,63267.99,278.63053
2026-07-06T05:00:00+00:00,63267.99,63268.0,62950.0,63114.0,702.75025
2026-07-06T06:00:00+00:00,63113.99,63152.7,62972.0,62976.0,622.44998
2026-07-06T07:00:00+00:00,62976.0,63120.0,62890.0,63089.42,529.35201
2026-07-06T08:00:00+00:00,63089.42,63244.0,62800.13,62904.01,536.0688
2026-07-06T09:00:00+00:00,62904.01,62914.0,62630.85,62664.77,432.26087
2026-07-06T10:00:00+00:00,62664.77,63030.0,62664.76,62822.06,454.82776
2026-07-06T11:00:00+00:00,62822.07,63000.0,62483.83,62483.84,610.79996
2026-07-06T12:00:00+00:00,62483.84,62487.98,61668.2,61754.01,2426.65551
2026-07-06T13:00:00+00:00,61754.01,62034.0,61306.84,61768.21,3623.91016
2026-07-06T14:00:00+00:00,61768.2,62411.41,61712.54,62052.0,1203.78704
2026-07-06T15:00:00+00:00,62052.0,63550.0,62052.0,63545.98,2153.37389
2026-07-06T16:00:00+00:00,63545.98,63863.0,63386.01,63732.0,1748.98599
2026-07-06T17:00:00+00:00,63732.0,63976.16,63570.16,63587.38,885.44922
2026-07-06T18:00:00+00:00,63587.38,63886.0,63560.0,63696.4,345.76423
2026-07-06T19:00:00+00:00,63696.4,63887.93,63652.42,63738.52,308.11427
2026-07-06T20:00:00+00:00,63738.52,63892.65,63589.41,63828.0,314.93037
2026-07-06T21:00:00+00:00,63828.0,64700.0,63810.0,64489.98,1489.51024
2026-07-06T22:00:00+00:00,64489.97,64500.0,64151.01,64244.0,313.47871
2026-07-06T23:00:00+00:00,64244.0,64340.76,64017.78,64042.02,347.9123
2026-07-07T00:00:00+00:00,64042.93,64314.0,63997.5,64203.99,545.80462
2026-07-07T01:00:00+00:00,64203.99,64204.0,63767.04,63840.0,600.7847
2026-07-07T02:00:00+00:00,63840.0,63908.0,63288.01,63322.01,624.33941
2026-07-07T03:00:00+00:00,63322.01,63414.0,63150.0,63191.01,378.30046
2026-07-07T04:00:00+00:00,63191.01,63288.33,63064.0,63100.01,658.55856
2026-07-07T05:00:00+00:00,63100.0,63278.99,62800.0,63128.01,725.48406
2026-07-07T06:00:00+00:00,63128.0,63400.0,62984.42,63340.0,869.08707
2026-07-07T07:00:00+00:00,63340.01,63445.7,63072.1,63083.18,615.24857
2026-07-07T08:00:00+00:00,63083.19,63184.0,62984.58,63104.0,444.0167
2026-07-07T09:00:00+00:00,63104.0,63348.73,63063.28,63256.0,320.22634
2026-07-07T10:00:00+00:00,63256.01,63467.15,63228.17,63284.0,496.91971
2026-07-07T11:00:00+00:00,63284.0,63452.0,63116.02,63406.0,399.36572
2026-07-07T12:00:00+00:00,63405.99,63872.0,63396.58,63481.39,618.18499
2026-07-07T13:00:00+00:00,63481.39,63482.5,63000.0,63056.0,1055.47861
2026-07-07T14:00:00+00:00,63056.0,63634.0,62671.39,63562.05,1684.44273
2026-07-07T15:00:00+00:00,63562.05,64105.0,63376.22,63930.51,2129.05569
2026-07-07T16:00:00+00:00,63930.5,64243.75,63810.0,63983.27,825.1364
2026-07-07T17:00:00+00:00,63983.28,64232.0,63896.21,64186.0,713.19138
2026-07-07T18:00:00+00:00,64185.99,64188.0,63672.01,63679.99,804.35069
2026-07-07T19:00:00+00:00,63679.99,63894.58,63379.69,63817.99,809.87318
2026-07-07T20:00:00+00:00,63818.0,63901.75,63585.0,63697.99,461.15497
2026-07-07T21:00:00+00:00,63698.0,63866.0,63313.1,63423.94,445.13714
2026-07-07T22:00:00+00:00,63423.93,63660.0,63218.0,63551.02,344.82337
2026-07-07T23:00:00+00:00,63551.02,63708.0,63320.0,63363.99,265.24316
2026-07-08T00:00:00+00:00,63364.0,63761.99,63307.36,63612.77,656.59812
2026-07-08T01:00:00+00:00,63612.78,63649.5,62921.78,63038.01,690.76172
2026-07-08T02:00:00+00:00,63038.0,63066.0,62525.47,62979.99,1271.45366
2026-07-08T03:00:00+00:00,62979.98,63094.0,62700.18,62766.0,326.19539
2026-07-08T04:00:00+00:00,62766.0,62901.49,62676.0,62800.0,435.16461
2026-07-08T05:00:00+00:00,62800.01,62876.95,62558.0,62637.88,716.63481
2026-07-08T06:00:00+00:00,62637.88,62746.0,62477.04,62657.81,457.84929
2026-07-08T07:00:00+00:00,62657.82,62894.89,62550.0,62888.35,483.7238
2026-07-08T08:00:00+00:00,62888.34,62941.46,61855.26,62018.36,1707.6886
2026-07-08T09:00:00+00:00,62018.36,62190.01,61743.83,62057.67,2058.44174
2026-07-08T10:00:00+00:00,62057.68,62199.97,61903.45,62183.12,934.16537
2026-07-08T11:00:00+00:00,62183.11,62392.04,62055.63,62299.99,576.86496
2026-07-08T12:00:00+00:00,62300.0,62451.08,61953.58,61957.73,877.49143
2026-07-08T13:00:00+00:00,61957.74,62090.0,61632.23,61945.49,1130.9924
2026-07-08T14:00:00+00:00,61945.49,62173.56,61712.0,61889.83,1415.74086
2026-07-08T15:00:00+00:00,61889.83,61922.0,61544.56,61704.01,1055.91275
2026-07-08T16:00:00+00:00,61704.01,62164.6,61692.0,62113.03,762.49481
2026-07-08T17:00:00+00:00,62113.02,62394.32,62032.0,62104.62,518.57431
2026-07-08T18:00:00+00:00,62104.62,62351.97,62045.2,62185.32,301.10629
2026-07-08T19:00:00+00:00,62185.33,62292.19,62068.0,62277.98,295.91802
2026-07-08T20:00:00+00:00,62277.98,62306.54,62082.8,62099.61,601.65946
2026-07-08T21:00:00+00:00,62099.62,62251.22,61956.0,62187.17,844.23046
2026-07-08T22:00:00+00:00,62187.17,62350.63,62178.0,62330.4,268.9098
2026-07-08T23:00:00+00:00,62330.4,62346.6,62174.0,62290.0,231.5253
2026-07-09T00:00:00+00:00,62290.01,62309.88,62058.51,62129.99,419.84137
2026-07-09T01:00:00+00:00,62129.99,62642.0,61837.1,61916.0,891.27709
2026-07-09T02:00:00+00:00,61916.0,62121.21,61705.29,61788.8,588.18699
2026-07-09T03:00:00+00:00,61788.79,62062.99,61730.0,61974.34,608.39784
2026-07-09T04:00:00+00:00,61974.34,62456.29,61956.46,62453.74,475.51774
2026-07-09T05:00:00+00:00,62453.74,62624.61,62236.0,62589.61,907.8536
2026-07-09T06:00:00+00:00,62589.61,62980.0,62485.58,62959.96,790.33126
2026-07-09T07:00:00+00:00,62959.96,63283.26,62788.06,63000.0,902.61366
2026-07-09T08:00:00+00:00,62999.99,63100.1,62855.63,62903.65,872.78917
2026-07-09T09:00:00+00:00,62903.66,63002.0,62786.82,62953.4,549.43771
2026-07-09T10:00:00+00:00,62953.4,63056.98,62688.0,62786.04,490.23056
2026-07-09T11:00:00+00:00,62786.05,62830.0,62614.66,62786.34,613.79257
2026-07-09T12:00:00+00:00,62786.33,62952.0,62465.39,62614.02,2694.46367
2026-07-09T13:00:00+00:00,62614.01,63240.15,62523.08,63028.35,732.96491
2026-07-09T14:00:00+00:00,63028.36,63144.79,62666.66,63016.0,598.40365
2026-07-09T15:00:00+00:00,63016.0,63261.0,62811.1,62868.05,857.13379
2026-07-09T16:00:00+00:00,62868.06,62996.0,62559.59,62700.01,532.13757
2026-07-09T17:00:00+00:00,62700.01,63165.12,62668.0,63142.79,730.95491
2026-07-09T18:00:00+00:00,63142.79,63500.0,63080.0,63219.03,776.88222
2026-07-09T19:00:00+00:00,63219.03,63375.73,63118.45,63248.1,606.23375
2026-07-09T20:00:00+00:00,63248.09,63330.85,63177.36,63313.38,236.61262
2026-07-09T21:00:00+00:00,63313.38,63397.94,63208.91,63274.59,261.44616
2026-07-09T22:00:00+00:00,63274.6,63418.0,63218.77,63218.78,274.28375
2026-07-09T23:00:00+00:00,63218.78,63325.0,63060.91,63230.0,331.02016
2026-07-10T00:00:00+00:00,63230.01,63255.49,62926.01,63113.93,626.86453
2026-07-10T01:00:00+00:00,63113.92,63999.99,62962.0,63749.86,1229.10229
2026-07-10T02:00:00+00:00,63749.86,64050.23,63692.76,63961.99,1017.85326
2026-07-10T03:00:00+00:00,63961.99,64050.0,63822.8,63947.2,410.93478
2026-07-10T04:00:00+00:00,63947.2,64176.86,63857.64,64047.88,567.80609
2026-07-10T05:00:00+00:00,64047.89,64200.0,63944.05,64115.99,507.936
2026-07-10T06:00:00+00:00,64116.0,64162.0,63836.0,63854.71,352.90834
2026-07-10T07:00:00+00:00,63854.71,64011.9,63802.02,63963.0,566.0984
2026-07-10T08:00:00+00:00,63963.0,64392.0,63962.99,64246.01,945.88564
2026-07-10T09:00:00+00:00,64246.0,64480.01,64102.0,64385.09,1051.0085
2026-07-10T10:00:00+00:00,64385.09,64494.84,64274.47,64407.8,400.85807
2026-07-10T11:00:00+00:00,64407.8,64480.0,64341.83,64425.18,337.28843
2026-07-10T12:00:00+00:00,64425.18,64608.0,63999.0,64286.64,1081.95063
2026-07-10T13:00:00+00:00,64286.65,64692.83,64152.84,64484.0,826.67946
2026-07-10T14:00:00+00:00,64484.0,64516.0,63793.43,63914.87,1338.73193
2026-07-10T15:00:00+00:00,63914.88,64210.0,63898.0,64040.0,737.82713
2026-07-10T16:00:00+00:00,64039.99,64220.0,63826.57,64140.01,671.46586
2026-07-10T17:00:00+00:00,64140.0,64158.58,63821.88,63823.99,491.57909
2026-07-10T18:00:00+00:00,63824.0,64003.99,63732.66,63810.0,566.18067
2026-07-10T19:00:00+00:00,63809.99,64077.56,63780.0,63917.88,1227.53052
2026-07-10T20:00:00+00:00,63917.88,63946.36,63656.0,63841.25,1126.81538
2026-07-10T21:00:00+00:00,63841.25,64099.56,63835.05,64011.99,307.30047
2026-07-10T22:00:00+00:00,64012.0,64169.39,63981.37,64112.29,508.14182
2026-07-10T23:00:00+00:00,64112.3,64222.61,64024.0,64161.72,690.25393
2026-07-11T00:00:00+00:00,64161.72,64168.49,64028.43,64124.0,315.78502
2026-07-11T01:00:00+00:00,64123.99,64310.0,64004.01,64012.95,405.42387
2026-07-11T02:00:00+00:00,64012.95,64166.0,63984.07,64158.04,205.49018
2026-07-11T03:00:00+00:00,64158.04,64195.04,64068.0,64150.42,174.79238
2026-07-11T04:00:00+00:00,64150.42,64213.55,64080.26,64152.0,223.52551
2026-07-11T05:00:00+00:00,64152.0,64221.99,64121.07,64176.01,535.97468
2026-07-11T06:00:00+00:00,64176.0,64278.0,64124.0,64219.1,302.84507
2026-07-11T07:00:00+00:00,64219.09,64256.55,64152.0,64162.18,422.67072
2026-07-11T08:00:00+00:00,64162.18,64300.0,64153.87,64265.98,169.11443
2026-07-11T09:00:00+00:00,64265.98,64300.0,64159.7,64167.34,347.53946
2026-07-11T10:00:00+00:00,64167.35,64204.02,64129.99,64196.0,421.25234
2026-07-11T11:00:00+00:00,64196.0,64215.32,64167.99,64198.0,417.44096
2026-07-11T12:00:00+00:00,64197.99,64228.0,64130.65,64195.49,408.31399
2026-07-11T13:00:00+00:00,64195.48,64266.0,64159.99,64235.66,352.18455
2026-07-11T14:00:00+00:00,64235.67,64504.11,64235.66,64350.07,551.43161
2026-07-11T15:00:00+00:00,64350.07,64484.01,63896.18,64175.75,1185.62457
2026-07-11T16:00:00+00:00,64175.75,64273.63,64084.0,64180.01,468.52631
2026-07-11T17:00:00+00:00,64180.0,64402.0,64164.08,64315.53,272.95245
2026-07-11T18:00:00+00:00,64315.53,64395.17,64288.91,64327.99,274.24491
2026-07-11T19:00:00+00:00,64327.99,64338.0,64233.23,64286.0,202.32307
2026-07-11T20:00:00+00:00,64286.0,64463.83,64285.99,64382.45,197.23083
2026-07-11T21:00:00+00:00,64382.44,64427.56,64338.09,64355.99,116.51883
2026-07-11T22:00:00+00:00,64355.99,64424.03,64144.47,64203.08,303.31895
2026-07-11T23:00:00+00:00,64203.09,64246.0,63819.0,63819.0,877.44963
2026-07-12T00:00:00+00:00,63819.01,63909.92,63702.16,63828.47,2302.50352
2026-07-12T01:00:00+00:00,63828.48,64172.66,63812.0,64133.61,394.25068
2026-07-12T02:00:00+00:00,64133.61,64133.62,64029.51,64070.39,908.56961
2026-07-12T03:00:00+00:00,64070.4,64223.74,64035.68,64223.73,488.95119
2026-07-12T04:00:00+00:00,64223.73,64245.87,63943.68,63999.93,412.9132
2026-07-12T05:00:00+00:00,63999.94,64024.48,63900.0,63959.93,291.33944
2026-07-12T06:00:00+00:00,63959.93,63962.85,63640.83,63762.46,526.52081
2026-07-12T07:00:00+00:00,63762.47,63908.39,63740.12,63885.27,506.72582
2026-07-12T08:00:00+00:00,63885.28,64100.32,63884.2,63983.18,1349.77159
2026-07-12T09:00:00+00:00,63983.18,64062.17,63764.0,63961.61,3089.49803
2026-07-12T10:00:00+00:00,63961.6,63961.6,63843.4,63865.76,250.37178
2026-07-12T11:00:00+00:00,63865.76,64030.0,63826.01,64018.01,158.66802
2026-07-12T12:00:00+00:00,64018.0,64135.0,63970.55,64026.0,320.06272
2026-07-12T13:00:00+00:00,64026.01,64097.99,63987.4,64023.14,369.91648
2026-07-12T14:00:00+00:00,64023.13,64290.11,63958.71,64203.08,261.44826
2026-07-12T15:00:00+00:00,64203.08,64262.15,64117.97,64176.0,230.70025
2026-07-12T16:00:00+00:00,64176.0,64209.64,64042.0,64177.7,260.32939
2026-07-12T17:00:00+00:00,64177.7,64177.74,64029.12,64078.0,243.96602
2026-07-12T18:00:00+00:00,64078.0,64150.0,64018.69,64147.99,207.74726
2026-07-12T19:00:00+00:00,64148.0,64270.0,64147.3,64228.59,178.3269
2026-07-12T20:00:00+00:00,64228.59,64254.0,64178.03,64198.89,158.2404
2026-07-12T21:00:00+00:00,64198.9,64232.02,63891.84,63920.4,317.29013
2026-07-12T22:00:00+00:00,63920.4,63923.99,63668.0,63886.87,425.91972
2026-07-12T23:00:00+00:00,63886.86,63914.85,63726.62,63780.0,260.80581
2026-07-13T00:00:00+00:00,63780.0,64425.0,63568.0,64072.01,1134.90308
2026-07-13T01:00:00+00:00,64072.0,64072.01,63376.53,63412.01,1113.66129
2026-07-13T02:00:00+00:00,63412.01,63541.94,63237.26,63375.99,621.99474
2026-07-13T03:00:00+00:00,63376.0,63382.95,62741.04,62806.41,1068.82271
2026-07-13T04:00:00+00:00,62806.41,62911.94,62620.13,62672.0,670.25607
2026-07-13T05:00:00+00:00,62672.0,62905.68,62500.76,62799.0,816.14848
2026-07-13T06:00:00+00:00,62799.01,62880.0,62710.45,62797.55,385.11506
2026-07-13T07:00:00+00:00,62797.55,63070.01,62753.69,62985.52,1476.1879
2026-07-13T08:00:00+00:00,62985.53,63302.88,62935.92,63206.97,1893.03927
2026-07-13T09:00:00+00:00,63206.98,63210.0,63086.12,63100.02,663.43575
2026-07-13T10:00:00+00:00,63100.02,63157.85,62862.28,62867.89,788.29364
2026-07-13T11:00:00+00:00,62867.9,63135.55,62867.9,62901.99,458.30123
2026-07-13T12:00:00+00:00,62901.99,62990.04,62570.0,62625.15,689.69237
2026-07-13T13:00:00+00:00,62625.15,62766.37,62164.0,62318.0,2175.34811
2026-07-13T14:00:00+00:00,62318.01,62794.97,62101.0,62791.85,1780.86024
2026-07-13T15:00:00+00:00,62791.85,62983.83,62559.58,62618.01,1226.00074
2026-07-13T16:00:00+00:00,62618.0,62629.35,62212.0,62276.0,970.69108
2026-07-13T17:00:00+00:00,62276.01,62370.0,61900.0,61904.99,1161.78052
2026-07-13T18:00:00+00:00,61904.99,62100.0,61824.97,62020.0,662.51495
2026-07-13T19:00:00+00:00,62020.0,62292.84,61990.0,62288.23,503.43262
2026-07-13T20:00:00+00:00,62288.23,62324.74,62050.71,62210.99,294.43026
2026-07-13T21:00:00+00:00,62211.0,62216.35,61897.45,62065.06,385.18322
2026-07-13T22:00:00+00:00,62065.05,62224.0,61911.31,61924.0,386.45256
2026-07-13T23:00:00+00:00,61924.0,62347.46,61882.88,62334.52,355.95615
2026-07-14T00:00:00+00:00,62334.52,62666.66,62272.2,62549.54,827.98236
2026-07-14T01:00:00+00:00,62549.55,62640.0,62460.03,62540.42,471.32047
2026-07-14T02:00:00+00:00,62540.41,62645.0,62329.98,62544.0,510.10327
2026-07-14T03:00:00+00:00,62544.0,62604.0,62314.0,62572.89,439.89615
2026-07-14T04:00:00+00:00,62572.88,62768.95,62539.71,62745.23,314.71779
2026-07-14T05:00:00+00:00,62745.24,62872.0,62697.69,62737.0,625.4247
2026-07-14T06:00:00+00:00,62737.0,62772.48,62566.01,62624.05,742.03175
2026-07-14T07:00:00+00:00,62624.06,62655.99,62516.93,62560.92,406.16223
2026-07-14T08:00:00+00:00,62560.92,62807.94,62500.0,62713.85,377.86259
2026-07-14T09:00:00+00:00,62713.85,62742.0,62534.29,62629.55,614.55321
2026-07-14T10:00:00+00:00,62629.56,62908.8,62609.47,62800.0,437.22084
2026-07-14T11:00:00+00:00,62800.01,62923.06,62713.6,62844.99,302.90008
2026-07-14T12:00:00+00:00,62844.99,63989.54,62780.84,63960.0,3109.78866
2026-07-14T13:00:00+00:00,63959.99,64181.99,63699.03,63840.01,1522.71413
2026-07-14T14:00:00+00:00,63840.01,64346.49,63580.99,64305.02,1089.85313
2026-07-14T15:00:00+00:00,64305.01,64966.43,64194.64,64743.99,3074.26518
2026-07-14T16:00:00+00:00,64744.0,64896.86,64606.0,64730.0,1264.07966
2026-07-14T17:00:00+00:00,64730.01,64730.01,64231.77,64621.43,1156.00933
2026-07-14T18:00:00+00:00,64621.43,64648.88,64477.23,64571.98,502.24971
2026-07-14T19:00:00+00:00,64571.99,64704.0,64487.38,64569.59,367.96179
2026-07-14T20:00:00+00:00,64569.59,64599.0,64419.99,64572.02,281.25074
2026-07-14T21:00:00+00:00,64572.02,64893.92,64526.0,64676.9,427.49727
2026-07-14T22:00:00+00:00,64676.89,65100.0,64516.0,64860.89,1268.06322
2026-07-14T23:00:00+00:00,64860.89,65048.0,64782.0,65043.98,418.50558
2026-07-15T00:00:00+00:00,65043.99,65065.01,64765.12,64824.58,352.45343
2026-07-15T01:00:00+00:00,64824.57,64853.08,64644.48,64674.35,610.20031
2026-07-15T02:00:00+00:00,64674.35,64755.99,64488.0,64490.87,350.99185
2026-07-15T03:00:00+00:00,64490.87,64840.0,64490.86,64792.01,379.79444
2026-07-15T04:00:00+00:00,64792.0,64885.99,64714.0,64746.01,289.24746
2026-07-15T05:00:00+00:00,64746.01,64964.96,64602.5,64944.06,686.5094
2026-07-15T06:00:00+00:00,64944.06,65277.37,64814.0,64814.0,974.06143
2026-07-15T07:00:00+00:00,64814.01,64876.0,64485.0,64549.34,1209.74716
2026-07-15T08:00:00+00:00,64549.33,64797.02,64549.33,64768.01,958.47053
2026-07-15T09:00:00+00:00,64768.0,64917.94,64653.18,64671.83,542.47841
2026-07-15T10:00:00+00:00,64671.84,64855.56,64614.0,64663.0,316.30209
2026-07-15T11:00:00+00:00,64663.0,64767.37,64616.11,64732.15,500.13863
2026-07-15T12:00:00+00:00,64732.15,65249.9,64606.0,65164.0,1837.40143
2026-07-15T13:00:00+00:00,65164.0,65577.0,64888.0,65117.99,1942.12357
2026-07-15T14:00:00+00:00,65118.0,65517.05,65070.0,65399.81,1187.13269
2026-07-15T15:00:00+00:00,65399.8,65600.0,65261.71,65427.61,1153.25811
2026-07-15T16:00:00+00:00,65427.6,65470.0,64784.83,65120.79,1423.19665
2026-07-15T17:00:00+00:00,65120.8,65194.72,64972.95,65056.1,1119.69712
2026-07-15T18:00:00+00:00,65056.1,65143.57,64847.42,64860.0,1076.85531
2026-07-15T19:00:00+00:00,64860.0,65000.0,64738.49,64977.34,377.96921
2026-07-15T20:00:00+00:00,64977.34,65055.39,64899.0,64968.01,239.51973
2026-07-15T21:00:00+00:00,64968.02,65018.74,64789.89,64834.31,289.23644
2026-07-15T22:00:00+00:00,64834.31,64982.47,64772.0,64866.93,275.16571
2026-07-15T23:00:00+00:00,64866.93,64938.0,64691.89,64756.28,309.9463
2026-07-16T00:00:00+00:00,64756.28,64845.5,64500.0,64584.07,762.20624
2026-07-16T01:00:00+00:00,64584.07,64830.0,64392.01,64730.01,462.87658
2026-07-16T02:00:00+00:00,64730.0,64735.09,64574.02,64642.01,327.49099
2026-07-16T03:00:00+00:00,64642.0,64745.55,64555.0,64619.95,221.04888
2026-07-16T04:00:00+00:00,64619.96,64692.0,64544.04,64650.05,615.61718
2026-07-16T05:00:00+00:00,64650.05,64997.52,64592.67,64917.99,618.6053
2026-07-16T06:00:00+00:00,64917.99,64978.0,64630.01,64777.32,355.62558
2026-07-16T07:00:00+00:00,64777.33,64777.33,64086.12,64238.0,1138.76345
2026-07-16T08:00:00+00:00,64238.0,64380.0,63888.0,64126.85,3967.6065
2026-07-16T09:00:00+00:00,64126.86,64186.83,64019.02,64090.0,3387.73889
2026-07-16T10:00:00+00:00,64090.0,64269.42,64077.75,64221.34,351.18175
2026-07-16T11:00:00+00:00,64221.34,64269.42,64101.0,64256.53,377.01841
2026-07-16T12:00:00+00:00,64256.52,64256.52,63838.28,63966.01,728.30687
2026-07-16T13:00:00+00:00,63966.01,64480.0,63961.14,64376.0,827.04997
2026-07-16T14:00:00+00:00,64375.99,64863.07,64332.57,64543.51,993.97642
2026-07-16T15:00:00+00:00,64543.51,64896.0,64320.0,64704.73,620.57363
2026-07-16T16:00:00+00:00,64704.73,64712.0,64333.33,64484.0,523.57946
2026-07-16T17:00:00+00:00,64484.01,64484.01,63984.09,64069.03,616.12218
2026-07-16T18:00:00+00:00,64069.04,64330.0,64052.14,64246.01,275.58322
2026-07-16T19:00:00+00:00,64246.01,64301.99,64152.0,64271.84,368.59969
2026-07-16T20:00:00+00:00,64271.85,64276.0,64108.0,64114.27,169.71905
2026-07-16T21:00:00+00:00,64114.25,64253.25,64101.18,64161.99,188.0978
2026-07-16T22:00:00+00:00,64162.0,64240.12,63950.01,63968.0,351.60652
2026-07-16T23:00:00+00:00,63968.01,64010.58,63748.74,63830.2,515.53223
2026-07-17T00:00:00+00:00,63830.2,63912.0,63612.62,63886.0,435.36884
2026-07-17T01:00:00+00:00,63886.0,64067.69,63476.0,63546.24,735.77497
2026-07-17T02:00:00+00:00,63546.25,63657.99,63380.28,63482.0,818.39465
2026-07-17T03:00:00+00:00,63482.0,63720.0,63482.0,63570.0,676.04775
2026-07-17T04:00:00+00:00,63570.0,63576.0,63320.0,63486.01,490.83509
2026-07-17T05:00:00+00:00,63486.01,63486.01,62804.3,62839.76,1190.44758
2026-07-17T06:00:00+00:00,62839.77,62998.52,62710.0,62948.0,1200.24888
2026-07-17T07:00:00+00:00,62948.0,62983.99,62800.0,62828.11,1288.47496
2026-07-17T08:00:00+00:00,62828.11,62939.04,62666.0,62888.0,838.1557
2026-07-17T09:00:00+00:00,62888.01,63069.06,62852.89,62989.46,603.45822
2026-07-17T10:00:00+00:00,62989.47,63201.91,62989.47,63179.92,534.56662
2026-07-17T11:00:00+00:00,63179.91,63361.7,63063.67,63298.01,617.19974
2026-07-17T12:00:00+00:00,63298.0,63348.0,63069.09,63099.75,618.64826
2026-07-17T13:00:00+00:00,63099.75,63180.0,62537.56,63153.99,1381.50027
2026-07-17T14:00:00+00:00,63154.0,63518.0,63051.77,63174.0,1199.38162
2026-07-17T15:00:00+00:00,63174.01,63452.0,62856.16,63452.0,702.84059
2026-07-17T16:00:00+00:00,63452.0,63706.75,63312.01,63594.0,881.75053
2026-07-17T17:00:00+00:00,63594.0,64228.27,63594.0,64049.86,1210.18889
2026-07-17T18:00:00+00:00,64049.85,64387.99,63894.0,64259.73,761.86335
2026-07-17T19:00:00+00:00,64259.73,64259.73,63981.2,64160.8,578.45246
2026-07-17T20:00:00+00:00,64160.8,64192.57,63958.19,64120.0,456.18305
2026-07-17T21:00:00+00:00,64120.01,64216.61,64064.0,64110.0,284.21145
2026-07-17T22:00:00+00:00,64110.01,64147.0,63903.63,63986.0,255.88006
2026-07-17T23:00:00+00:00,63986.01,64011.08,63884.35,63931.67,430.02036
2026-07-18T00:00:00+00:00,63931.67,64012.39,63895.33,63910.04,217.92923
2026-07-18T01:00:00+00:00,63910.05,64000.0,63886.65,63952.98,200.93158
2026-07-18T02:00:00+00:00,63952.97,64032.6,63930.54,63967.61,372.4998
2026-07-18T03:00:00+00:00,63967.61,64017.85,63928.15,64017.84,578.99589
2026-07-18T04:00:00+00:00,64017.84,64017.85,63947.09,63967.99,311.74394
2026-07-18T05:00:00+00:00,63968.0,63998.0,63926.39,63967.95,153.28461
2026-07-18T06:00:00+00:00,63967.95,64005.99,63950.0,63979.67,193.68533
2026-07-18T07:00:00+00:00,63979.67,64026.03,63974.94,64002.75,290.3862
2026-07-18T08:00:00+00:00,64002.75,64019.64,63960.0,64006.01,293.43528
2026-07-18T09:00:00+00:00,64006.01,64006.01,63887.73,63987.76,286.53507
2026-07-18T10:00:00+00:00,63987.77,64026.39,63982.34,64016.43,264.0947
2026-07-18T11:00:00+00:00,64016.43,64097.22,64010.99,64069.89,259.43503
2026-07-18T12:00:00+00:00,64069.89,64274.47,64057.27,64218.0,554.94465
2026-07-18T13:00:00+00:00,64218.01,64218.01,63963.0,64106.0,300.90627
2026-07-18T14:00:00+00:00,64105.99,64195.01,64101.42,64126.0,182.82691
2026-07-18T15:00:00+00:00,64126.0,64163.99,64037.45,64123.12,202.91031
2026-07-18T16:00:00+00:00,64123.13,64314.0,64091.48,64303.47,325.76583
2026-07-18T17:00:00+00:00,64303.48,64492.0,64280.22,64480.29,572.40254
2026-07-18T18:00:00+00:00,64480.28,64669.5,64462.0,64512.41,531.00754
2026-07-18T19:00:00+00:00,64512.41,64597.9,64482.0,64552.79,294.01495
2026-07-18T20:00:00+00:00,64552.8,64739.64,64528.69,64693.01,554.55726
2026-07-18T21:00:00+00:00,64693.02,64846.83,64614.36,64731.72,365.29033
2026-07-18T22:00:00+00:00,64731.73,64865.0,64712.29,64805.05,503.12891
2026-07-18T23:00:00+00:00,64805.04,64843.3,64709.28,64834.22,220.46796
2026-07-19T00:00:00+00:00,64834.21,64906.4,64769.47,64792.08,443.04046
2026-07-19T01:00:00+00:00,64792.08,64792.09,64765.99,64765.99,211.03912
2026-07-19T02:00:00+00:00,64766.0,64967.25,64700.84,64826.01,574.09127
2026-07-19T03:00:00+00:00,64826.01,64842.92,64620.44,64706.18,416.11384
2026-07-19T04:00:00+00:00,64706.18,64795.43,64610.89,64720.17,249.31584
2026-07-19T05:00:00+00:00,64720.17,64815.65,64676.0,64724.01,206.27533
2026-07-19T06:00:00+00:00,64724.0,64759.33,64694.66,64711.69,244.79532
2026-07-19T07:00:00+00:00,64711.69,64784.0,64675.0,64711.05,401.27453
2026-07-19T08:00:00+00:00,64711.04,64743.0,64631.54,64707.49,602.66232
2026-07-19T09:00:00+00:00,64707.48,64725.74,64500.0,64509.99,392.93472
2026-07-19T10:00:00+00:00,64510.0,64700.0,64482.0,64595.0,334.64364
2026-07-19T11:00:00+00:00,64595.0,64636.28,64445.0,64467.64,208.69371
2026-07-19T12:00:00+00:00,64467.65,64467.65,64285.24,64441.15,549.2859
2026-07-19T13:00:00+00:00,64441.16,64516.33,64307.72,64483.31,325.94592
2026-07-19T14:00:00+00:00,64483.32,64663.04,64425.24,64593.07,328.9706
2026-07-19T15:00:00+00:00,64593.07,64620.0,64500.0,64585.32,260.30458
2026-07-19T16:00:00+00:00,64585.33,64644.0,64505.21,64538.72,321.63819
2026-07-19T17:00:00+00:00,64538.72,64752.0,64406.3,64547.86,402.19584
2026-07-19T18:00:00+00:00,64547.86,64554.0,64280.0,64419.99,321.71164
2026-07-19T19:00:00+00:00,64420.0,64467.82,64352.0,64462.58,115.02705
2026-07-19T20:00:00+00:00,64462.58,64560.0,64462.57,64535.99,100.52602
2026-07-19T21:00:00+00:00,64536.0,64562.55,64350.0,64415.75,221.49991
2026-07-19T22:00:00+00:00,64415.75,64900.0,64347.89,64674.67,828.28879
2026-07-19T23:00:00+00:00,64674.66,64772.0,64572.0,64722.54,319.6402
2026-07-20T00:00:00+00:00,64722.55,65107.99,64416.0,64553.84,736.05935
2026-07-20T01:00:00+00:00,64553.85,65029.4,64506.0,64628.01,401.29098
2026-07-20T02:00:00+00:00,64628.01,64964.0,64585.0,64827.2,378.92701
2026-07-20T03:00:00+00:00,64827.19,64914.93,64644.01,64869.8,340.53514
2026-07-20T04:00:00+00:00,64869.79,64869.99,64540.0,64540.01,333.38076
2026-07-20T05:00:00+00:00,64540.0,64562.0,64082.7,64128.0,978.47191
2026-07-20T06:00:00+00:00,64128.01,64220.0,63765.83,63917.98,852.13818
2026-07-20T07:00:00+00:00,63917.99,64315.96,63896.0,64280.01,998.28115
2026-07-20T08:00:00+00:00,64280.01,64356.0,63100.0,64049.99,3901.45477
2026-07-20T09:00:00+00:00,64050.0,64276.0,64012.8,64199.5,508.64903
2026-07-20T10:00:00+00:00,64199.51,64415.42,64162.0,64301.18,339.54836
2026-07-20T11:00:00+00:00,64301.18,65068.0,64273.33,65002.01,1040.02207
2026-07-20T12:00:00+00:00,65002.0,65002.83,64599.89,64640.0,1301.45682
2026-07-20T13:00:00+00:00,64640.0,64763.67,64208.0,64344.01,1171.73283
2026-07-20T14:00:00+00:00,64344.01,64575.37,64077.76,64416.01,811.23879
2026-07-20T15:00:00+00:00,64416.01,65666.8,64398.15,65598.75,2563.16846
2026-07-20T16:00:00+00:00,65598.75,65637.7,65336.0,65508.5,1056.62117
2026-07-20T17:00:00+00:00,65508.5,65646.55,65342.52,65587.98,673.41436
2026-07-20T18:00:00+00:00,65587.99,65799.0,65204.0,65240.01,708.20295
2026-07-20T19:00:00+00:00,65240.01,65274.58,65041.05,65142.0,856.15121
2026-07-20T20:00:00+00:00,65142.0,65438.0,65061.92,65367.58,339.09983
2026-07-20T21:00:00+00:00,65367.57,65445.27,65272.32,65286.02,264.99229
2026-07-20T22:00:00+00:00,65286.02,65286.02,65092.66,65141.99,333.37114
2026-07-20T23:00:00+00:00,65142.0,65272.21,65128.17,65255.51,435.27846
2026-07-21T00:00:00+00:00,65255.51,65585.0,65148.75,65568.01,685.78688
2026-07-21T01:00:00+00:00,65568.0,65658.78,65232.65,65235.55,421.8846
2026-07-21T02:00:00+00:00,65235.56,65500.0,65176.2,65414.01,382.21075
2026-07-21T03:00:00+00:00,65414.01,65593.11,65411.74,65566.78,795.51369
2026-07-21T04:00:00+00:00,65566.77,65742.58,65471.69,65522.01,600.76388
2026-07-21T05:00:00+00:00,65522.0,65933.24,65485.55,65751.56,864.8195
2026-07-21T06:00:00+00:00,65751.56,65991.05,65634.0,65913.0,733.43884
2026-07-21T07:00:00+00:00,65913.0,66245.64,65866.0,66186.86,1338.71722
2026-07-21T08:00:00+00:00,66186.86,66354.0,66129.19,66226.44,1032.71252
2026-07-21T09:00:00+00:00,66226.43,66350.0,66144.0,66291.99,472.96398
2026-07-21T10:00:00+00:00,66292.0,66420.65,66176.55,66180.0,1179.04438
2026-07-21T11:00:00+00:00,66180.0,66350.0,66147.82,66345.59,752.24871
2026-07-21T12:00:00+00:00,66345.59,66640.0,66255.73,66558.82,1002.49408
2026-07-21T13:00:00+00:00,66558.81,66810.97,66315.62,66786.0,1358.43796
2026-07-21T14:00:00+00:00,66786.0,66956.15,66648.27,66842.3,1722.33044
2026-07-21T15:00:00+00:00,66842.29,66842.3,66517.52,66676.54,948.73464
2026-07-21T16:00:00+00:00,66676.53,66764.0,66462.32,66542.01,672.73654
2026-07-21T17:00:00+00:00,66542.01,66567.59,66052.63,66207.95,1024.8098
2026-07-21T18:00:00+00:00,66207.96,66358.0,66098.71,66319.95,619.31647
2026-07-21T19:00:00+00:00,66319.96,66502.8,66264.12,66444.76,623.55174
2026-07-21T20:00:00+00:00,66444.76,66496.0,66359.3,66406.57,288.41886
2026-07-21T21:00:00+00:00,66406.58,66408.26,66290.0,66385.0,330.71956
2026-07-21T22:00:00+00:00,66385.0,66388.35,66204.0,66304.02,432.0724
2026-07-21T23:00:00+00:00,66304.02,66576.0,66228.55,66556.16,334.55343
2026-07-22T00:00:00+00:00,66556.15,66739.89,66525.54,66620.97,961.25987
2026-07-22T01:00:00+00:00,66620.97,66661.79,66282.65,66433.3,801.8459
2026-07-22T02:00:00+00:00,66433.29,66532.26,66298.0,66314.12,584.2039
2026-07-22T03:00:00+00:00,66314.12,66371.27,66176.0,66210.0,535.35393
2026-07-22T04:00:00+00:00,66209.99,66424.0,66198.0,66381.05,1016.50384
2026-07-22T05:00:00+00:00,66381.05,66381.05,65944.51,65974.9,732.84767
2026-07-22T06:00:00+00:00,65974.9,66026.93,65830.94,65934.33,677.13061
2026-07-22T07:00:00+00:00,65934.34,65968.9,65701.0,65843.48,1698.20928
2026-07-22T08:00:00+00:00,65843.48,66164.57,65843.47,65987.96,1762.03259
2026-07-22T09:00:00+00:00,65987.97,66082.5,65850.0,65928.0,1983.57551
2026-07-22T10:00:00+00:00,65928.01,66116.36,65898.0,66046.02,636.27622
2026-07-22T11:00:00+00:00,66046.01,66092.59,65909.16,66013.36,789.42664
2026-07-22T12:00:00+00:00,66013.36,66013.37,65553.67,65636.01,572.31956
2026-07-22T13:00:00+00:00,65636.01,65982.28,65559.66,65951.39,762.44551
2026-07-22T14:00:00+00:00,65951.38,66204.98,65588.0,65793.98,977.66799
2026-07-22T15:00:00+00:00,65793.98,66125.0,65793.98,66047.39,689.66439
2026-07-22T16:00:00+00:00,66047.38,66384.0,65911.6,66229.01,531.34681
2026-07-22T17:00:00+00:00,66229.01,66275.29,65944.0,66024.03,332.68865
2026-07-22T18:00:00+00:00,66024.02,66075.91,65726.08,65895.46,372.67709
2026-07-22T19:00:00+00:00,65895.46,65958.56,65691.93,65923.19,284.49057
2026-07-22T20:00:00+00:00,65923.19,65986.0,65791.79,65919.68,303.33342
2026-07-22T21:00:00+00:00,65919.67,66133.98,65892.64,66072.47,345.28683
2026-07-22T22:00:00+00:00,66072.48,66080.94,65932.0,66044.17,283.8249
2026-07-22T23:00:00+00:00,66044.17,66138.24,65844.3,66114.49,440.45434
2026-07-23T00:00:00+00:00,66114.5,66313.14,66054.58,66058.19,818.52742
2026-07-23T01:00:00+00:00,66058.2,66208.0,65751.0,65830.0,911.89269
2026-07-23T02:00:00+00:00,65830.0,65843.25,65653.23,65805.34,489.67764
2026-07-23T03:00:00+00:00,65805.35,65816.0,65585.11,65662.53,518.12407
2026-07-23T04:00:00+00:00,65662.53,65738.99,65590.12,65616.48,673.83221
2026-07-23T05:00:00+00:00,65616.49,65797.93,65570.12,65691.01,258.16071
2026-07-23T06:00:00+00:00,65691.01,65821.17,65625.2,65790.0,198.22051
2026-07-23T07:00:00+00:00,65790.0,65790.0,65351.02,65442.13,625.4986
2026-07-23T08:00:00+00:00,65442.12,65665.99,65419.75,65633.0,617.22753
2026-07-23T09:00:00+00:00,65632.99,65757.99,65608.18,65638.92,505.16907
2026-07-23T10:00:00+00:00,65638.92,65792.09,65589.69,65740.0,314.19369
2026-07-23T11:00:00+00:00,65740.0,65740.01,65540.93,65555.21,260.87827
2026-07-23T12:00:00+00:00,65555.21,65589.41,64988.05,65167.04,1080.21623
2026-07-23T13:00:00+00:00,65167.05,65221.29,64863.62,64880.0,1019.68548
2026-07-23T14:00:00+00:00,64880.0,65216.24,64822.13,64909.99,1122.58373
2026-07-23T15:00:00+00:00,64910.0,65023.68,64728.0,64958.36,1087.45523
2026-07-23T16:00:00+00:00,64958.37,64961.15,64704.57,64756.84,823.97347
2026-07-23T17:00:00+00:00,64756.84,64900.0,64650.0,64681.27,610.54166
2026-07-23T18:00:00+00:00,64681.26,64948.05,64680.0,64869.12,473.57506
2026-07-23T19:00:00+00:00,64869.13,64934.75,64686.56,64846.94,525.37224
2026-07-23T20:00:00+00:00,64846.93,65217.93,64834.52,65147.5,435.69297
2026-07-23T21:00:00+00:00,65147.5,65210.35,65014.0,65169.81,348.6782
2026-07-23T22:00:00+00:00,65169.82,65227.99,65013.94,65195.43,465.02672
2026-07-23T23:00:00+00:00,65195.43,65235.43,65052.01,65098.97,514.02333
2026-07-24T00:00:00+00:00,65098.98,65113.86,64762.18,64973.99,343.41298
2026-07-24T01:00:00+00:00,64974.0,65168.0,64944.37,65086.0,666.39562
2026-07-24T02:00:00+00:00,65086.0,65187.57,64925.45,65116.99,432.3739
2026-07-24T03:00:00+00:00,65116.99,65464.35,65078.0,65456.7,382.6998
2026-07-24T04:00:00+00:00,65456.7,65469.86,65272.26,65318.0,299.6958
2026-07-24T05:00:00+00:00,65318.01,65394.0,65248.0,65325.0,372.30415
2026-07-24T06:00:00+00:00,65325.01,65519.93,65278.07,65472.0,914.26438
2026-07-24T07:00:00+00:00,65472.0,65808.59,65320.69,65499.95,1219.60281
2026-07-24T08:00:00+00:00,65499.94,65508.17,65302.18,65302.18,306.26025
2026-07-24T09:00:00+00:00,65302.18,65314.66,64952.38,65113.13,478.93491
2026-07-24T10:00:00+00:00,65113.13,65157.99,64906.85,64950.0,716.12782
2026-07-24T11:00:00+00:00,64950.01,65099.99,64857.14,65083.43,751.17375
2026-07-24T12:00:00+00:00,65083.42,65133.99,64766.0,64780.01,507.45117
2026-07-24T13:00:00+00:00,64780.0,64802.0,63920.01,64155.46,2007.68582
2026-07-24T14:00:00+00:00,64155.47,64198.3,63739.75,64055.12,1591.08926
2026-07-24T15:00:00+00:00,64055.11,64333.33,63858.0,64093.85,1939.18979
2026-07-24T16:00:00+00:00,64093.86,64200.0,63881.46,63958.0,529.35925
2026-07-24T17:00:00+00:00,63958.01,64202.91,63905.51,64180.0,525.47557
2026-07-24T18:00:00+00:00,64180.0,64290.1,64129.75,64272.0,390.98725
2026-07-24T19:00:00+00:00,64272.01,64292.44,64141.18,64225.32,579.59462
2026-07-24T20:00:00+00:00,64225.32,64288.02,64128.89,64170.23,214.82759
2026-07-24T21:00:00+00:00,64170.24,64258.73,64122.29,64155.0,651.81342
2026-07-24T22:00:00+00:00,64155.0,64216.27,64121.86,64169.01,587.59798
2026-07-24T23:00:00+00:00,64169.01,64187.4,64134.71,64139.99,412.95391
2026-07-25T00:00:00+00:00,64140.0,64179.03,64033.18,64073.61,386.54772
2026-07-25T01:00:00+00:00,64073.61,64160.0,64006.55,64068.01,493.07694
2026-07-25T02:00:00+00:00,64068.0,64099.99,64017.87,64052.0,479.58839
2026-07-25T03:00:00+00:00,64052.01,64105.61,64016.65,64085.36,469.51581
2026-07-25T04:00:00+00:00,64085.36,64205.67,64085.15,64181.46,171.38031
2026-07-25T05:00:00+00:00,64181.45,64199.76,63980.01,64024.0,245.62438
2026-07-25T06:00:00+00:00,64024.0,64063.37,63964.57,64010.0,248.54758
2026-07-25T07:00:00+00:00,64010.0,64038.52,64000.0,64003.2,408.36611
2026-07-25T08:00:00+00:00,64003.2,64010.01,63810.0,63876.06,507.52898
2026-07-25T09:00:00+00:00,63876.07,64024.72,63830.0,63999.99,1813.6121
2026-07-25T10:00:00+00:00,64000.0,64070.0,63996.0,64070.0,200.57959
2026-07-25T11:00:00+00:00,64069.99,64113.0,64047.09,64064.01,226.46632
2026-07-25T12:00:00+00:00,64064.01,64123.8,64043.0,64123.8,179.4102
2026-07-25T13:00:00+00:00,64123.8,64267.78,64106.74,64172.0,285.46591
2026-07-25T14:00:00+00:00,64172.01,64217.09,64126.0,64214.04,270.20323
2026-07-25T15:00:00+00:00,64214.05,64272.0,64169.99,64182.0,193.98029
2026-07-25T16:00:00+00:00,64182.01,64241.71,64123.0,64206.6,126.61028
2026-07-25T17:00:00+00:00,64206.61,64356.0,64194.37,64267.4,187.81706
2026-07-25T18:00:00+00:00,64267.41,64475.28,64267.41,64415.99,314.52068
2026-07-25T19:00:00+00:00,64415.99,64438.12,64388.38,64388.38,219.4973
2026-07-25T20:00:00+00:00,64388.39,64392.74,64313.0,64339.75,213.90166
2026-07-25T21:00:00+00:00,64339.75,64430.0,64263.03,64344.02,177.06463
2026-07-25T22:00:00+00:00,64344.02,64426.0,64344.01,64412.0,625.93723
2026-07-25T23:00:00+00:00,64412.01,64429.38,64363.0,64375.0,417.8076
2026-07-26T00:00:00+00:00,64375.01,64507.0,64350.0,64506.99,256.73658
2026-07-26T01:00:00+00:00,64506.99,64541.66,64456.67,64462.0,277.18148
2026-07-26T02:00:00+00:00,64462.0,64527.59,64427.59,64527.56,117.0226
2026-07-26T03:00:00+00:00,64527.57,64582.0,64488.73,64557.0,304.96319
2026-07-26T04:00:00+00:00,64557.0,64599.95,64491.73,64530.06,425.16453
2026-07-26T05:00:00+00:00,64530.06,64530.07,64403.95,64417.69,131.14508
2026-07-26T06:00:00+00:00,64417.68,64457.55,64293.81,64438.0,408.23581
2026-07-26T07:00:00+00:00,64438.01,64460.0,64341.99,64370.0,273.49735
2026-07-26T08:00:00+00:00,64370.0,64493.99,64353.0,64480.01,204.14991
2026-07-26T09:00:00+00:00,64480.02,64549.02,64478.38,64538.0,164.82486
2026-07-26T10:00:00+00:00,64538.01,64573.73,64497.62,64515.4,137.0474
2026-07-26T11:00:00+00:00,64515.39,64535.99,64495.17,64507.35,174.84399
2026-07-26T12:00:00+00:00,64507.36,64662.99,64434.0,64466.67,319.29329
2026-07-26T13:00:00+00:00,64466.68,64571.42,64414.0,64518.0,319.1541
2026-07-26T14:00:00+00:00,64517.99,64768.23,64517.99,64712.99,504.24215
2026-07-26T15:00:00+00:00,64713.0,64827.0,64673.42,64768.0,313.86895
2026-07-26T16:00:00+00:00,64768.0,64940.51,64703.23,64734.17,420.05042
2026-07-26T17:00:00+00:00,64734.17,64794.45,64668.91,64697.2,347.81315
2026-07-26T18:00:00+00:00,64697.21,64769.99,64668.91,64734.38,114.76281
2026-07-26T19:00:00+00:00,64734.39,64753.0,64671.91,64695.52,369.55718
2026-07-26T20:00:00+00:00,64695.52,64703.36,64631.57,64649.04,120.01782
2026-07-26T21:00:00+00:00,64649.04,64924.0,64649.03,64858.02,268.26505
2026-07-26T22:00:00+00:00,64858.03,65502.6,64858.03,65412.68,1331.07392
2026-07-26T23:00:00+00:00,65412.69,65577.0,65273.76,65399.99,630.14927
2026-07-27T00:00:00+00:00,65400.0,65418.81,65065.46,65131.95,465.77387
2026-07-27T01:00:00+00:00,65131.96,65225.75,64892.03,65206.21,478.78723
2026-07-27T02:00:00+00:00,65206.21,65281.64,65118.08,65172.0,475.81825
2026-07-27T03:00:00+00:00,65172.02,65367.73,65161.99,65284.0,519.18282
2026-07-27T04:00:00+00:00,65284.0,65500.0,65242.69,65282.8,331.55981
2026-07-27T05:00:00+00:00,65282.81,65493.38,65282.8,65468.38,284.79372
2026-07-27T06:00:00+00:00,65468.38,65744.6,65404.9,65416.76,867.3473
2026-07-27T07:00:00+00:00,65416.77,65447.02,65217.16,65221.99,1066.09119
2026-07-27T08:00:00+00:00,65221.99,65258.0,65128.85,65162.98,724.97518
2026-07-27T09:00:00+00:00,65162.98,65348.17,65100.0,65262.17,1478.16072
2026-07-27T10:00:00+00:00,65262.18,65432.0,65230.01,65333.35,412.29993
2026-07-27T11:00:00+00:00,65333.35,65333.36,65092.0,65100.79,287.15002
2026-07-27T12:00:00+00:00,65100.79,65255.76,64836.0,65086.0,587.73231
2026-07-27T13:00:00+00:00,65086.0,65718.0,64913.12,65217.37,1076.54142
2026-07-27T14:00:00+00:00,65217.38,65431.9,64459.82,64687.45,1132.47674
2026-07-27T15:00:00+00:00,64687.45,64776.0,64418.01,64554.01,596.28993
2026-07-27T16:00:00+00:00,64554.0,64970.93,64517.78,64898.52,473.37301
2026-07-27T17:00:00+00:00,64898.53,65090.0,64794.37,65019.81,404.49207
2026-07-27T18:00:00+00:00,65019.81,65058.32,64755.67,64878.0,323.26344
2026-07-27T19:00:00+00:00,64878.0,65078.0,64810.9,64984.0,291.82434
2026-07-27T20:00:00+00:00,64983.99,65056.0,64908.01,64960.65,197.69959
2026-07-27T21:00:00+00:00,64960.64,64960.65,64790.28,64821.25,238.07403
2026-07-27T22:00:00+00:00,64821.26,64821.26,63792.0,63792.0,1130.54656
2026-07-27T23:00:00+00:00,63792.01,63940.27,63605.56,63755.86,947.65195
2026-07-28T00:00:00+00:00,63755.86,63827.49,63469.3,63487.88,711.04544
2026-07-28T01:00:00+00:00,63487.88,63529.89,63059.39,63230.83,1245.20979
2026-07-28T02:00:00+00:00,63230.82,63305.94,63108.0,63185.59,429.21894
2026-07-28T03:00:00+00:00,63185.59,63375.39,63168.01,63343.83,728.50056
2026-07-28T04:00:00+00:00,63343.82,63361.85,63221.26,63350.95,343.17382
2026-07-28T05:00:00+00:00,63350.95,63623.5,63323.09,63451.61,390.51839
2026-07-28T06:00:00+00:00,63451.62,63660.72,63395.13,63640.63,460.72288
2026-07-28T07:00:00+00:00,63640.63,63668.71,63455.58,63505.99,985.9853
2026-07-28T08:00:00+00:00,63506.0,63546.36,63406.11,63428.08,281.48766
2026-07-28T09:00:00+00:00,63428.07,63581.33,63368.81,63393.99,315.43759
2026-07-28T10:00:00+00:00,63393.99,63555.18,63294.0,63473.47,416.0357
2026-07-28T11:00:00+00:00,63473.48,63593.0,63352.0,63450.0,405.45329
2026-07-28T12:00:00+00:00,63449.99,63570.0,63364.96,63546.65,440.98415
2026-07-28T13:00:00+00:00,63546.65,63588.0,62742.47,63104.0,1615.91422
2026-07-28T14:00:00+00:00,63104.0,63550.0,62965.38,63412.45,868.98588
2026-07-28T15:00:00+00:00,63412.45,64026.62,63269.28,63928.47,945.11572
2026-07-28T16:00:00+00:00,63928.46,64100.0,63773.65,64043.26,517.94749
2026-07-28T17:00:00+00:00,64043.27,64043.27,63504.0,63685.88,527.24876
2026-07-28T18:00:00+00:00,63685.88,63849.09,63672.26,63734.49,311.5129
2026-07-28T19:00:00+00:00,63734.49,63904.0,63675.93,63904.0,333.27009
2026-07-28T20:00:00+00:00,63904.0,64018.39,63880.0,63917.55,300.22119
2026-07-28T21:00:00+00:00,63917.55,64073.3,63892.0,63972.44,227.23863
2026-07-28T22:00:00+00:00,63972.44,64020.76,63768.47,63783.71,319.67019
2026-07-28T23:00:00+00:00,63783.72,63956.4,63562.0,63915.0,768.93138
2026-07-29T00:00:00+00:00,63915.0,64200.0,63873.54,63953.99,862.01004
2026-07-29T01:00:00+00:00,63954.0,63999.0,63690.0,63705.06,643.74129
2026-07-29T02:00:00+00:00,63705.07,64132.42,63658.0,63979.96,459.75103
2026-07-29T03:00:00+00:00,63979.96,64002.0,63710.0,63753.03,381.54189
2026-07-29T04:00:00+00:00,63753.04,63970.92,63598.0,63968.34,635.48596
2026-07-29T05:00:00+00:00,63968.34,64094.2,63890.07,64067.32,612.17163
2026-07-29T06:00:00+00:00,64067.32,64471.0,64026.64,64435.62,959.62083
2026-07-29T07:00:00+00:00,64435.63,64575.99,64402.67,64561.0,512.31101
2026-07-29T08:00:00+00:00,64561.01,64588.0,64283.83,64417.31,442.88681
2026-07-29T09:00:00+00:00,64417.31,64744.81,64386.94,64698.0,689.93306
2026-07-29T10:00:00+00:00,64698.01,64718.0,64410.24,64469.83,337.46395
2026-07-29T11:00:00+00:00,64469.84,64591.73,64422.5,64507.54,317.77588
2026-07-29T12:00:00+00:00,64507.53,64507.54,64215.93,64276.81,475.5158
2026-07-29T13:00:00+00:00,64276.82,64667.18,64139.68,64664.7,795.5697
2026-07-29T14:00:00+00:00,64664.69,64718.87,64047.71,64108.01,736.50705
2026-07-29T15:00:00+00:00,64108.01,64195.0,63886.0,63964.01,727.70384
2026-07-29T16:00:00+00:00,63964.01,64146.53,63624.15,63808.33,758.02868
2026-07-29T17:00:00+00:00,63808.33,64286.71,63709.19,64269.83,486.13508
2026-07-29T18:00:00+00:00,64269.83,64648.79,63758.0,64501.52,1896.70634
2026-07-29T19:00:00+00:00,64501.52,64600.0,63511.0,63589.46,1453.05091
2026-07-29T20:00:00+00:00,63589.46,63746.42,63378.09,63522.01,788.59239
2026-07-29T21:00:00+00:00,63522.01,63860.0,63267.34,63860.0,771.02443
2026-07-29T22:00:00+00:00,63860.0,64131.44,63859.99,63942.5,704.70887
2026-07-29T23:00:00+00:00,63942.5,64067.12,63899.0,63984.28,331.88265
2026-07-30T00:00:00+00:00,63984.29,64125.61,63603.92,63696.72,649.94769
2026-07-30T01:00:00+00:00,63696.73,64370.0,63690.0,64266.0,686.07285
2026-07-30T02:00:00+00:00,64266.01,64411.76,64159.63,64189.99,575.1734
2026-07-30T03:00:00+00:00,64190.0,64300.91,64133.99,64161.98,422.8264
2026-07-30T04:00:00+00:00,64161.98,64180.0,64008.5,64023.99,927.45873
2026-07-30T05:00:00+00:00,64024.0,64182.0,63907.85,64033.89,766.12333
2026-07-30T06:00:00+00:00,64033.9,64080.0,63957.2,64002.0,642.99866
2026-07-30T07:00:00+00:00,64001.99,64144.06,63943.29,64026.0,710.04842
2026-07-30T08:00:00+00:00,64026.0,64358.99,63980.54,64308.01,1143.21426
2026-07-30T09:00:00+00:00,64308.01,64641.37,64283.8,64567.56,2560.14823
2026-07-30T10:00:00+00:00,64567.55,64631.99,64562.0,64570.72,459.04462
2026-07-30T11:00:00+00:00,64570.72,64885.18,64542.73,64788.0,630.38864
2026-07-30T12:00:00+00:00,64788.01,65043.94,64788.0,64925.0,819.62205
2026-07-30T13:00:00+00:00,64925.0,65176.6,64689.02,65022.01,1173.19736
2026-07-30T14:00:00+00:00,65022.0,65042.0,64620.0,64683.97,1065.79722
2026-07-30T15:00:00+00:00,64683.97,64888.0,64607.31,64730.3,678.51535
2026-07-30T16:00:00+00:00,64730.29,64963.64,64729.56,64818.01,615.24584
2026-07-30T17:00:00+00:00,64818.01,64988.0,64772.0,64872.0,452.4677
2026-07-30T18:00:00+00:00,64871.99,64899.8,64688.0,64702.8,263.9882
2026-07-30T19:00:00+00:00,64702.8,64904.0,64702.79,64800.0,356.88836
2026-07-30T20:00:00+00:00,64800.0,64936.0,64752.12,64777.37,330.42092
2026-07-30T21:00:00+00:00,64777.38,64802.48,64700.34,64735.53,227.76045
2026-07-30T22:00:00+00:00,64735.53,65029.29,64668.91,64851.16,482.45748
2026-07-30T23:00:00+00:00,64851.16,65086.4,64740.0,64780.02,491.7787
2026-07-31T00:00:00+00:00,64780.03,64901.55,64690.29,64724.91,660.4309
2026-07-31T01:00:00+00:00,64724.92,65409.56,64480.44,64564.01,1217.00276
2026-07-31T02:00:00+00:00,64564.0,64614.0,64203.58,64297.79,855.65776
2026-07-31T03:00:00+00:00,64297.79,64439.81,64172.0,64370.0,548.04563
2026-07-31T04:00:00+00:00,64370.0,64438.0,64236.0,64300.0,391.13431
2026-07-31T05:00:00+00:00,64299.99,64421.68,64268.47,64363.06,529.40293
2026-07-31T06:00:00+00:00,64363.06,64496.64,64196.08,64231.97,503.77566
2026-07-31T07:00:00+00:00,64231.97,64245.57,63878.11,63950.01,3088.95651
2026-07-31T08:00:00+00:00,63950.01,63987.36,63784.67,63834.01,734.18718
2026-07-31T09:00:00+00:00,63834.01,63847.13,63638.18,63715.9,562.33026
2026-07-31T10:00:00+00:00,63715.91,63951.77,63610.0,63918.67,422.39058
2026-07-31T11:00:00+00:00,63918.68,64011.99,63792.01,63805.51,287.14604
2026-07-31T12:00:00+00:00,63805.5,63830.62,63627.66,63754.01,516.25828
2026-07-31T13:00:00+00:00,63754.01,63849.19,63241.71,63270.73,1511.53534
2026-07-31T14:00:00+00:00,63270.72,63310.0,62466.0,62682.06,3628.40429
2026-07-31T15:00:00+00:00,62682.05,62769.36,62490.24,62716.57,965.95557
2026-07-31T16:00:00+00:00,62716.57,62931.79,62709.01,62870.88,857.24803
2026-07-31T17:00:00+00:00,62870.87,63301.68,62800.0,63245.44,856.72938
2026-07-31T18:00:00+00:00,63245.44,63302.0,62966.0,63097.57,753.45664
2026-07-31T19:00:00+00:00,63097.57,63158.0,62936.29,62972.0,304.88916
2026-07-31T20:00:00+00:00,62972.0,63034.0,62928.35,62953.7,318.42027
2026-07-31T21:00:00+00:00,62953.7,63062.47,62846.0,62947.78,334.75985
2026-07-31T22:00:00+00:00,62947.77,63020.0,62870.01,62950.0,440.99494
2026-07-31T23:00:00+00:00,62950.01,63013.52,62860.64,62887.88,186.49459
2026-08-01T00:00:00+00:00,62887.88,63024.04,62887.87,62938.01,517.26897
2026-08-01T01:00:00+00:00,62938.01,62990.0,62923.47,62975.01,386.71985
2026-08-01T02:00:00+00:00,62975.0,63106.55,62975.0,63075.07,348.67082
2026-08-01T03:00:00+00:00,63075.08,63075.08,62970.65,63004.48,388.95582
2026-08-01T04:00:00+00:00,63004.47,63115.37,62993.2,63115.01,223.92941
2026-08-01T05:00:00+00:00,63115.0,63142.85,63000.85,63020.0,458.27671
2026-08-01T06:00:00+00:00,63020.0,63086.65,62992.82,63080.64,434.87477
2026-08-01T07:00:00+00:00,63080.65,63110.89,63034.0,63050.46,150.69173
2026-08-01T08:00:00+00:00,63050.45,63150.0,63050.45,63126.25,106.02817
2026-08-01T09:00:00+00:00,63126.25,63139.54,63046.33,63053.17,228.45152
2026-08-01T10:00:00+00:00,63053.17,63111.09,62986.31,63056.0,321.04349
2026-08-01T11:00:00+00:00,63055.99,63091.97,63037.72,63076.0,179.08594
2026-08-01T12:00:00+00:00,63076.0,63119.4,63076.0,63103.68,320.18632
2026-08-01T13:00:00+00:00,63103.68,63106.83,63051.0,63069.32,187.46878
2026-08-01T14:00:00+00:00,63069.31,63127.07,63069.31,63126.52,385.79335
2026-08-01T15:00:00+00:00,63126.53,63126.53,63007.05,63007.06,164.42533
2026-08-01T16:00:00+00:00,63007.06,63027.65,62874.0,62932.32,327.87182
2026-08-01T17:00:00+00:00,62932.32,62996.0,62666.0,62708.07,359.17517
2026-08-01T18:00:00+00:00,62708.06,62734.0,62275.0,62580.56,931.42897
2026-08-01T19:00:00+00:00,62580.55,62624.0,62461.17,62529.82,312.52626
2026-08-01T20:00:00+00:00,62529.81,62674.98,62482.99,62662.13,183.46966
2026-08-01T21:00:00+00:00,62662.14,62864.0,62662.13,62812.75,229.38386
2026-08-01T22:00:00+00:00,62812.76,62866.62,62794.17,62831.28,129.54917
2026-08-01T23:00:00+00:00,62831.29,62862.8,62769.97,62823.64,287.81315
2026-08-02T00:00:00+00:00,62823.65,62979.99,62806.58,62833.99,397.27424
2026-08-02T01:00:00+00:00,62834.0,63088.0,62834.0,62981.87,215.77694
2026-08-02T02:00:00+00:00,62981.87,63547.7,62958.54,63451.58,1068.41906
2026-08-02T03:00:00+00:00,63451.58,63550.0,63380.0,63461.95,388.55462
2026-08-02T04:00:00+00:00,63461.95,63612.0,63461.95,63590.0,302.37117
2026-08-02T05:00:00+00:00,63590.0,63634.0,63415.26,63453.27,261.31562
2026-08-02T06:00:00+00:00,63453.27,63498.15,63435.99,63482.49,160.39885
2026-08-02T07:00:00+00:00,63482.49,63544.51,63480.0,63506.24,412.11258
2026-08-02T08:00:00+00:00,63506.23,63530.0,63172.0,63193.99,542.79786
2026-08-02T09:00:00+00:00,63194.0,63320.0,63094.0,63273.94,277.11141
2026-08-02T10:00:00+00:00,63273.94,63273.94,63125.06,63205.03,200.2751
2026-08-02T11:00:00+00:00,63205.03,63206.0,62982.38,63031.99,373.06149
2026-08-02T12:00:00+00:00,63031.99,63231.67,63031.99,63125.49,247.99863
2026-08-02T13:00:00+00:00,63125.49,63146.89,63010.0,63126.92,262.12825
2026-08-02T14:00:00+00:00,63126.92,63186.0,63062.0,63069.37,314.22912
2026-08-02T15:00:00+00:00,63069.37,63186.0,63050.0,63109.14,191.05332
2026-08-02T16:00:00+00:00,63109.13,63273.49,63064.01,63180.36,267.96361
2026-08-02T17:00:00+00:00,63180.36,63342.0,63152.0,63300.28,318.39177
2026-08-02T18:00:00+00:00,63300.0,63610.01,63290.0,63382.01,518.81545
2026-08-02T19:00:00+00:00,63382.01,63479.85,63323.89,63456.01,247.35839
2026-08-02T20:00:00+00:00,63456.0,63501.48,63404.69,63494.52,140.51262
2026-08-02T21:00:00+00:00,63494.51,63785.0,63479.45,63578.0,457.27756
2026-08-02T22:00:00+00:00,63578.01,63796.33,63376.71,63424.58,484.1409
2026-08-02T23:00:00+00:00,63424.58,63596.0,63344.0,63570.0,337.67298
2026-08-03T00:00:00+00:00,63570.01,63596.0,63208.3,63317.6,357.32342
2026-08-03T01:00:00+00:00,63317.61,63350.0,63111.1,63212.16,372.31318
2026-08-03T02:00:00+00:00,63212.16,63286.0,63100.0,63141.4,334.18959
2026-08-03T03:00:00+00:00,63141.39,63168.44,62786.04,62870.49,516.46423
2026-08-03T04:00:00+00:00,62870.48,63001.77,62770.37,62790.0,320.41763
2026-08-03T05:00:00+00:00,62790.0,62875.02,62751.3,62827.17,546.69206
2026-08-03T06:00:00+00:00,62827.17,62872.58,62613.0,62623.6,396.31841
2026-08-03T07:00:00+00:00,62623.6,62700.0,62552.04,62621.1,1264.72827
2026-08-03T08:00:00+00:00,62621.1,62647.69,62300.0,62541.5,657.33122
2026-08-03T09:00:00+00:00,62541.5,62863.1,62520.0,62837.4,585.41075
2026-08-03T10:00:00+00:00,62837.4,62860.0,62615.11,62742.01,443.80935
2026-08-03T11:00:00+00:00,62742.01,62778.92,62540.95,62560.01,282.26451
2026-08-03T12:00:00+00:00,62560.01,62799.3,62445.26,62700.0,437.23263
2026-08-03T13:00:00+00:00,62700.01,63390.0,62562.42,63351.09,1121.39133
2026-08-03T14:00:00+00:00,63351.09,63992.71,63136.0,63967.19,2387.82383
2026-08-03T15:00:00+00:00,63967.19,63989.75,63646.59,63694.91,1368.53804
2026-08-03T16:00:00+00:00,63694.9,63939.99,63664.0,63776.46,800.0795
2026-08-03T17:00:00+00:00,63776.46,64059.75,63714.55,63906.0,628.1066
2026-08-03T18:00:00+00:00,63905.99,64000.0,63768.0,63870.87,368.04477
2026-08-03T19:00:00+00:00,63870.87,64080.0,63846.0,63869.38,545.18183
2026-08-03T20:00:00+00:00,63869.38,64023.61,63769.92,63775.43,498.9936
2026-08-03T21:00:00+00:00,63775.43,63791.98,63548.0,63590.15,427.95014
2026-08-03T22:00:00+00:00,63590.15,63680.0,63392.01,63618.0,422.48287
2026-08-03T23:00:00+00:00,63618.01,63621.35,63465.43,63520.0,460.20967
2026-08-04T00:00:00+00:00,63520.0,63585.09,63322.01,63361.99,536.23408
2026-08-04T01:00:00+00:00,63362.0,63927.99,63361.99,63847.93,808.63269
2026-08-04T02:00:00+00:00,63847.92,63972.0,63686.44,63822.44,596.20908
2026-08-04T03:00:00+00:00,63822.45,63860.0,63649.0,63800.01,343.13285
2026-08-04T04:00:00+00:00,63800.01,64243.81,63762.0,64029.0,795.09044
2026-08-04T05:00:00+00:00,64029.01,64056.0,63788.23,63818.48,306.74636
2026-08-04T06:00:00+00:00,63818.47,63859.71,63654.16,63670.0,321.82249
2026-08-04T07:00:00+00:00,63670.0,63763.63,63506.78,63685.74,779.79552
2026-08-04T08:00:00+00:00,63685.73,63748.22,63564.99,63588.94,412.14854
2026-08-04T09:00:00+00:00,63589.04,63610.0,63516.43,63603.73,356.68509
2026-08-04T10:00:00+00:00,63603.73,63842.0,63451.8,63764.0,613.8334
2026-08-04T11:00:00+00:00,63763.99,63950.0,63712.0,63926.0,457.77198
2026-08-04T12:00:00+00:00,63926.0,64062.46,63788.0,63906.41,546.54537
2026-08-04T13:00:00+00:00,63906.41,64097.74,63656.0,63683.94,1052.90355
2026-08-04T14:00:00+00:00,63683.95,64193.54,63615.38,64128.72,879.92592
2026-08-04T15:00:00+00:00,64128.73,64238.0,63814.29,64125.14,876.1178
2026-08-04T16:00:00+00:00,64125.14,64130.0,63897.22,63950.93,546.40306
2026-08-04T17:00:00+00:00,63950.94,64184.0,63892.0,63972.09,719.77508
2026-08-04T18:00:00+00:00,63972.09,64400.0,63965.73,64305.99,693.34672
2026-08-04T19:00:00+00:00,64305.99,64413.21,64193.57,64233.36,534.82384
2026-08-04T20:00:00+00:00,64233.35,64420.0,64001.68,64341.0,558.35238
2026-08-04T21:00:00+00:00,64341.0,64341.99,64175.52,64194.0,220.73608
2026-08-04T22:00:00+00:00,64193.99,64293.91,64140.0,64270.61,181.53234
2026-08-04T23:00:00+00:00,64270.62,64549.16,64081.26,64106.56,551.91443
2026-08-05T00:00:00+00:00,64106.55,64193.25,63978.44,63988.0,649.78599
2026-08-05T01:00:00+00:00,63988.0,64346.0,63950.0,64333.84,393.02738
2026-08-05T02:00:00+00:00,64333.85,64504.0,64322.59,64368.26,562.72054
2026-08-05T03:00:00+00:00,64368.27,64446.0,64046.0,64183.27,445.73851
2026-08-05T04:00:00+00:00,64183.27,64218.0,64088.01,64176.7,184.21473
2026-08-05T05:00:00+00:00,64176.69,64525.97,64163.36,64330.87,480.37923
2026-08-05T06:00:00+00:00,64330.86,64373.31,64229.34,64253.58,396.58374
2026-08-05T07:00:00+00:00,64253.59,64272.0,63995.89,64163.99,577.00898
2026-08-05T08:00:00+00:00,64164.0,64280.0,64098.0,64120.81,335.28683
2026-08-05T09:00:00+00:00,64120.81,64210.83,64102.95,64155.05,184.00109
2026-08-05T10:00:00+00:00,64155.06,64242.93,64020.0,64062.23,387.90421
2026-08-05T11:00:00+00:00,64062.23,64150.0,64044.5,64075.28,258.58817
2026-08-05T12:00:00+00:00,64075.28,64581.43,64050.0,64332.43,1037.97436
2026-08-05T13:00:00+00:00,64332.43,64412.0,63880.0,64407.99,1022.29322
2026-08-05T14:00:00+00:00,64407.99,64578.0,64300.0,64476.39,1047.50709
2026-08-05T15:00:00+00:00,64476.4,64744.0,64385.49,64388.01,986.83874
2026-08-05T16:00:00+00:00,64388.01,64760.99,64388.0,64661.99,538.9344
2026-08-05T17:00:00+00:00,64661.99,64804.0,64541.71,64770.0,480.07544
2026-08-05T18:00:00+00:00,64770.0,64844.99,64670.01,64799.1,509.17226
2026-08-05T19:00:00+00:00,64799.1,64936.18,64781.79,64840.28,466.98679
2026-08-05T20:00:00+00:00,64840.27,65025.22,64806.46,64822.89,498.389
2026-08-05T21:00:00+00:00,64822.88,64825.78,64657.69,64733.13,467.37291
2026-08-05T22:00:00+00:00,64733.13,64783.84,64629.81,64636.0,271.07045
2026-08-05T23:00:00+00:00,64636.0,64749.99,64579.15,64665.23,561.00122
2026-08-06T00:00:00+00:00,64665.24,64724.38,64572.0,64644.99,476.9934
2026-08-06T01:00:00+00:00,64644.92,64659.65,64498.0,64580.07,393.9399
2026-08-06T02:00:00+00:00,64580.08,64650.62,64439.34,64579.36,432.25507
2026-08-06T03:00:00+00:00,64579.36,64583.63,64493.2,64531.03,197.99261
2026-08-06T04:00:00+00:00,64531.03,64755.72,64496.27,64734.65,354.38235
2026-08-06T05:00:00+00:00,64734.65,64996.0,64730.26,64908.09,515.23827
2026-08-06T06:00:00+00:00,64908.1,64908.1,64745.69,64860.0,233.29381
2026-08-06T07:00:00+00:00,64860.0,64965.66,64776.0,64809.7,679.84082
2026-08-06T08:00:00+00:00,64809.7,64999.0,64760.0,64941.99,323.50568
2026-08-06T09:00:00+00:00,64942.0,64944.0,64630.0,64683.62,404.08385
2026-08-06T10:00:00+00:00,64683.62,64685.05,64581.21,64615.95,207.8831
2026-08-06T11:00:00+00:00,64615.95,64661.26,64503.54,64622.09,372.14171
2026-08-06T12:00:00+00:00,64622.08,64637.68,64381.96,64424.0,336.45805
2026-08-06T13:00:00+00:00,64424.01,64524.21,64172.0,64434.01,870.19548
2026-08-06T14:00:00+00:00,64434.01,64850.0,64362.0,64778.0,781.12724
2026-08-06T15:00:00+00:00,64778.01,64987.26,64624.29,64631.87,772.83402
2026-08-06T16:00:00+00:00,64631.88,64778.0,64592.37,64757.99,370.31723
2026-08-06T17:00:00+00:00,64758.0,64834.0,64548.81,64621.69,293.75208
2026-08-06T18:00:00+00:00,64621.68,64621.69,64378.67,64418.47,347.29306
2026-08-06T19:00:00+00:00,64418.48,64474.71,64365.0,64446.0,449.59357
2026-08-06T20:00:00+00:00,64446.01,64536.32,64439.7,64439.7,195.47529
2026-08-06T21:00:00+00:00,64439.71,64513.99,64404.74,64440.74,249.73283
2026-08-06T22:00:00+00:00,64440.74,64450.0,64330.4,64351.49,210.70667
2026-08-06T23:00:00+00:00,64351.48,64360.01,64200.0,64323.61,395.39675
2026-08-07T00:00:00+00:00,64323.61,64410.0,64230.59,64317.99,285.45231
2026-08-07T01:00:00+00:00,64318.0,64476.78,64300.0,64422.55,351.02167
2026-08-07T02:00:00+00:00,64422.54,64544.0,64252.09,64399.87,388.69448
2026-08-07T03:00:00+00:00,64399.88,64407.73,64260.0,64289.99,199.96303
2026-08-07T04:00:00+00:00,64289.99,64364.08,64166.0,64255.13,222.89749
2026-08-07T05:00:00+00:00,64255.14,64400.0,64177.62,64336.43,321.20596
2026-08-07T06:00:00+00:00,64336.42,64463.75,64283.91,64304.12,452.26837
2026-08-07T07:00:00+00:00,64304.12,64436.13,64264.0,64319.84,382.39149
2026-08-07T08:00:00+00:00,64319.84,64672.1,64304.22,64600.0,433.22408
2026-08-07T09:00:00+00:00,64600.0,64965.0,64599.99,64839.32,917.15159
2026-08-07T10:00:00+00:00,64839.32,64916.0,64802.0,64893.98,362.71626
2026-08-07T11:00:00+00:00,64893.99,65213.33,64893.64,65029.98,652.67441
2026-08-07T12:00:00+00:00,65029.98,65390.99,64986.26,65292.32,1412.7636
2026-08-07T13:00:00+00:00,65292.31,65338.0,64984.68,65009.24,1271.25225
2026-08-07T14:00:00+00:00,65009.23,65275.03,64788.0,64957.98,982.58571
2026-08-07T15:00:00+00:00,64957.98,65136.17,64894.83,64912.72,468.0279
2026-08-07T16:00:00+00:00,64912.71,65072.31,64814.0,64814.0,485.33624
2026-08-07T17:00:00+00:00,64814.01,64828.82,64525.0,64764.33,603.65716
2026-08-07T18:00:00+00:00,64764.33,64881.13,64676.0,64735.51,225.44204
2026-08-07T19:00:00+00:00,64735.52,65039.42,64735.52,64960.47,398.55222
2026-08-07T20:00:00+00:00,64960.46,65053.56,64948.0,64972.0,238.49651
2026-08-07T21:00:00+00:00,64972.0,65102.0,64928.0,64928.01,187.58406
2026-08-07T22:00:00+00:00,64928.02,64947.7,64846.0,64888.0,304.11479
2026-08-07T23:00:00+00:00,64888.0,64923.2,64869.99,64923.19,259.93041
2026-08-08T00:00:00+00:00,64923.2,64954.0,64784.19,64929.01,432.5947
2026-08-08T01:00:00+00:00,64929.01,64965.0,64908.97,64911.79,283.12303
2026-08-08T02:00:00+00:00,64911.8,64957.47,64894.49,64923.97,317.46111
2026-08-08T03:00:00+00:00,64923.98,65074.18,64918.28,65033.0,277.39242
2026-08-08T04:00:00+00:00,65033.0,65071.15,64971.18,65013.58,199.83614
2026-08-08T05:00:00+00:00,65013.58,65018.64,64976.0,64995.39,118.91329
2026-08-08T06:00:00+00:00,64995.39,65014.0,64959.81,65006.61,298.35674
2026-08-08T07:00:00+00:00,65006.61,65006.61,64951.34,64960.0,169.03379
2026-08-08T08:00:00+00:00,64959.99,65020.5,64948.56,64993.87,150.80437
2026-08-08T09:00:00+00:00,64993.88,65050.0,64992.98,64994.31,303.53576
2026-08-08T10:00:00+00:00,64994.31,65022.43,64994.31,65005.87,144.30853
2026-08-08T11:00:00+00:00,65005.88,65024.1,64957.0,64967.35,178.16146
2026-08-08T12:00:00+00:00,64967.36,65050.55,64924.0,65008.34,234.45077
2026-08-08T13:00:00+00:00,65008.33,65018.0,65000.0,65015.27,187.85749
2026-08-08T14:00:00+00:00,65015.27,65192.54,65015.27,65129.02,356.35929
2026-08-08T15:00:00+00:00,65129.01,65149.57,65061.31,65080.82,186.5848
2026-08-08T16:00:00+00:00,65080.83,65116.82,65039.0,65086.45,128.83529
2026-08-08T17:00:00+00:00,65086.46,65150.0,65075.46,65119.75,187.72596
2026-08-08T18:00:00+00:00,65119.75,65119.75,65025.54,65044.07,168.52013
2026-08-08T19:00:00+00:00,65044.08,65093.7,65017.39,65075.41,205.39734
2026-08-08T20:00:00+00:00,65075.4,65100.61,65060.0,65082.41,382.31735
2026-08-08T21:00:00+00:00,65082.42,65082.42,65000.53,65012.96,216.53129
2026-08-08T22:00:00+00:00,65012.95,65038.0,64948.17,64950.61,427.30382
2026-08-08T23:00:00+00:00,64950.62,64975.99,64936.01,64962.6,204.73811
2026-08-09T00:00:00+00:00,64962.6,64991.93,64958.17,64973.65,214.05253
2026-08-09T01:00:00+00:00,64973.65,65002.0,64838.33,64861.46,330.74593
2026-08-09T02:00:00+00:00,64861.46,64863.16,64777.92,64820.01,255.40052
2026-08-09T03:00:00+00:00,64820.01,64820.01,64730.08,64788.8,153.75776
2026-08-09T04:00:00+00:00,64788.8,64826.13,64785.0,64785.0,156.31772
2026-08-09T05:00:00+00:00,64785.01,64801.58,64777.0,64801.58,194.39306
2026-08-09T06:00:00+00:00,64801.57,64867.11,64801.57,64849.99,216.36529
2026-08-09T07:00:00+00:00,64850.0,64860.01,64826.14,64826.14,338.38864
2026-08-09T08:00:00+00:00,64826.15,64960.06,64792.1,64824.16,328.93534
2026-08-09T09:00:00+00:00,64824.17,64877.86,64809.68,64877.85,149.22124
2026-08-09T10:00:00+00:00,64877.86,64994.07,64877.85,64959.86,249.48898
2026-08-09T11:00:00+00:00,64959.87,65000.0,64950.0,64950.0,150.77221
2026-08-09T12:00:00+00:00,64950.01,64962.41,64914.73,64960.11,166.88575
2026-08-09T13:00:00+00:00,64960.12,65266.0,64960.11,65219.78,406.90586
2026-08-09T14:00:00+00:00,65219.78,65300.0,65150.95,65260.01,280.8075
2026-08-09T15:00:00+00:00,65260.01,65264.0,65214.0,65228.68,364.1864
2026-08-09T16:00:00+00:00,65228.68,65266.06,65182.36,65232.14,289.41282
2026-08-09T17:00:00+00:00,65232.15,65239.18,65198.68,65198.68,130.05099
2026-08-09T18:00:00+00:00,65198.68,65220.0,65192.0,65199.68,83.21999
2026-08-09T19:00:00+00:00,65199.69,65210.0,65179.72,65180.66,257.6312
2026-08-09T20:00:00+00:00,65180.66,65181.99,65046.25,65137.96,465.99754
2026-08-09T21:00:00+00:00,65137.96,65250.0,65115.05,65192.99,485.32235
2026-08-09T22:00:00+00:00,65192.99,65474.46,64971.41,65077.13,941.55321
2026-08-09T23:00:00+00:00,65077.13,65108.0,64842.59,64901.59,421.42323
2026-08-10T00:00:00+00:00,64901.59,65322.58,64826.78,64968.01,556.44925
2026-08-10T01:00:00+00:00,64968.21,65391.14,64900.0,65189.99,410.26148
2026-08-10T02:00:00+00:00,65190.0,65220.0,64903.54,65099.99,432.7132
2026-08-10T03:00:00+00:00,65099.99,65172.0,64904.99,64982.01,335.63049
2026-08-10T04:00:00+00:00,64982.0,65100.0,64924.0,65006.73,333.49313
2026-08-10T05:00:00+00:00,65006.74,65159.25,64979.88,65134.0,299.63603
2026-08-10T06:00:00+00:00,65134.0,65339.7,65130.01,65299.4,433.93661
2026-08-10T07:00:00+00:00,65299.4,65379.13,65196.53,65202.73,554.01187
2026-08-10T08:00:00+00:00,65202.72,65328.73,65192.0,65245.58,316.81156
2026-08-10T09:00:00+00:00,65245.59,65245.59,64958.87,64967.24,389.34609
2026-08-10T10:00:00+00:00,64967.25,65074.61,64967.24,65013.06,428.4961
2026-08-10T11:00:00+00:00,65013.07,65130.16,64977.93,65125.98,160.3373
2026-08-10T12:00:00+00:00,65125.99,65237.8,64850.0,64870.75,596.12387
2026-08-10T13:00:00+00:00,64870.74,64973.72,64518.01,64561.98,1297.24239
2026-08-10T14:00:00+00:00,64561.98,64888.32,64544.01,64625.77,650.29814
2026-08-10T15:00:00+00:00,64625.77,64711.43,64203.15,64299.99,1096.33991
2026-08-10T16:00:00+00:00,64299.99,64354.0,63830.57,63904.65,1498.06925
2026-08-10T17:00:00+00:00,63904.65,64027.12,63832.0,63953.04,1290.55418
2026-08-10T18:00:00+00:00,63953.04,64020.64,63806.27,63889.39,944.06538
2026-08-10T19:00:00+00:00,63889.39,64101.34,63888.01,64045.7,543.26284
2026-08-10T20:00:00+00:00,64045.7,64215.21,64023.06,64158.5,286.34235
2026-08-10T21:00:00+00:00,64158.49,64158.5,63987.0,63987.0,239.68387
2026-08-10T22:00:00+00:00,63987.0,64055.95,63944.0,64016.0,216.96727
2026-08-10T23:00:00+00:00,64015.99,64020.0,63920.69,63970.01,328.33621
2026-08-11T00:00:00+00:00,63970.01,64058.0,63895.64,64040.0,690.26826
2026-08-11T01:00:00+00:00,64040.01,64080.1,63958.2,64060.8,355.07512
2026-08-11T02:00:00+00:00,64060.8,64086.0,64030.0,64044.59,263.24469
2026-08-11T03:00:00+00:00,64044.6,64176.0,64044.59,64155.01,524.13513
2026-08-11T04:00:00+00:00,64155.0,64159.65,64021.02,64023.51,360.17249
2026-08-11T05:00:00+00:00,64023.51,64051.93,63964.0,64000.0,217.31247
2026-08-11T06:00:00+00:00,64000.0,64050.43,63852.0,63969.28,681.87714
2026-08-11T07:00:00+00:00,63969.29,64108.0,63911.09,64065.99,380.83043
2026-08-11T08:00:00+00:00,64066.0,64148.78,64044.72,64136.41,168.66039
2026-08-11T09:00:00+00:00,64136.41,64300.0,64121.51,64300.0,453.24003
2026-08-11T10:00:00+00:00,64300.0,64312.7,64200.0,64233.23,408.12036
2026-08-11T11:00:00+00:00,64233.23,64400.0,64233.23,64389.57,538.09782
2026-08-11T12:00:00+00:00,64389.58,64515.43,64274.57,64330.01,714.43565
2026-08-11T13:00:00+00:00,64330.0,64368.42,64050.0,64200.28,1390.7479
2026-08-11T14:00:00+00:00,64200.29,64263.83,63714.75,63770.03,985.02313
2026-08-11T15:00:00+00:00,63770.03,63868.0,63451.0,63609.87,1286.57237
2026-08-11T16:00:00+00:00,63609.86,63660.0,63459.54,63512.59,740.82749
2026-08-11T17:00:00+00:00,63512.59,63632.94,63461.88,63607.88,482.84238
2026-08-11T18:00:00+00:00,63607.87,63626.03,63251.59,63373.07,749.01907
2026-08-11T19:00:00+00:00,63373.07,63536.0,63238.0,63536.0,452.04779
2026-08-11T20:00:00+00:00,63536.0,63748.37,63536.0,63740.0,321.5572
2026-08-11T21:00:00+00:00,63740.0,63768.58,63622.0,63672.73,269.417
2026-08-11T22:00:00+00:00,63672.73,63768.0,63626.25,63668.49,253.27935
2026-08-11T23:00:00+00:00,63668.5,63668.5,63543.55,63600.0,204.82882
2026-08-12T00:00:00+00:00,63600.01,63745.53,63534.01,63742.07,247.42097
2026-08-12T01:00:00+00:00,63742.07,63855.5,63698.18,63813.8,499.92358
2026-08-12T02:00:00+00:00,63813.8,63908.01,63730.72,63749.76,612.29132
2026-08-12T03:00:00+00:00,63749.77,63845.91,63709.85,63835.59,538.85374
2026-08-12T04:00:00+00:00,63835.58,63891.42,63739.99,63769.58,568.35931
2026-08-12T05:00:00+00:00,63769.58,63869.56,63724.25,63849.94,540.4656
2026-08-12T06:00:00+00:00,63849.94,63849.94,63606.15,63711.97,563.28705
2026-08-12T07:00:00+00:00,63711.97,63838.0,63644.1,63837.99,458.43036
2026-08-12T08:00:00+00:00,63838.0,63867.2,63773.98,63794.94,303.11959
2026-08-12T09:00:00+00:00,63794.95,64130.47,63768.01,64108.81,553.52986
2026-08-12T10:00:00+00:00,64108.82,64218.0,64059.99,64143.36,996.13758
2026-08-12T11:00:00+00:00,64143.36,64249.5,64113.5,64240.04,414.30431
2026-08-12T12:00:00+00:00,64240.04,64500.0,63976.37,64119.71,1297.05947
2026-08-12T13:00:00+00:00,64119.72,64159.36,63840.0,63840.0,727.44098
2026-08-12T14:00:00+00:00,63840.0,63926.13,63362.74,63363.39,1163.88428
2026-08-12T15:00:00+00:00,63363.39,63570.01,63316.0,63441.47,771.05562
2026-08-12T16:00:00+00:00,63441.48,63578.0,63368.35,63492.12,487.79219
2026-08-12T17:00:00+00:00,63492.12,63556.0,63416.4,63471.0,292.36777
2026-08-12T18:00:00+00:00,63470.99,63522.56,63373.97,63386.59,396.92257
2026-08-12T19:00:00+00:00,63386.58,63465.13,63310.34,63421.11,381.53313
2026-08-12T20:00:00+00:00,63421.11,63600.0,63421.11,63599.99,307.26199
2026-08-12T21:00:00+00:00,63600.0,63661.24,63421.61,63469.83,267.57645
2026-08-12T22:00:00+00:00,63469.84,63536.0,63370.0,63432.28,240.00896
2026-08-12T23:00:00+00:00,63432.28,63482.89,63378.23,63479.99,998.04154
2026-08-13T00:00:00+00:00,63479.99,63717.31,63460.32,63556.92,406.77009
2026-08-13T01:00:00+00:00,63556.91,63631.67,63382.45,63456.11,317.88444
2026-08-13T02:00:00+00:00,63456.1,63582.0,63380.0,63550.01,458.1649
2026-08-13T03:00:00+00:00,63550.01,63686.4,63514.21,63646.99,401.71819
2026-08-13T04:00:00+00:00,63647.0,63778.0,63591.56,63693.74,223.42484
2026-08-13T05:00:00+00:00,63693.73,64010.0,63671.64,63878.0,500.10882
2026-08-13T06:00:00+00:00,63878.01,63942.36,63757.47,63942.35,256.03719
2026-08-13T07:00:00+00:00,63942.36,63947.09,63856.13,63865.84,533.09585
2026-08-13T08:00:00+00:00,63865.84,63915.0,63742.0,63766.8,439.81868
2026-08-13T09:00:00+00:00,63766.8,63786.49,63587.99,63782.64,337.82326
2026-08-13T10:00:00+00:00,63782.65,63818.16,63586.0,63651.19,317.79982
2026-08-13T11:00:00+00:00,63651.2,63660.76,63350.0,63484.3,355.63538
2026-08-13T12:00:00+00:00,63484.31,63710.0,63450.0,63697.76,384.47294
2026-08-13T13:00:00+00:00,63697.76,63850.0,63566.0,63724.0,561.86509
2026-08-13T14:00:00+00:00,63723.99,63999.0,63686.0,63859.45,669.38212
2026-08-13T15:00:00+00:00,63859.46,63940.08,63420.0,63420.01,505.15868
2026-08-13T16:00:00+00:00,63420.01,63568.97,62802.27,63160.13,1752.37181
2026-08-13T17:00:00+00:00,63160.13,63294.61,63074.44,63144.38,644.48394
2026-08-13T18:00:00+00:00,63144.37,63369.63,63105.44,63310.0,325.89181
2026-08-13T19:00:00+00:00,63310.0,63519.39,63310.0,63407.99,349.14796
2026-08-13T20:00:00+00:00,63408.0,63474.34,63368.0,63415.55,239.68311
2026-08-13T21:00:00+00:00,63415.56,63500.0,63390.0,63474.0,188.33344
2026-08-13T22:00:00+00:00,63474.0,63640.0,63473.99,63530.01,226.97651
2026-08-13T23:00:00+00:00,63530.01,63539.03,63400.0,63490.86,397.80966
2026-08-14T00:00:00+00:00,63490.86,63552.99,63410.0,63541.45,377.80366
2026-08-14T01:00:00+00:00,63541.45,63585.92,63458.0,63575.86,310.91391
2026-08-14T02:00:00+00:00,63575.86,63617.45,63465.38,63465.39,489.39475
2026-08-14T03:00:00+00:00,63465.39,63576.0,63301.58,63310.0,296.84163
2026-08-14T04:00:00+00:00,63310.0,63472.5,63276.0,63372.56,530.66039
2026-08-14T05:00:00+00:00,63372.56,63400.3,63286.67,63379.83,201.71573
2026-08-14T06:00:00+00:00,63379.83,63379.83,62942.0,62974.14,627.73261
2026-08-14T07:00:00+00:00,62974.14,63110.0,62920.0,62920.78,730.23378
2026-08-14T08:00:00+00:00,62920.78,62997.83,62700.0,62940.01,892.48443
2026-08-14T09:00:00+00:00,62940.01,62940.01,62744.0,62792.75,501.14919
2026-08-14T10:00:00+00:00,62792.75,62946.0,62739.98,62814.14,598.55074
2026-08-14T11:00:00+00:00,62814.14,62936.82,62814.0,62868.83,444.92265
2026-08-14T12:00:00+00:00,62868.83,62913.3,62726.26,62741.69,486.51649
2026-08-14T13:00:00+00:00,62741.68,62822.33,62605.0,62668.0,987.78817
2026-08-14T14:00:00+00:00,62668.0,62797.88,62535.24,62620.01,998.23888
2026-08-14T15:00:00+00:00,62620.01,63089.18,62612.0,62990.95,988.09918
2026-08-14T16:00:00+00:00,62990.94,63215.58,62966.86,63133.48,566.22185
2026-08-14T17:00:00+00:00,63133.49,63247.05,63000.0,63013.69,454.05828
2026-08-14T18:00:00+00:00,63013.7,63088.21,62894.85,62930.01,367.77038
2026-08-14T19:00:00+00:00,62930.01,62996.0,62830.0,62968.05,394.98545
2026-08-14T20:00:00+00:00,62968.06,63020.74,62896.85,62907.59,359.43765
2026-08-14T21:00:00+00:00,62907.59,62937.22,62873.25,62928.49,179.646
2026-08-14T22:00:00+00:00,62928.49,62957.28,62800.0,62886.88,226.57205
2026-08-14T23:00:00+00:00,62886.87,63066.13,62865.03,63043.56,329.09114
2026-08-15T00:00:00+00:00,63043.56,63059.5,62992.91,63019.88,208.64233
2026-08-15T01:00:00+00:00,63019.89,63051.78,62993.57,63045.13,485.23532
2026-08-15T02:00:00+00:00,63045.14,63134.82,63035.95,63134.41,243.54429
2026-08-15T03:00:00+00:00,63134.41,63187.98,63039.99,63051.25,184.46775
2026-08-15T04:00:00+00:00,63051.25,63151.65,63051.25,63122.0,172.30243
2026-08-15T05:00:00+00:00,63122.01,63155.76,63039.99,63089.0,213.28052
2026-08-15T06:00:00+00:00,63089.0,63134.84,63027.89,63114.68,373.75318
2026-08-15T07:00:00+00:00,63114.68,63134.83,63042.0,63075.43,688.73174
2026-08-15T08:00:00+00:00,63075.43,63085.8,62933.71,62935.72,177.99645
2026-08-15T09:00:00+00:00,62935.72,63045.83,62920.0,63030.38,183.99371
2026-08-15T10:00:00+00:00,63030.39,63051.74,63002.12,63046.1,79.58111
2026-08-15T11:00:00+00:00,63046.1,63054.69,62996.85,63022.01,175.71191
2026-08-15T12:00:00+00:00,63022.01,63055.36,62946.58,63050.13,109.73402
2026-08-15T13:00:00+00:00,63050.12,63080.88,63028.11,63060.35,132.2968
2026-08-15T14:00:00+00:00,63060.34,63060.35,62996.77,63040.0,244.03751
2026-08-15T15:00:00+00:00,63040.01,63120.09,63032.0,63100.55,214.37562
2026-08-15T16:00:00+00:00,63100.55,63124.99,63066.73,63096.63,202.83972
2026-08-15T17:00:00+00:00,63096.62,63100.69,63066.21,63070.5,96.56413
2026-08-15T18:00:00+00:00,63070.49,63115.58,63044.37,63057.58,294.79086
2026-08-15T19:00:00+00:00,63057.58,63127.4,63057.57,63126.08,516.06271
2026-08-15T20:00:00+00:00,63126.07,63126.08,63076.96,63103.29,55.31906
2026-08-15T21:00:00+00:00,63103.29,63168.95,63103.29,63159.04,170.99952
2026-08-15T22:00:00+00:00,63159.04,63175.0,63135.52,63135.52,95.56932
2026-08-15T23:00:00+00:00,63135.52,63139.96,63086.0,63086.01,85.33037
2026-08-16T00:00:00+00:00,63086.01,63086.01,63061.47,63085.82,94.57372
2026-08-16T01:00:00+00:00,63085.81,63085.82,63012.0,63084.78,180.55557
2026-08-16T02:00:00+00:00,63084.78,63151.59,63024.22,63121.91,245.34897
2026-08-16T03:00:00+00:00,63121.92,63130.01,63115.61,63130.0,105.94774
2026-08-16T04:00:00+00:00,63130.01,63158.8,63090.0,63090.01,130.32114
2026-08-16T05:00:00+00:00,63090.0,63094.0,63040.0,63069.43,235.12057
2026-08-16T06:00:00+00:00,63069.43,63083.79,63043.21,63069.31,280.31849
2026-08-16T07:00:00+00:00,63069.32,63069.32,63054.34,63061.02,146.93998
2026-08-16T08:00:00+00:00,63061.03,63079.76,63061.02,63072.42,108.9221
2026-08-16T09:00:00+00:00,63072.43,63072.43,62968.45,62992.69,290.93169
2026-08-16T10:00:00+00:00,62992.68,63013.62,62968.45,63008.57,133.29459
2026-08-16T11:00:00+00:00,63008.56,63013.66,62981.93,63013.66,213.61707
2026-08-16T12:00:00+00:00,63013.66,63025.42,62997.77,63021.98,78.74312
2026-08-16T13:00:00+00:00,63021.99,63070.05,63021.98,63060.01,146.76198
2026-08-16T14:00:00+00:00,63060.01,63102.86,63060.0,63102.85,159.23473
2026-08-16T15:00:00+00:00,63102.86,63146.4,63102.86,63146.39,173.3934
2026-08-16T16:00:00+00:00,63146.39,63390.0,63137.35,63260.01,394.04188
2026-08-16T17:00:00+00:00,63260.0,63276.61,63120.22,63159.3,190.81967
2026-08-16T18:00:00+00:00,63159.31,63173.71,63120.0,63140.06,89.92171
2026-08-16T19:00:00+00:00,63140.05,63230.0,63100.89,63108.81,186.2917
2026-08-16T20:00:00+00:00,63108.8,63140.0,63027.6,63067.79,122.98382
2026-08-16T21:00:00+00:00,63067.79,63085.15,62754.0,62929.61,328.59983
2026-08-16T22:00:00+00:00,62929.61,62954.0,62716.0,62913.7,453.8874
2026-08-16T23:00:00+00:00,62913.7,62993.77,62830.0,62900.0,246.66048
2026-08-17T00:00:00+00:00,62900.0,62956.0,62751.1,62917.54,577.24276
2026-08-17T01:00:00+00:00,62917.54,63246.91,62896.0,63116.12,495.52019
2026-08-17T02:00:00+00:00,63116.12,63500.0,63037.09,63403.34,459.80516
2026-08-17T03:00:00+00:00,63403.33,63520.0,63339.78,63429.21,637.65934
2026-08-17T04:00:00+00:00,63429.21,63580.0,63429.21,63532.44,714.19197
2026-08-17T05:00:00+00:00,63532.43,63594.76,63446.59,63520.18,770.70619
2026-08-17T06:00:00+00:00,63520.18,63717.17,63477.95,63667.99,312.69187
2026-08-17T07:00:00+00:00,63668.0,63668.0,63500.0,63514.45,696.41924
2026-08-17T08:00:00+00:00,63514.45,63545.08,63350.0,63380.84,520.36494
2026-08-17T09:00:00+00:00,63380.83,63428.0,63295.0,63323.96,311.26926
2026-08-17T10:00:00+00:00,63323.97,63694.26,63300.25,63692.21,683.00101
2026-08-17T11:00:00+00:00,63692.2,63781.69,63587.05,63631.1,428.28018
2026-08-17T12:00:00+00:00,63631.11,63680.0,63533.06,63554.69,405.66003
2026-08-17T13:00:00+00:00,63554.7,63799.64,63444.17,63672.36,585.29579
2026-08-17T14:00:00+00:00,63672.37,63904.76,63588.0,63902.63,583.47166
2026-08-17T15:00:00+00:00,63902.63,64227.27,63812.35,64200.0,1356.1435
2026-08-17T16:00:00+00:00,64200.0,64216.42,64058.0,64115.76,671.84426
2026-08-17T17:00:00+00:00,64115.76,64425.0,63979.3,64325.99,1418.9831
2026-08-17T18:00:00+00:00,64325.99,64610.01,64280.49,64428.87,1040.45275
2026-08-17T19:00:00+00:00,64428.88,64428.88,64288.35,64309.96,452.68874
2026-08-17T20:00:00+00:00,64309.95,64434.0,64266.0,64392.73,244.13801
2026-08-17T21:00:00+00:00,64392.72,64434.76,64296.0,64382.02,218.14648
2026-08-17T22:00:00+00:00,64382.02,64416.0,64283.49,64291.25,321.62233
2026-08-17T23:00:00+00:00,64291.26,64578.0,64288.24,64532.1,350.04837
2026-08-18T00:00:00+00:00,64532.11,64568.46,64367.27,64383.71,332.9031
2026-08-18T01:00:00+00:00,64383.72,64387.71,64156.0,64200.06,378.48537
2026-08-18T02:00:00+00:00,64200.06,64272.0,64048.0,64103.22,442.34864
2026-08-18T03:00:00+00:00,64103.22,64195.45,64047.73,64185.01,577.49413
2026-08-18T04:00:00+00:00,64185.0,64250.69,64090.0,64210.32,739.25374
2026-08-18T05:00:00+00:00,64210.33,64276.0,64140.0,64242.76,1323.90812
2026-08-18T06:00:00+00:00,64242.76,64446.0,64170.0,64318.03,694.7657
2026-08-18T07:00:00+00:00,64318.03,64350.0,64164.0,64198.97,394.05527
2026-08-18T08:00:00+00:00,64198.97,64336.0,64087.98,64296.02,402.40674
2026-08-18T09:00:00+00:00,64296.01,64296.01,64140.0,64171.95,269.49893
2026-08-18T10:00:00+00:00,64171.95,64216.0,64123.42,64202.8,219.75251
2026-08-18T11:00:00+00:00,64202.81,64402.35,64192.42,64351.19,310.52659
2026-08-18T12:00:00+00:00,64351.18,64355.64,64218.45,64230.02,236.94493
2026-08-18T13:00:00+00:00,64230.02,64284.0,64027.85,64219.99,1179.78725
2026-08-18T14:00:00+00:00,64219.99,65058.81,64219.99,64714.16,1757.31459
2026-08-18T15:00:00+00:00,64714.16,64888.0,64652.0,64855.06,513.17463
2026-08-18T16:00:00+00:00,64855.06,64891.81,64675.5,64840.0,419.07089
2026-08-18T17:00:00+00:00,64840.0,64840.01,64670.02,64670.02,400.18777
2026-08-18T18:00:00+00:00,64670.02,64822.0,64656.0,64772.0,219.3896
2026-08-18T19:00:00+00:00,64771.99,64796.0,64642.36,64643.26,185.09854
2026-08-18T20:00:00+00:00,64643.27,64654.87,64568.0,64582.39,191.92081
2026-08-18T21:00:00+00:00,64582.38,64653.97,64571.48,64604.58,187.67225
2026-08-18T22:00:00+00:00,64604.58,64648.0,64562.25,64634.0,200.09422
2026-08-18T23:00:00+00:00,64634.0,64780.0,64631.15,64725.42,213.8588
2026-08-19T00:00:00+00:00,64725.42,64736.27,64488.0,64488.0,247.80518
2026-08-19T01:00:00+00:00,64488.0,64551.47,64389.27,64400.48,314.2814
2026-08-19T02:00:00+00:00,64400.47,64414.65,64350.0,64351.9,547.93834
2026-08-19T03:00:00+00:00,64351.86,64414.0,64278.0,64330.71,258.70445
2026-08-19T04:00:00+00:00,64330.7,64391.8,64293.43,64316.22,402.06932
2026-08-19T05:00:00+00:00,64316.22,64409.93,64236.0,64236.01,258.31718
2026-08-19T06:00:00+00:00,64236.01,64344.0,64166.0,64339.8,531.39508
2026-08-19T07:00:00+00:00,64339.8,64395.78,64271.78,64296.0,630.66386
2026-08-19T08:00:00+00:00,64296.01,64510.95,64255.0,64413.95,381.23164
2026-08-19T09:00:00+00:00,64413.95,64470.66,64360.7,64427.06,228.1951
2026-08-19T10:00:00+00:00,64427.07,64456.71,64373.24,64456.71,262.84871
2026-08-19T11:00:00+00:00,64456.71,64539.05,64454.99,64515.63,286.02228
2026-08-19T12:00:00+00:00,64515.62,64988.0,64474.86,64882.15,785.09851
2026-08-19T13:00:00+00:00,64882.15,65217.86,64793.29,65012.12,1619.46727
2026-08-19T14:00:00+00:00,65012.12,65970.0,65012.11,65923.21,2365.56793
2026-08-19T15:00:00+00:00,65923.21,69500.0,65892.0,68554.0,9262.86965
2026-08-19T16:00:00+00:00,68554.0,68997.0,68416.36,68465.27,2013.58518
2026-08-19T17:00:00+00:00,68465.26,68546.22,67825.03,68197.29,1708.46485
2026-08-19T18:00:00+00:00,68197.3,68453.43,68042.0,68395.99,626.01288
2026-08-19T19:00:00+00:00,68396.0,68483.52,68103.71,68429.44,730.52396
2026-08-19T20:00:00+00:00,68429.44,69579.99,68390.0,69048.06,1419.23549
2026-08-19T21:00:00+00:00,69048.06,70000.0,68984.78,69709.46,2102.52662
2026-08-19T22:00:00+00:00,69709.47,69833.99,68980.0,69258.9,1240.65644
2026-08-19T23:00:00+00:00,69258.9,69453.88,69160.0,69334.79,830.81844
2026-08-20T00:00:00+00:00,69334.78,69793.21,69314.01,69420.0,1392.50902
2026-08-20T01:00:00+00:00,69420.0,69894.5,69283.25,69721.92,864.23959
2026-08-20T02:00:00+00:00,69721.92,69824.0,69268.0,69301.27,929.59108
2026-08-20T03:00:00+00:00,69301.27,69340.0,68902.22,69195.64,941.77624
2026-08-20T04:00:00+00:00,69195.64,69599.01,69166.0,69492.01,712.36152
2026-08-20T05:00:00+00:00,69492.0,69668.0,69349.16,69406.54,1261.47615
2026-08-20T06:00:00+00:00,69406.53,69927.97,69336.97,69851.99,1346.47743
2026-08-20T07:00:00+00:00,69851.99,70022.0,69506.91,69816.45,2107.14536
2026-08-20T08:00:00+00:00,69816.45,71826.26,69772.36,71592.1,4173.84476
2026-08-20T09:00:00+00:00,71592.11,72067.46,71500.0,71789.97,3166.23325
2026-08-20T10:00:00+00:00,71789.97,72490.0,71686.58,71995.99,2350.9646
2026-08-20T11:00:00+00:00,71995.99,72322.0,71820.0,71927.07,1357.58479
2026-08-20T12:00:00+00:00,71927.07,72015.42,71501.0,71952.04,1576.86402
2026-08-20T13:00:00+00:00,71952.04,72108.8,71132.0,71691.99,2151.9086
2026-08-20T14:00:00+00:00,71692.0,71990.09,71364.01,71826.85,1441.04171
2026-08-20T15:00:00+00:00,71826.85,72830.0,71789.01,72470.83,2926.7352
2026-08-20T16:00:00+00:00,72470.84,72905.0,72205.88,72837.15,1324.40386
2026-08-20T17:00:00+00:00,72837.15,72966.0,72534.71,72737.5,1268.41951
2026-08-20T18:00:00+00:00,72737.51,72810.0,72394.0,72431.36,968.00662
2026-08-20T19:00:00+00:00,72431.35,72774.0,72330.0,72690.76,818.65084
2026-08-20T20:00:00+00:00,72690.76,73110.7,72594.0,72671.75,871.61952
2026-08-20T21:00:00+00:00,72671.76,72848.0,72557.0,72741.81,501.87504
2026-08-20T22:00:00+00:00,72741.81,72878.0,72498.0,72676.22,520.26326
2026-08-20T23:00:00+00:00,72676.23,73400.0,72664.56,73025.15,930.8009
2026-08-21T00:00:00+00:00,73027.02,73990.0,73027.02,73708.02,1919.94005
2026-08-21T01:00:00+00:00,73707.82,75785.82,73668.0,75129.23,3173.32947
2026-08-21T02:00:00+00:00,75129.23,75197.08,74384.63,74439.74,1716.15486
2026-08-21T03:00:00+00:00,74439.75,74882.24,74247.46,74510.77,1039.80072
2026-08-21T04:00:00+00:00,74510.77,75054.46,74510.77,75026.0,825.51685
2026-08-21T05:00:00+00:00,75026.0,75500.0,74918.79,75472.73,1138.68225
2026-08-21T06:00:00+00:00,75472.73,75753.0,75104.0,75646.21,1382.10073
2026-08-21T07:00:00+00:00,75646.2,76916.95,75620.0,76308.65,3775.56433
2026-08-21T08:00:00+00:00,76308.66,79500.0,76235.76,79258.03,4366.47306
2026-08-21T09:00:00+00:00,79258.02,79363.79,77251.0,77910.71,4167.07817
2026-08-21T10:00:00+00:00,77910.71,78250.0,77621.8,77810.02,1604.18384
2026-08-21T11:00:00+00:00,77810.01,77855.78,76411.38,76722.32,2387.74046
2026-08-21T12:00:00+00:00,76722.31,77477.24,76538.0,77223.66,2680.17653
2026-08-21T13:00:00+00:00,77223.66,77700.0,76243.04,77266.87,2022.51306
2026-08-21T14:00:00+00:00,77266.88,77448.26,76552.74,77384.68,1855.76373
2026-08-21T15:00:00+00:00,77384.69,77871.33,77170.0,77221.98,1316.36575
2026-08-21T16:00:00+00:00,77221.98,77563.53,76784.81,77486.01,1368.21973
2026-08-21T17:00:00+00:00,77486.01,77722.12,77189.95,77392.68,1099.33856
2026-08-21T18:00:00+00:00,77392.69,77550.0,76643.72,77146.0,1247.39698
2026-08-21T19:00:00+00:00,77145.99,77360.0,76856.2,77028.94,1151.33799
2026-08-21T20:00:00+00:00,77028.94,77548.99,76863.56,77520.19,905.49008
2026-08-21T21:00:00+00:00,77520.19,78675.1,77388.0,78505.15,1351.97974
2026-08-21T22:00:00+00:00,78505.14,78760.68,78081.8,78460.14,1022.8221
2026-08-21T23:00:00+00:00,78460.13,78720.0,78100.26,78338.03,821.59664
2026-08-22T00:00:00+00:00,78338.03,78500.0,77683.37,77953.3,822.10615
2026-08-22T01:00:00+00:00,77953.3,78234.0,77816.66,77830.01,612.96043
2026-08-22T02:00:00+00:00,77830.01,78563.83,77791.19,78470.0,965.16893
2026-08-22T03:00:00+00:00,78470.0,78828.15,78372.0,78410.98,734.8031
2026-08-22T04:00:00+00:00,78410.98,78818.0,78207.61,78470.0,738.35305
2026-08-22T05:00:00+00:00,78470.0,78584.0,76500.0,77380.75,3816.352
2026-08-22T06:00:00+00:00,77380.75,77572.16,76985.14,77486.09,838.31259
2026-08-22T07:00:00+00:00,77486.09,77669.28,77220.0,77289.18,634.34953
2026-08-22T08:00:00+00:00,77289.18,77445.6,77037.42,77210.55,870.47609
2026-08-22T09:00:00+00:00,77210.55,77395.04,76851.25,77061.99,1089.30988
2026-08-22T10:00:00+00:00,77062.0,77187.46,76533.87,76976.0,1058.83574
2026-08-22T11:00:00+00:00,76976.01,77204.68,76772.05,77130.02,729.38003
2026-08-22T12:00:00+00:00,77130.01,77387.99,77073.86,77300.27,529.84412
2026-08-22T13:00:00+00:00,77300.27,77362.03,77116.0,77288.62,471.5874
2026-08-22T14:00:00+00:00,77288.62,77305.14,76930.0,77003.62,534.05012
2026-08-22T15:00:00+00:00,77003.62,77100.77,76880.0,76978.83,465.28762
2026-08-22T16:00:00+00:00,76978.83,77547.96,76956.36,77288.01,537.52059
2026-08-22T17:00:00+00:00,77288.01,77369.99,77066.66,77278.01,367.89271
2026-08-22T18:00:00+00:00,77278.01,77360.92,77138.0,77257.86,246.33381
2026-08-22T19:00:00+00:00,77257.87,77469.64,77206.53,77418.25,260.41653
2026-08-22T20:00:00+00:00,77418.26,77467.53,77258.0,77311.69,351.69043
2026-08-22T21:00:00+00:00,77311.69,77311.69,76828.78,76856.01,472.54194
2026-08-22T22:00:00+00:00,76856.0,77155.46,76772.0,76997.76,933.98314
2026-08-22T23:00:00+00:00,76997.77,77126.53,76900.0,77074.93,442.95254
2026-08-23T00:00:00+00:00,77074.94,77359.53,77042.91,77302.65,422.64795
2026-08-23T01:00:00+00:00,77302.65,77400.0,77158.0,77190.29,315.9346
2026-08-23T02:00:00+00:00,77190.29,77232.55,77005.88,77079.46,272.44621
2026-08-23T03:00:00+00:00,77079.46,77136.78,76837.0,76927.87,542.03792
2026-08-23T04:00:00+00:00,76927.87,77036.58,76477.04,76602.0,1142.31377
2026-08-23T05:00:00+00:00,76602.0,76730.99,75545.67,76053.37,2021.52468
2026-08-23T06:00:00+00:00,76053.38,76357.51,75872.89,76096.95,788.44492
2026-08-23T07:00:00+00:00,76096.96,76345.31,75907.82,76007.13,498.42122
2026-08-23T08:00:00+00:00,76007.12,76654.78,75952.09,76486.49,773.49224
2026-08-23T09:00:00+00:00,76486.49,76640.21,76467.0,76549.98,346.37256
2026-08-23T10:00:00+00:00,76549.99,76924.29,76542.0,76790.35,533.71157
2026-08-23T11:00:00+00:00,76790.35,77400.0,76744.94,77311.02,784.82342
2026-08-23T12:00:00+00:00,77311.02,77311.99,76975.63,77206.0,446.59889
2026-08-23T13:00:00+00:00,77206.01,77765.8,77192.21,77487.62,955.92825
2026-08-23T14:00:00+00:00,77487.62,77640.58,76802.0,77186.0,1015.68445
2026-08-23T15:00:00+00:00,77186.0,77336.93,76913.49,77156.13,562.15936
2026-08-23T16:00:00+00:00,77156.14,77475.0,77156.13,77429.88,303.2396
2026-08-23T17:00:00+00:00,77429.87,77443.95,77148.2,77176.41,396.15987
2026-08-23T18:00:00+00:00,77176.41,77415.33,77116.0,77341.98,670.17194
2026-08-23T19:00:00+00:00,77341.99,77487.04,77255.99,77346.01,294.93858
2026-08-23T20:00:00+00:00,77346.0,77460.0,77200.03,77401.6,169.97755
2026-08-23T21:00:00+00:00,77401.59,78052.85,77401.59,77833.23,861.63202
2026-08-23T22:00:00+00:00,77833.23,77979.0,77560.02,77598.88,587.36494
2026-08-23T23:00:00+00:00,77598.87,77829.7,77290.22,77734.0,661.20534
2026-08-24T00:00:00+00:00,77734.0,77742.0,77142.85,77679.5,630.62998
2026-08-24T01:00:00+00:00,77679.51,77717.28,76918.0,76922.1,853.47221
2026-08-24T02:00:00+00:00,76922.11,77545.08,76883.61,77478.69,732.4439
2026-08-24T03:00:00+00:00,77478.7,77532.37,76933.0,76933.02,1447.49069
2026-08-24T04:00:00+00:00,76933.02,77247.12,76670.01,76897.44,1191.36747
2026-08-24T05:00:00+00:00,76897.44,77226.93,76842.72,77149.4,884.51745
2026-08-24T06:00:00+00:00,77149.39,77525.09,77071.0,77464.33,745.9839
2026-08-24T07:00:00+00:00,77464.33,77790.19,77281.68,77307.15,681.33125
2026-08-24T08:00:00+00:00,77307.14,77414.88,76838.0,77041.47,921.46444
2026-08-24T09:00:00+00:00,77041.46,77602.8,77028.0,77554.08,523.00977
2026-08-24T10:00:00+00:00,77554.08,78017.0,77534.09,77617.22,1113.08488
2026-08-24T11:00:00+00:00,77617.23,78600.0,77450.0,78443.65,1324.46087
2026-08-24T12:00:00+00:00,78443.65,79326.48,77982.0,79159.99,1858.84351
2026-08-24T13:00:00+00:00,79159.98,79450.0,77851.9,78597.99,3300.58408
2026-08-24T14:00:00+00:00,78597.99,79841.12,78597.99,79510.92,3230.14333
2026-08-24T15:00:00+00:00,79510.93,80000.0,78824.78,79100.01,3666.17565
2026-08-24T16:00:00+00:00,79100.01,79877.87,78901.1,79047.6,1877.28842
2026-08-24T17:00:00+00:00,79047.61,79198.0,78468.61,78761.14,1637.93002
2026-08-24T18:00:00+00:00,78761.14,79084.22,78718.01,78928.35,783.83103
2026-08-24T19:00:00+00:00,78928.35,79118.42,78600.0,78758.0,1063.06502
2026-08-24T20:00:00+00:00,78757.99,78996.0,78560.0,78932.33,421.20967
2026-08-24T21:00:00+00:00,78932.33,79049.4,78853.43,78984.23,302.47665
2026-08-24T22:00:00+00:00,78984.23,78988.0,78692.0,78740.0,351.77026
2026-08-24T23:00:00+00:00,78740.0,79017.76,78622.13,78992.75,636.71946
2026-08-25T00:00:00+00:00,78992.76,79888.0,78715.63,79739.99,1133.49463
2026-08-25T01:00:00+00:00,79739.99,79985.41,79478.0,79828.0,1067.23419
2026-08-25T02:00:00+00:00,79828.0,81272.62,79742.0,80649.63,3314.90532
2026-08-25T03:00:00+00:00,80649.62,80956.0,80314.31,80488.01,1359.49076
2026-08-25T04:00:00+00:00,80488.01,80608.0,80150.0,80363.73,898.81211
2026-08-25T05:00:00+00:00,80363.74,80821.53,80322.0,80731.9,994.03992
2026-08-25T06:00:00+00:00,80731.9,80923.69,80420.0,80574.09,745.39881
2026-08-25T07:00:00+00:00,80574.09,80819.67,79369.17,79705.79,1307.68383
2026-08-25T08:00:00+00:00,79705.79,80249.0,79622.0,79930.77,788.31559
2026-08-25T09:00:00+00:00,79930.76,79958.0,78888.0,79187.2,1475.2851
2026-08-25T10:00:00+00:00,79187.2,79484.01,78992.0,79309.63,836.94668
2026-08-25T11:00:00+00:00,79309.63,79463.59,79044.18,79117.99,617.29432
2026-08-25T12:00:00+00:00,79118.0,79171.88,78640.0,78980.0,1007.3407
2026-08-25T13:00:00+00:00,78980.01,79222.0,78120.74,78647.99,1734.1222
2026-08-25T14:00:00+00:00,78648.0,79386.94,78531.55,79235.99,1216.06528
2026-08-25T15:00:00+00:00,79236.0,79527.09,79020.04,79502.01,794.08262
2026-08-25T16:00:00+00:00,79502.01,79563.71,79067.72,79156.02,676.1787
2026-08-25T17:00:00+00:00,79156.02,79256.08,78752.06,79240.01,747.28203
2026-08-25T18:00:00+00:00,79240.02,79380.0,79048.44,79128.0,469.50082
2026-08-25T19:00:00+00:00,79128.01,79233.57,78728.35,78925.95,702.86873
2026-08-25T20:00:00+00:00,78925.96,78976.0,78165.27,78206.13,777.55096
2026-08-25T21:00:00+00:00,78206.14,78664.0,77851.0,78570.0,840.88883
2026-08-25T22:00:00+00:00,78569.99,79000.0,78569.99,78889.51,577.33833
2026-08-25T23:00:00+00:00,78889.51,78977.49,78396.88,78539.14,690.39348
2026-08-26T00:00:00+00:00,78539.13,78721.48,78312.0,78631.79,680.65038
2026-08-26T01:00:00+00:00,78631.7,78960.0,78607.29,78815.13,572.39774
2026-08-26T02:00:00+00:00,78815.13,79251.6,78748.56,79108.0,505.52805
2026-08-26T03:00:00+00:00,79108.01,79184.0,78900.0,79088.62,453.50631
2026-08-26T04:00:00+00:00,79088.61,79200.0,78790.68,78826.0,482.93427
2026-08-26T05:00:00+00:00,78826.0,79143.62,78638.0,79085.98,515.23689
2026-08-26T06:00:00+00:00,79085.98,79206.0,78816.0,78947.92,459.3577
2026-08-26T07:00:00+00:00,78947.92,79096.0,78867.0,78925.56,516.24118
2026-08-26T08:00:00+00:00,78925.57,79119.37,78600.0,78707.59,995.42693
2026-08-26T09:00:00+00:00,78707.59,78877.02,78244.83,78444.49,553.36821
2026-08-26T10:00:00+00:00,78444.5,78879.75,78291.09,78727.45,367.28381
2026-08-26T11:00:00+00:00,78727.46,78782.0,78317.0,78487.26,413.44093
2026-08-26T12:00:00+00:00,78487.26,78713.79,77918.25,78319.59,1022.94925
2026-08-26T13:00:00+00:00,78319.58,78554.0,77913.19,78448.66,943.22287
2026-08-26T14:00:00+00:00,78448.66,78603.41,77774.0,77790.48,1051.14695
2026-08-26T15:00:00+00:00,77790.48,78167.26,77632.58,78011.65,712.24119
2026-08-26T16:00:00+00:00,78011.64,78161.73,77858.0,77991.3,600.54786
2026-08-26T17:00:00+00:00,77991.29,78603.0,77991.29,78442.83,585.12324
2026-08-26T18:00:00+00:00,78442.84,78650.26,78280.01,78472.41,337.24489
2026-08-26T19:00:00+00:00,78472.41,78572.0,78292.0,78475.49,466.85134
2026-08-26T20:00:00+00:00,78475.49,78521.7,78200.0,78452.04,322.22426
2026-08-26T21:00:00+00:00,78452.04,78845.06,78392.19,78724.01,428.48439
2026-08-26T22:00:00+00:00,78724.0,78975.85,78554.0,78700.0,931.26213
2026-08-26T23:00:00+00:00,78700.0,79174.12,78654.0,79023.75,697.0881
2026-08-27T00:00:00+00:00,79023.75,79028.49,78690.01,78690.01,527.82725
2026-08-27T01:00:00+00:00,78690.02,79017.99,78546.13,78898.67,520.71745
2026-08-27T02:00:00+00:00,78898.68,78978.0,78704.62,78717.76,429.02181
2026-08-27T03:00:00+00:00,78717.76,78990.0,78643.23,78830.68,357.29079
2026-08-27T04:00:00+00:00,78830.68,78900.0,78684.18,78783.99,181.61392
2026-08-27T05:00:00+00:00,78783.99,78928.0,78600.0,78912.55,297.32854
2026-08-27T06:00:00+00:00,78912.54,78912.55,78604.78,78817.49,399.15003
2026-08-27T07:00:00+00:00,78817.5,79095.99,78754.0,79082.17,345.94116
2026-08-27T08:00:00+00:00,79082.18,80022.0,79048.0,79755.99,1705.62217
2026-08-27T09:00:00+00:00,79756.0,80520.0,79683.09,79986.0,1131.87984
2026-08-27T10:00:00+00:00,79986.0,80158.15,79342.0,79626.0,684.67175
2026-08-27T11:00:00+00:00,79625.99,79766.3,79172.65,79477.67,621.11446
2026-08-27T12:00:00+00:00,79477.66,79596.0,79266.0,79282.31,505.96518
2026-08-27T13:00:00+00:00,79282.31,79568.0,78920.0,79533.15,1143.32188
2026-08-27T14:00:00+00:00,79533.16,80388.0,79354.47,80204.05,1464.1918
2026-08-27T15:00:00+00:00,80204.06,80799.91,80094.0,80302.32,1415.34964
2026-08-27T16:00:00+00:00,80302.32,80624.0,80189.39,80374.0,957.98058
2026-08-27T17:00:00+00:00,80374.0,80848.74,80230.0,80442.46,973.76075
2026-08-27T18:00:00+00:00,80442.47,80442.47,79749.7,80150.69,662.82544
2026-08-27T19:00:00+00:00,80150.69,80294.11,79886.0,79910.19,514.60852
2026-08-27T20:00:00+00:00,79910.19,80120.0,79882.86,80096.0,282.87253
2026-08-27T21:00:00+00:00,80096.0,80184.0,79975.74,80184.0,278.41542
2026-08-27T22:00:00+00:00,80184.0,80432.36,80150.0,80303.21,534.24073
2026-08-27T23:00:00+00:00,80303.21,80393.6,80134.0,80249.58,329.82531
2026-08-28T00:00:00+00:00,80249.59,80705.37,80153.99,80576.0,516.59696
2026-08-28T01:00:00+00:00,80575.99,81478.87,80434.15,80500.38,1463.05089
2026-08-28T02:00:00+00:00,80500.38,80500.38,79723.02,79926.11,1190.20509
2026-08-28T03:00:00+00:00,79926.11,80060.01,79775.61,79810.49,530.69453
2026-08-28T04:00:00+00:00,79810.48,79970.5,79603.81,79643.81,562.86792
2026-08-28T05:00:00+00:00,79643.8,79872.6,79558.11,79686.0,326.58104
2026-08-28T06:00:00+00:00,79686.0,79999.0,79685.99,79904.21,359.1323
2026-08-28T07:00:00+00:00,79904.21,79904.21,79573.36,79660.0,1018.10642
2026-08-28T08:00:00+00:00,79660.0,79840.0,79480.0,79516.78,526.20796
2026-08-28T09:00:00+00:00,79516.77,79516.78,79259.43,79285.19,541.74443
2026-08-28T10:00:00+00:00,79285.19,79571.99,79001.01,79565.89,548.77151
2026-08-28T11:00:00+00:00,79565.9,79770.29,79555.22,79604.13,394.07937
2026-08-28T12:00:00+00:00,79604.12,79727.36,79306.11,79421.05,400.05317
2026-08-28T13:00:00+00:00,79421.04,79635.01,79034.56,79330.75,843.2247
2026-08-28T14:00:00+00:00,79330.34,79706.64,78423.03,79542.44,2930.13002
2026-08-28T15:00:00+00:00,79542.44,79838.73,78312.64,78331.13,1255.01594
2026-08-28T16:00:00+00:00,78331.13,78404.0,76888.0,77788.46,2955.61638
2026-08-28T17:00:00+00:00,77788.45,78131.86,77642.78,77904.0,722.76014
2026-08-28T18:00:00+00:00,77904.0,77935.5,77270.0,77554.0,575.36359
2026-08-28T19:00:00+00:00,77554.0,77797.35,77376.0,77580.03,501.052
2026-08-28T20:00:00+00:00,77580.03,77609.83,77310.24,77407.34,264.10726
2026-08-28T21:00:00+00:00,77407.34,77537.33,77255.69,77364.0,392.38715
2026-08-28T22:00:00+00:00,77364.0,77773.2,77342.0,77758.69,339.14252
2026-08-28T23:00:00+00:00,77758.69,77846.72,77640.74,77845.87,599.54517
2026-08-29T00:00:00+00:00,77845.88,77963.92,77722.0,77733.63,321.80979
2026-08-29T01:00:00+00:00,77733.63,77849.29,77631.28,77794.11,235.06968
2026-08-29T02:00:00+00:00,77794.11,77829.72,77584.53,77671.18,367.62079
2026-08-29T03:00:00+00:00,77671.18,77731.43,77507.16,77507.17,238.89187
2026-08-29T04:00:00+00:00,77507.17,77678.67,77507.17,77648.91,229.90598
2026-08-29T05:00:00+00:00,77648.91,77716.12,77604.06,77632.53,195.32253
2026-08-29T06:00:00+00:00,77632.52,77632.53,77382.37,77466.82,305.02922
2026-08-29T07:00:00+00:00,77466.83,77672.0,77438.01,77626.01,933.89852
2026-08-29T08:00:00+00:00,77626.01,77634.0,77487.73,77633.99,281.67849
2026-08-29T09:00:00+00:00,77634.0,77754.23,77566.01,77650.03,212.52791
2026-08-29T10:00:00+00:00,77650.02,77732.0,77526.0,77635.17,228.16206
2026-08-29T11:00:00+00:00,77635.17,77724.99,77573.32,77584.67,269.60514
2026-08-29T12:00:00+00:00,77584.66,77657.99,77506.63,77583.74,316.37633
2026-08-29T13:00:00+00:00,77583.74,77722.0,77559.45,77704.32,195.58499
2026-08-29T14:00:00+00:00,77704.32,78150.0,77663.83,78014.37,456.42164
2026-08-29T15:00:00+00:00,78014.37,78014.37,77806.9,77865.36,314.87544
2026-08-29T16:00:00+00:00,77865.36,78130.43,77858.29,78027.17,330.48346
2026-08-29T17:00:00+00:00,78027.17,78100.0,77896.0,78100.0,210.10626
2026-08-29T18:00:00+00:00,78099.99,78250.0,78018.02,78158.01,252.93546
2026-08-29T19:00:00+00:00,78158.01,78330.0,78138.87,78182.0,231.34566
2026-08-29T20:00:00+00:00,78181.99,78298.0,78117.95,78129.92,132.29288
2026-08-29T21:00:00+00:00,78129.92,78198.0,78062.0,78161.63,132.03751
2026-08-29T22:00:00+00:00,78161.62,78239.4,78086.0,78228.34,298.22816
2026-08-29T23:00:00+00:00,78228.33,78283.7,78190.0,78230.0,326.0928
2026-08-30T00:00:00+00:00,78230.0,78330.0,78147.17,78179.86,185.20224
2026-08-30T01:00:00+00:00,78179.86,78190.0,77994.02,78081.5,257.05271
2026-08-30T02:00:00+00:00,78081.49,78178.02,78014.74,78106.01,119.64466
2026-08-30T03:00:00+00:00,78106.0,78233.7,78065.99,78144.68,254.40453
2026-08-30T04:00:00+00:00,78144.68,78220.0,77990.0,78109.75,215.53426
2026-08-30T05:00:00+00:00,78109.74,78214.0,78109.74,78127.71,161.29313
2026-08-30T06:00:00+00:00,78127.72,78310.71,78106.07,78280.34,208.68022
2026-08-30T07:00:00+00:00,78280.34,78291.27,78118.0,78118.0,137.5055
2026-08-30T08:00:00+00:00,78118.0,78207.22,78034.0,78074.01,143.67594
2026-08-30T09:00:00+00:00,78074.01,78118.87,77986.0,78000.01,165.26795
2026-08-30T10:00:00+00:00,78000.01,78145.29,77962.49,78145.29,168.30514
2026-08-30T11:00:00+00:00,78145.29,78242.0,78117.11,78166.0,172.04094
2026-08-30T12:00:00+00:00,78165.99,78850.81,78165.99,78785.06,814.10982
2026-08-30T13:00:00+00:00,78785.06,78966.76,78590.14,78860.0,488.8202
2026-08-30T14:00:00+00:00,78860.01,78945.94,78722.0,78783.71,439.32977
2026-08-30T15:00:00+00:00,78783.7,78912.94,78626.0,78823.63,553.82108
2026-08-30T16:00:00+00:00,78823.62,79400.0,78750.0,79337.93,667.56388
2026-08-30T17:00:00+00:00,79337.93,79337.93,78774.85,79021.02,460.72685
2026-08-30T18:00:00+00:00,79021.02,79181.99,78776.0,79036.69,293.7787
2026-08-30T19:00:00+00:00,79036.68,79041.96,78721.98,78856.39,232.19118
2026-08-30T20:00:00+00:00,78856.39,78931.49,78438.23,78597.33,294.2134
2026-08-30T21:00:00+00:00,78597.32,78733.77,78229.82,78653.0,461.41088
2026-08-30T22:00:00+00:00,78653.0,78804.0,78280.0,78422.01,390.42367
2026-08-30T23:00:00+00:00,78422.01,78454.0,77000.0,77682.0,1800.4274
2026-08-31T00:00:00+00:00,77682.0,78185.89,77436.4,77937.04,711.43379
2026-08-31T01:00:00+00:00,77937.03,77993.03,77565.08,77640.94,567.26058
2026-08-31T02:00:00+00:00,77640.93,78000.0,77392.0,77473.99,573.39934
2026-08-31T03:00:00+00:00,77474.0,77872.0,77394.0,77756.71,278.92536
2026-08-31T04:00:00+00:00,77756.7,77769.11,77458.83,77622.28,550.02773
2026-08-31T05:00:00+00:00,77622.29,78156.78,77514.0,78016.0,511.92091
2026-08-31T06:00:00+00:00,78016.01,78156.77,77864.16,78093.87,968.0221
2026-08-31T07:00:00+00:00,78093.88,78322.56,78034.01,78196.01,716.03378
2026-08-31T08:00:00+00:00,78196.01,78521.89,77982.0,78480.8,782.74546
2026-08-31T09:00:00+00:00,78480.79,78802.0,78396.35,78511.03,624.76686
2026-08-31T10:00:00+00:00,78511.03,78732.0,78316.91,78710.01,576.71834
2026-08-31T11:00:00+00:00,78710.02,78710.02,78302.0,78315.43,482.35572
2026-08-31T12:00:00+00:00,78315.43,78543.86,77675.04,77930.39,816.61258
2026-08-31T13:00:00+00:00,77930.4,78282.0,77716.75,77867.39,1083.2716
2026-08-31T14:00:00+00:00,77867.39,78686.94,77746.6,78600.14,1368.66274
2026-08-31T15:00:00+00:00,78601.93,78777.9,78212.3,78580.42,1119.65651
2026-08-31T16:00:00+00:00,78580.43,78884.48,78524.0,78639.57,576.26452
2026-08-31T17:00:00+00:00,78639.57,79019.86,78494.0,78897.36,604.69852
2026-08-31T18:00:00+00:00,78897.35,79212.0,78779.24,79016.0,473.51591
2026-08-31T19:00:00+00:00,79016.01,79250.0,78851.93,78898.06,423.46335
2026-08-31T20:00:00+00:00,78898.06,79172.0,78784.32,78864.72,366.68341
2026-08-31T21:00:00+00:00,78864.73,79071.12,78732.22,78964.32,404.71113
2026-08-31T22:00:00+00:00,78964.33,79015.83,78579.3,78593.15,346.21313
2026-08-31T23:00:00+00:00,78593.15,78593.61,78405.01,78581.29,376.54265
2026-09-01T00:00:00+00:00,78581.3,78900.01,78562.0,78652.0,522.70913
2026-09-01T01:00:00+00:00,78652.0,78797.99,78375.83,78410.62,440.9443
2026-09-01T02:00:00+00:00,78410.62,78457.55,78189.93,78449.99,524.89493
2026-09-01T03:00:00+00:00,78449.99,78874.0,78400.18,78679.01,542.2064
2026-09-01T04:00:00+00:00,78679.01,78915.09,78653.96,78727.11,444.12648
2026-09-01T05:00:00+00:00,78727.11,79220.61,78727.11,79179.99,546.96321
2026-09-01T06:00:00+00:00,79179.99,79179.99,78745.38,78745.39,464.70536
2026-09-01T07:00:00+00:00,78745.39,78806.0,78500.0,78632.37,405.713
2026-09-01T08:00:00+00:00,78632.37,78658.01,77820.0,77883.28,939.11065
2026-09-01T09:00:00+00:00,77883.28,78062.24,77786.18,77915.0,951.34245
2026-09-01T10:00:00+00:00,77915.0,78196.0,77758.69,78029.67,423.94155
2026-09-01T11:00:00+00:00,78029.67,78202.52,77890.0,78098.97,337.44732
2026-09-01T12:00:00+00:00,78098.96,78156.0,77742.01,78004.0,474.45626
2026-09-01T13:00:00+00:00,78004.01,78202.0,77510.0,78071.99,1285.21254
2026-09-01T14:00:00+00:00,78072.0,78424.0,78052.0,78167.99,800.55583
2026-09-01T15:00:00+00:00,78168.0,78169.69,77727.61,77919.06,560.10608
2026-09-01T16:00:00+00:00,77919.07,77976.0,77318.0,77596.01,692.23833
2026-09-01T17:00:00+00:00,77596.01,77721.26,77241.12,77265.79,484.76204
2026-09-01T18:00:00+00:00,77265.79,77319.64,76420.0,77153.9,1485.89835
2026-09-01T19:00:00+00:00,77153.89,77466.55,77112.0,77312.0,445.04268
2026-09-01T20:00:00+00:00,77312.0,77471.9,77236.48,77448.45,266.37627
2026-09-01T21:00:00+00:00,77448.46,77516.3,76920.36,77211.32,414.9871
2026-09-01T22:00:00+00:00,77211.32,77364.01,77030.0,77274.02,335.29844
2026-09-01T23:00:00+00:00,77274.02,77638.18,77218.0,77439.0,341.60079
2026-09-02T00:00:00+00:00,77439.01,77512.0,77132.0,77213.25,352.51719
2026-09-02T01:00:00+00:00,77213.24,77372.0,76718.48,77020.68,661.59711
2026-09-02T02:00:00+00:00,77020.67,77343.74,76948.97,77329.2,437.17945
2026-09-02T03:00:00+00:00,77329.2,77792.0,77314.51,77563.5,618.37453
2026-09-02T04:00:00+00:00,77563.5,77612.84,77294.56,77561.82,299.9271
2026-09-02T05:00:00+00:00,77561.82,77761.93,77438.0,77651.07,341.8285
2026-09-02T06:00:00+00:00,77651.08,77724.0,77462.0,77611.54,397.05137
2026-09-02T07:00:00+00:00,77611.53,77765.99,77473.84,77473.85,515.9071
2026-09-02T08:00:00+00:00,77473.86,77546.0,76746.81,76854.11,705.11459
2026-09-02T09:00:00+00:00,76854.11,77049.4,76484.64,76752.26,1036.05232
2026-09-02T10:00:00+00:00,76752.26,76753.83,76264.0,76680.88,924.89427
2026-09-02T11:00:00+00:00,76680.88,76848.73,76356.0,76828.76,641.75915
2026-09-02T12:00:00+00:00,76828.75,77049.4,76611.67,76613.88,581.91449
2026-09-02T13:00:00+00:00,76613.87,77443.61,76613.87,77146.0,812.83227
2026-09-02T14:00:00+00:00,77146.0,77490.0,77010.24,77066.42,555.40079
2026-09-02T15:00:00+00:00,77066.42,77386.0,76748.01,77288.98,824.93813
2026-09-02T16:00:00+00:00,77288.97,77582.0,77171.5,77171.5,1179.92404
2026-09-02T17:00:00+00:00,77171.51,77406.0,76950.56,77381.66,465.02159
2026-09-02T18:00:00+00:00,77381.65,77524.0,77296.52,77377.76,374.99513
2026-09-02T19:00:00+00:00,77377.76,77416.0,77124.0,77341.47,289.4138
2026-09-02T20:00:00+00:00,77341.48,77520.0,77207.47,77406.01,382.13526
2026-09-02T21:00:00+00:00,77406.0,77431.78,77242.0,77284.0,291.06451
2026-09-02T22:00:00+00:00,77284.01,77284.01,77023.11,77034.03,188.20028
2026-09-02T23:00:00+00:00,77034.03,77372.62,77007.36,77340.01,192.93523
2026-09-03T00:00:00+00:00,77340.01,77394.0,76980.01,77068.01,327.32527
2026-09-03T01:00:00+00:00,77068.0,77546.8,76968.0,77356.7,533.28645
2026-09-03T02:00:00+00:00,77356.69,77900.0,77238.89,77816.01,563.52004
2026-09-03T03:00:00+00:00,77816.02,77880.0,77642.09,77708.0,385.93335
2026-09-03T04:00:00+00:00,77708.01,77833.1,77547.16,77776.0,336.15526
2026-09-03T05:00:00+00:00,77775.99,77829.8,77101.01,77809.91,617.52986
2026-09-03T06:00:00+00:00,77809.91,77856.16,77698.75,77835.19,408.13131
2026-09-03T07:00:00+00:00,77835.2,78183.91,77600.0,77663.15,696.21966
2026-09-03T08:00:00+00:00,77663.14,78066.0,77663.14,77843.34,363.22912
2026-09-03T09:00:00+00:00,77843.34,77975.46,77608.0,77615.24,341.00857
2026-09-03T10:00:00+00:00,77615.25,77773.26,77478.0,77735.88,406.3926
2026-09-03T11:00:00+00:00,77735.88,78004.94,77709.52,77948.39,396.769
2026-09-03T12:00:00+00:00,77948.39,78782.75,77896.07,78652.38,979.94222
2026-09-03T13:00:00+00:00,78652.37,79000.0,78450.25,78840.52,1052.74377
2026-09-03T14:00:00+00:00,78840.52,80561.0,78704.0,80549.97,2513.5082
2026-09-03T15:00:00+00:00,80549.97,81370.33,80354.65,81348.0,3056.18534
2026-09-03T16:00:00+00:00,81348.0,81360.0,80613.52,80969.37,1239.78575
2026-09-03T17:00:00+00:00,80969.37,81188.17,80886.0,81042.0,875.49534
2026-09-03T18:00:00+00:00,81042.0,81333.33,80904.0,81254.32,595.62382
2026-09-03T19:00:00+00:00,81254.31,81790.0,81171.98,81755.41,1102.96623
2026-09-03T20:00:00+00:00,81755.41,81780.0,81392.74,81473.0,601.53572
2026-09-03T21:00:00+00:00,81473.0,82300.0,81288.0,81590.0,1292.57121
2026-09-03T22:00:00+00:00,81590.0,81604.65,80905.05,81140.0,712.57205
2026-09-03T23:00:00+00:00,81140.0,81338.0,81078.0,81270.37,407.99233
2026-09-04T00:00:00+00:00,81270.37,81427.75,80960.0,80972.12,643.20132
2026-09-04T01:00:00+00:00,80972.11,81097.92,80759.52,80968.01,505.56595
2026-09-04T02:00:00+00:00,80968.01,80968.01,80669.45,80831.99,433.77504
2026-09-04T03:00:00+00:00,80832.0,81021.8,80806.0,80850.0,523.81704
2026-09-04T04:00:00+00:00,80850.01,81288.0,80820.0,81070.54,602.46481
2026-09-04T05:00:00+00:00,81070.54,81143.3,80863.03,80996.15,593.73244
2026-09-04T06:00:00+00:00,80996.15,81090.0,80573.21,80797.39,435.61525
2026-09-04T07:00:00+00:00,80797.4,80966.75,80641.65,80656.87,705.83482
2026-09-04T08:00:00+00:00,80656.86,81237.0,80502.87,81147.16,754.04554
2026-09-04T09:00:00+00:00,81147.16,81310.0,80934.24,81056.63,968.87345
2026-09-04T10:00:00+00:00,81056.63,81194.0,80831.14,81179.63,483.39639
2026-09-04T11:00:00+00:00,81179.64,81423.03,81080.01,81224.86,512.44736
2026-09-04T12:00:00+00:00,81224.86,81350.0,79177.77,79453.96,3691.19669
2026-09-04T13:00:00+00:00,79453.95,79704.0,79000.0,79378.67,1927.84184
2026-09-04T14:00:00+00:00,79378.66,79572.0,78660.0,78915.71,1816.73349
2026-09-04T15:00:00+00:00,78915.71,79555.32,78800.0,79429.33,942.77981
2026-09-04T16:00:00+00:00,79429.33,79877.07,79378.19,79745.73,1059.83504
2026-09-04T17:00:00+00:00,79745.72,79752.92,79383.0,79472.22,392.51492
2026-09-04T18:00:00+00:00,79472.22,79655.86,79472.22,79618.15,263.34116
2026-09-04T19:00:00+00:00,79618.15,79819.99,79618.14,79793.34,391.97239
2026-09-04T20:00:00+00:00,79793.35,79862.15,79667.99,79697.04,252.17194
2026-09-04T21:00:00+00:00,79697.03,79819.3,79512.0,79624.0,645.54178
2026-09-04T22:00:00+00:00,79624.0,79716.0,79604.0,79636.09,498.99738
2026-09-04T23:00:00+00:00,79636.09,79758.0,79600.89,79660.77,152.92964
2026-09-05T00:00:00+00:00,79660.77,79721.57,79562.0,79573.36,179.53978
2026-09-05T01:00:00+00:00,79573.37,79710.0,79533.34,79533.34,251.27651
2026-09-05T02:00:00+00:00,79533.34,79622.0,79472.22,79569.09,226.54938
2026-09-05T03:00:00+00:00,79569.09,79630.74,79510.93,79582.0,222.17902
2026-09-05T04:00:00+00:00,79581.99,79589.84,79500.0,79500.01,283.95874
2026-09-05T05:00:00+00:00,79500.01,79600.01,79442.0,79577.53,486.56078
2026-09-05T06:00:00+00:00,79577.53,79715.72,79576.0,79644.01,255.76484
2026-09-05T07:00:00+00:00,79644.01,79763.41,79639.22,79709.96,273.27755
2026-09-05T08:00:00+00:00,79709.96,79727.95,79568.0,79650.0,377.92884
2026-09-05T09:00:00+00:00,79650.01,79735.97,79612.0,79631.28,391.22508
2026-09-05T10:00:00+00:00,79631.29,79664.0,79593.92,79618.01,324.09358
2026-09-05T11:00:00+00:00,79618.0,79674.33,79608.0,79609.28,224.00252
2026-09-05T12:00:00+00:00,79609.29,79774.0,79609.28,79704.14,350.25887
2026-09-05T13:00:00+00:00,79704.13,79762.0,79545.96,79613.67,488.89817
2026-09-05T14:00:00+00:00,79613.67,79756.32,79613.67,79719.76,292.28201
2026-09-05T15:00:00+00:00,79719.75,79816.0,79678.62,79806.01,383.76927
2026-09-05T16:00:00+00:00,79806.0,80200.0,79754.0,80042.0,716.52557
2026-09-05T17:00:00+00:00,80041.99,80162.29,79973.85,80058.6,894.70031
2026-09-05T18:00:00+00:00,80058.6,80078.0,79930.0,79999.98,332.81067
2026-09-05T19:00:00+00:00,79999.99,79999.99,79712.86,79754.0,243.22911
2026-09-05T20:00:00+00:00,79753.99,79840.25,79694.0,79737.83,651.64016
2026-09-05T21:00:00+00:00,79737.83,79938.0,79724.87,79906.02,164.28133
2026-09-05T22:00:00+00:00,79906.02,79947.99,79749.41,79783.99,517.56847
2026-09-05T23:00:00+00:00,79783.99,79912.83,79706.04,79831.75,584.91964
2026-09-06T00:00:00+00:00,79831.75,79940.68,79829.98,79868.0,147.80921
2026-09-06T01:00:00+00:00,79868.01,80067.45,79868.01,79951.39,305.00919
2026-09-06T02:00:00+00:00,79951.38,80019.11,79876.0,79907.28,258.24501
2026-09-06T03:00:00+00:00,79907.28,80107.99,79893.86,80028.01,248.71269
2026-09-06T04:00:00+00:00,80028.01,80028.01,79854.0,79866.01,362.36734
2026-09-06T05:00:00+00:00,79866.01,80107.99,79794.04,79989.13,642.22052
2026-09-06T06:00:00+00:00,79989.12,79989.13,79676.66,79784.65,290.41612
2026-09-06T07:00:00+00:00,79784.65,79865.89,79577.0,79805.0,339.23106
2026-09-06T08:00:00+00:00,79804.68,79889.99,79752.7,79837.17,578.27369
2026-09-06T09:00:00+00:00,79837.17,79990.0,79806.01,79885.77,684.16607
2026-09-06T10:00:00+00:00,79885.78,80020.0,79885.77,80003.93,223.38098
2026-09-06T11:00:00+00:00,80003.92,80003.93,79890.0,79919.17,224.08052
2026-09-06T12:00:00+00:00,79919.17,80010.0,79858.1,79922.04,269.79443
2026-09-06T13:00:00+00:00,79922.04,79968.0,79760.39,79829.98,380.28916
2026-09-06T14:00:00+00:00,79829.99,79840.25,79233.0,79543.06,699.69504
2026-09-06T15:00:00+00:00,79543.07,79734.59,79383.32,79716.5,342.10102
2026-09-06T16:00:00+00:00,79716.51,79786.0,79606.04,79682.0,222.29132
2026-09-06T17:00:00+00:00,79682.0,79773.88,79584.73,79745.34,205.07571
2026-09-06T18:00:00+00:00,79745.34,79970.0,79745.34,79955.34,218.34399
2026-09-06T19:00:00+00:00,79955.34,79955.34,79799.52,79829.99,213.50154
2026-09-06T20:00:00+00:00,79830.0,79973.56,79776.59,79912.0,235.83849
2026-09-06T21:00:00+00:00,79912.0,80034.0,79875.24,79944.38,381.14031
2026-09-06T22:00:00+00:00,79944.39,80093.79,79647.04,80055.17,486.73578
2026-09-06T23:00:00+00:00,80055.18,80559.99,80010.0,80341.83,896.09908
2026-09-07T00:00:00+00:00,80341.83,80443.99,80059.11,80160.01,473.2372
2026-09-07T01:00:00+00:00,80160.01,80243.81,79826.28,79926.14,429.2219
2026-09-07T02:00:00+00:00,79926.14,80426.0,79800.0,79874.24,411.23362
2026-09-07T03:00:00+00:00,79874.25,79986.02,79568.6,79596.39,424.23144
2026-09-07T04:00:00+00:00,79596.38,79732.15,79540.38,79724.0,680.36024
2026-09-07T05:00:00+00:00,79724.01,79926.04,79666.79,79759.47,625.29002
2026-09-07T06:00:00+00:00,79759.47,79825.7,79644.55,79659.27,564.03546
2026-09-07T07:00:00+00:00,79659.28,79691.06,79001.1,79397.83,867.88528
2026-09-07T08:00:00+00:00,79397.83,79530.47,79397.83,79437.38,367.39664
2026-09-07T09:00:00+00:00,79437.39,79550.0,79291.15,79313.85,384.36999
2026-09-07T10:00:00+00:00,79313.85,79459.5,79313.85,79360.0,340.14563
2026-09-07T11:00:00+00:00,79360.0,79487.01,79282.0,79420.16,322.16899
2026-09-07T12:00:00+00:00,79420.16,79627.43,79400.48,79606.84,278.61012
2026-09-07T13:00:00+00:00,79606.84,79643.5,79318.92,79352.01,537.87474
2026-09-07T14:00:00+00:00,79352.0,79396.36,78956.94,79191.95,729.96261
2026-09-07T15:00:00+00:00,79191.96,79191.96,78680.0,78821.99,790.15811
2026-09-07T16:00:00+00:00,78822.0,79035.23,78807.69,79028.87,428.99902
2026-09-07T17:00:00+00:00,79028.88,79223.53,79018.0,79185.73,251.37537
2026-09-07T18:00:00+00:00,79185.74,79244.0,79096.0,79196.16,308.24543
2026-09-07T19:00:00+00:00,79196.15,79419.17,79150.0,79365.82,230.49171
2026-09-07T20:00:00+00:00,79365.81,79394.92,79168.01,79238.0,212.62445
2026-09-07T21:00:00+00:00,79238.0,79278.0,79164.0,79164.0,163.69203
2026-09-07T22:00:00+00:00,79164.01,79218.18,78781.07,78952.19,458.00504
2026-09-07T23:00:00+00:00,78952.18,79210.0,78938.38,79112.01,292.83991
2026-09-08T00:00:00+00:00,79112.0,79313.09,78972.51,79313.08,445.07914
2026-09-08T01:00:00+00:00,79313.09,79463.06,79266.48,79441.99,454.81703
2026-09-08T02:00:00+00:00,79441.98,79485.0,78930.0,78930.01,601.51271
2026-09-08T03:00:00+00:00,78930.01,79002.0,78725.1,78906.28,813.2236
2026-09-08T04:00:00+00:00,78906.27,78929.24,78678.7,78678.71,558.10183
2026-09-08T05:00:00+00:00,78678.7,78882.0,78555.0,78578.0,847.29044
2026-09-08T06:00:00+00:00,78577.99,78632.0,78261.61,78323.59,1913.91469
2026-09-08T07:00:00+00:00,78323.59,78609.99,78179.98,78482.0,3433.75725
2026-09-08T08:00:00+00:00,78482.0,78581.8,78281.3,78418.0,855.4031
2026-09-08T09:00:00+00:00,78418.0,78800.0,78317.03,78761.99,641.52148
2026-09-08T10:00:00+00:00,78762.0,78994.5,78568.0,78568.0,435.62963
2026-09-08T11:00:00+00:00,78568.01,78576.0,78271.63,78430.01,682.36626
2026-09-08T12:00:00+00:00,78430.0,78483.42,78215.36,78449.99,839.62079
2026-09-08T13:00:00+00:00,78450.0,78545.46,77620.01,77961.66,2274.11248
2026-09-08T14:00:00+00:00,77961.66,78630.81,77854.0,78567.52,885.70593
2026-09-08T15:00:00+00:00,78567.52,78910.88,78451.39,78904.0,668.56307
2026-09-08T16:00:00+00:00,78904.0,78978.39,78581.33,78735.89,339.80818
2026-09-08T17:00:00+00:00,78735.88,78892.0,78500.0,78504.38,376.83451
2026-09-08T18:00:00+00:00,78504.38,78822.47,78271.49,78436.0,310.67894
2026-09-08T19:00:00+00:00,78436.01,78528.0,78325.39,78446.0,457.27833
2026-09-08T20:00:00+00:00,78445.99,78621.77,78410.05,78487.99,286.8898
2026-09-08T21:00:00+00:00,78487.99,78623.21,78406.0,78492.18,346.3218
2026-09-08T22:00:00+00:00,78492.19,78662.75,78458.0,78562.44,344.45436
2026-09-08T23:00:00+00:00,78562.43,78575.31,78408.64,78455.8,422.1807
2026-09-09T00:00:00+00:00,78455.8,78796.97,78455.79,78774.65,263.81065
2026-09-09T01:00:00+00:00,78774.66,78891.5,78633.53,78891.5,737.84364
2026-09-09T02:00:00+00:00,78891.49,78928.65,78686.46,78726.01,338.69714
2026-09-09T03:00:00+00:00,78726.01,78726.01,78548.46,78638.01,269.38216
2026-09-09T04:00:00+00:00,78638.01,79215.83,78638.0,79171.5,659.48495
2026-09-09T05:00:00+00:00,79171.5,79370.01,78840.59,78923.43,571.99145
2026-09-09T06:00:00+00:00,78923.43,79290.63,78865.71,79159.03,306.40396
2026-09-09T07:00:00+00:00,79159.03,79400.0,79151.34,79277.43,435.40632
2026-09-09T08:00:00+00:00,79277.44,79760.0,79264.0,79698.02,838.18454
2026-09-09T09:00:00+00:00,79698.02,79716.0,78900.0,78952.01,524.33216
2026-09-09T10:00:00+00:00,78952.01,79183.91,78878.11,78920.01,419.34722
2026-09-09T11:00:00+00:00,78920.01,79379.28,78725.29,79324.75,742.09582
2026-09-09T12:00:00+00:00,79324.75,79662.56,79281.51,79606.14,1136.20636
2026-09-09T13:00:00+00:00,79606.15,79678.84,79103.19,79140.69,700.9372
2026-09-09T14:00:00+00:00,79140.69,79413.74,78877.36,78958.01,1034.69116
2026-09-09T15:00:00+00:00,78958.01,79394.99,78060.03,78596.7,1730.66758
2026-09-09T16:00:00+00:00,78596.7,78938.55,78460.34,78804.9,548.53711
2026-09-09T17:00:00+00:00,78804.9,78934.4,78674.0,78776.01,424.82404
2026-09-09T18:00:00+00:00,78776.0,78792.25,78403.36,78414.42,291.49177
2026-09-09T19:00:00+00:00,78414.42,78575.32,78150.0,78234.94,474.58363
2026-09-09T20:00:00+00:00,78234.94,78340.01,77917.09,78324.07,550.88264
2026-09-09T21:00:00+00:00,78324.07,78339.56,77994.15,78145.02,316.14499
2026-09-09T22:00:00+00:00,78145.02,78196.0,77770.0,77924.06,513.88945
2026-09-09T23:00:00+00:00,77924.0,78321.09,77920.56,78306.43,300.08433
2026-09-10T00:00:00+00:00,78306.43,78382.35,78073.8,78180.7,826.01999
2026-09-10T01:00:00+00:00,78180.7,78508.49,77952.0,78094.0,429.21115
2026-09-10T02:00:00+00:00,78094.01,78373.1,77980.0,78357.86,250.2874
2026-09-10T03:00:00+00:00,78357.87,78550.0,78278.0,78328.08,370.87043
2026-09-10T04:00:00+00:00,78328.08,78437.99,78300.0,78400.0,221.79379
2026-09-10T05:00:00+00:00,78400.01,78564.39,78270.75,78536.71,554.7012
2026-09-10T06:00:00+00:00,78536.71,78542.05,78147.98,78416.01,573.34123
2026-09-10T07:00:00+00:00,78416.01,78422.01,77906.48,78112.0,526.86865
2026-09-10T08:00:00+00:00,78112.0,78170.74,78038.0,78110.0,301.41841
2026-09-10T09:00:00+00:00,78110.0,78229.22,77910.86,77992.01,605.51933
2026-09-10T10:00:00+00:00,77992.0,78044.57,77821.21,77863.21,618.27147
2026-09-10T11:00:00+00:00,77863.2,78054.84,77688.0,77840.8,659.08952
2026-09-10T12:00:00+00:00,77840.64,77959.2,76676.07,76896.01,2886.07306
2026-09-10T13:00:00+00:00,76896.01,77234.0,76745.0,77174.44,1372.33792
2026-09-10T14:00:00+00:00,77174.43,77424.98,76943.45,77412.01,1105.27456
2026-09-10T15:00:00+00:00,77412.01,77412.89,77092.16,77250.0,695.08679
2026-09-10T16:00:00+00:00,77250.0,77312.01,76804.99,77200.01,562.44798
2026-09-10T17:00:00+00:00,77200.0,77544.0,77126.26,77328.72,584.5114
2026-09-10T18:00:00+00:00,77328.72,77340.0,76982.6,77252.0,321.25824
2026-09-10T19:00:00+00:00,77252.0,77298.48,77083.17,77160.83,394.60119
2026-09-10T20:00:00+00:00,77160.83,77347.45,77116.0,77268.08,142.17379
2026-09-10T21:00:00+00:00,77268.08,77303.02,77100.02,77144.0,268.25509
2026-09-10T22:00:00+00:00,77144.01,77218.01,76817.6,76836.45,253.46564
2026-09-10T23:00:00+00:00,76836.45,76876.31,76464.0,76568.72,797.49081
2026-09-11T00:00:00+00:00,76568.73,76939.8,76563.01,76908.59,538.94881
2026-09-11T01:00:00+00:00,76908.59,77000.0,76670.57,76971.43,386.97683
2026-09-11T02:00:00+00:00,76971.44,77013.62,76769.69,76838.68,297.49023
2026-09-11T03:00:00+00:00,76838.68,76897.54,76702.7,76891.8,967.58108
2026-09-11T04:00:00+00:00,76891.81,77196.01,76889.23,77114.01,370.66197
2026-09-11T05:00:00+00:00,77114.01,77252.88,77069.06,77252.86,284.44316
2026-09-11T06:00:00+00:00,77252.87,77431.48,77182.0,77298.01,405.18201
2026-09-11T07:00:00+00:00,77298.01,77403.19,77203.73,77230.7,435.02243
2026-09-11T08:00:00+00:00,77230.7,77500.0,77144.59,77364.93,294.00696
2026-09-11T09:00:00+00:00,77364.94,77370.01,76865.58,77042.0,552.5515
2026-09-11T10:00:00+00:00,77042.0,77163.25,76966.0,76993.25,406.1795
2026-09-11T11:00:00+00:00,76993.25,77049.25,76746.95,77036.12,420.86915
2026-09-11T12:00:00+00:00,77036.12,78148.74,76046.58,78032.99,3531.14376
2026-09-11T13:00:00+00:00,78032.98,79333.0,77253.8,79242.56,2451.66172
2026-09-11T14:00:00+00:00,79242.56,79890.0,78509.09,78798.51,1987.04632
2026-09-11T15:00:00+00:00,78798.4,78849.98,77303.0,77732.25,1364.45838
2026-09-11T16:00:00+00:00,77732.25,78068.01,77381.88,77916.0,1081.48116
2026-09-11T17:00:00+00:00,77916.0,77960.01,77490.34,77534.0,492.68772
2026-09-11T18:00:00+00:00,77534.0,77538.01,76883.0,77054.0,842.12412
2026-09-11T19:00:00+00:00,77054.0,77372.01,77006.0,77286.01,421.44962
2026-09-11T20:00:00+00:00,77286.0,77504.01,77192.0,77339.33,322.32564
2026-09-11T21:00:00+00:00,77339.33,77424.01,77078.01,77108.01,222.90327
2026-09-11T22:00:00+00:00,77108.01,77231.31,76967.13,77150.0,1100.36124
2026-09-11T23:00:00+00:00,77150.0,77225.71,77119.68,77225.7,535.72071
2026-09-12T00:00:00+00:00,77225.71,77320.0,77207.65,77287.43,314.34391
2026-09-12T01:00:00+00:00,77287.43,77378.37,77262.29,77272.37,186.8188
2026-09-12T02:00:00+00:00,77272.36,77322.27,77220.0,77288.0,307.45259
2026-09-12T03:00:00+00:00,77288.01,77347.82,77229.99,77268.09,242.20968
2026-09-12T04:00:00+00:00,77268.09,77314.01,77215.86,77222.75,392.84938
2026-09-12T05:00:00+00:00,77222.75,77260.8,77164.06,77218.0,966.7285
2026-09-12T06:00:00+00:00,77218.0,77359.2,77199.99,77289.73,148.46089
2026-09-12T07:00:00+00:00,77289.73,77347.99,77266.0,77269.55,360.14789
2026-09-12T08:00:00+00:00,77269.54,77374.01,77269.54,77360.01,285.63962
2026-09-12T09:00:00+00:00,77360.0,77386.76,77335.14,77349.44,294.25428
2026-09-12T10:00:00+00:00,77349.44,77400.75,77310.55,77332.94,182.37452
2026-09-12T11:00:00+00:00,77332.94,77356.05,77292.0,77356.04,149.54317
2026-09-12T12:00:00+00:00,77356.05,77360.77,77290.0,77340.0,340.29238
2026-09-12T13:00:00+00:00,77340.01,77397.27,77255.19,77366.52,1023.69199
2026-09-12T14:00:00+00:00,77366.52,77505.67,77366.0,77461.24,239.68201
2026-09-12T15:00:00+00:00,77461.25,77479.99,77376.0,77380.37,265.08543
2026-09-12T16:00:00+00:00,77380.38,77414.01,77336.0,77358.01,159.17816
2026-09-12T17:00:00+00:00,77358.0,77404.37,77170.57,77210.58,249.24835
2026-09-12T18:00:00+00:00,77210.58,77216.01,77125.03,77131.0,275.13313
2026-09-12T19:00:00+00:00,77131.0,77186.01,77059.75,77114.99,731.31555
2026-09-12T20:00:00+00:00,77115.0,77227.71,77114.99,77170.0,363.19212
2026-09-12T21:00:00+00:00,77170.0,77283.05,77148.5,77264.01,348.07684
2026-09-12T22:00:00+00:00,77264.0,77300.0,77193.06,77232.17,167.38368
2026-09-12T23:00:00+00:00,77232.17,77292.83,77232.16,77278.73,67.34168
2026-09-13T00:00:00+00:00,77278.73,77299.99,77162.36,77276.02,102.17841
2026-09-13T01:00:00+00:00,77276.02,77341.37,77241.51,77319.97,342.83505
2026-09-13T02:00:00+00:00,77319.97,77319.97,77244.78,77289.96,238.88569
2026-09-13T03:00:00+00:00,77289.97,77310.78,77184.01,77192.01,225.77764
2026-09-13T04:00:00+00:00,77192.0,77254.03,77189.84,77210.01,190.98338
2026-09-13T05:00:00+00:00,77210.0,77324.46,77210.0,77322.01,202.84475
2026-09-13T06:00:00+00:00,77322.01,77325.82,77058.42,77122.35,503.99784
2026-09-13T07:00:00+00:00,77122.35,77180.0,77091.88,77127.99,239.99798
2026-09-13T08:00:00+00:00,77127.99,77182.0,76756.0,76813.71,401.89187
2026-09-13T09:00:00+00:00,76813.71,76893.91,76570.0,76808.01,537.62115
2026-09-13T10:00:00+00:00,76808.0,76813.26,76628.45,76677.29,190.81512
2026-09-13T11:00:00+00:00,76677.3,76800.0,76500.0,76792.32,265.89974
2026-09-13T12:00:00+00:00,76792.31,76866.01,76690.0,76763.33,292.33252
2026-09-13T13:00:00+00:00,76763.33,76922.01,76560.0,76853.02,435.53074
2026-09-13T14:00:00+00:00,76853.01,77254.45,76850.56,77216.01,524.64043
2026-09-13T15:00:00+00:00,77216.01,77216.01,77011.33,77134.83,235.97054
2026-09-13T16:00:00+00:00,77134.82,77359.0,77125.66,77276.14,296.31166
2026-09-13T17:00:00+00:00,77276.14,77413.52,77249.35,77328.94,135.4972
2026-09-13T18:00:00+00:00,77328.94,77383.4,77312.12,77338.87,110.16764
2026-09-13T19:00:00+00:00,77338.87,77409.04,77223.16,77284.0,148.98479
2026-09-13T20:00:00+00:00,77284.01,77368.0,77262.0,77348.01,103.43597
2026-09-13T21:00:00+00:00,77348.01,77450.0,77314.0,77316.0,161.40092
2026-09-13T22:00:00+00:00,77316.0,77316.0,76667.68,76714.0,686.94439
2026-09-13T23:00:00+00:00,76714.0,76876.8,76622.97,76842.01,384.73824
2026-09-14T00:00:00+00:00,76842.01,77083.34,76388.72,76808.0,684.93231
2026-09-14T01:00:00+00:00,76808.01,77170.76,76636.41,77118.97,548.46579
2026-09-14T02:00:00+00:00,77118.96,77725.5,77016.0,77600.0,1091.26668
2026-09-14T03:00:00+00:00,77600.0,77869.82,77504.01,77596.33,938.65006
2026-09-14T04:00:00+00:00,77596.32,77700.78,77537.8,77681.78,479.27763
2026-09-14T05:00:00+00:00,77681.79,77691.05,77494.34,77611.79,322.46252
2026-09-14T06:00:00+00:00,77611.79,77895.35,77379.41,77593.15,418.88254
2026-09-14T07:00:00+00:00,77593.15,77892.24,77524.41,77892.24,453.51632
2026-09-14T08:00:00+00:00,77892.24,77999.99,77654.0,77728.8,526.80639
2026-09-14T09:00:00+00:00,77728.8,78374.01,77593.8,78141.57,718.66625
2026-09-14T10:00:00+00:00,78141.57,78167.87,77900.0,77906.6,344.15342
2026-09-14T11:00:00+00:00,77906.61,77924.02,77692.55,77776.0,354.582
2026-09-14T12:00:00+00:00,77776.0,78082.67,77615.06,77698.01,416.3904
2026-09-14T13:00:00+00:00,77698.01,78490.0,77481.98,78168.01,1141.24574
2026-09-14T14:00:00+00:00,78168.01,78712.29,78164.01,78521.06,1305.24797
2026-09-14T15:00:00+00:00,78521.05,78684.01,78301.41,78578.02,911.75735
2026-09-14T16:00:00+00:00,78578.02,78904.72,78426.17,78769.42,663.13004
2026-09-14T17:00:00+00:00,78769.42,79048.44,78698.37,78937.98,650.24334
2026-09-14T18:00:00+00:00,78937.98,79325.0,78838.57,79226.01,894.11691
2026-09-14T19:00:00+00:00,79226.0,79227.69,78951.67,78982.0,499.81096
2026-09-14T20:00:00+00:00,78982.01,79600.0,78978.56,79100.0,622.99114
2026-09-14T21:00:00+00:00,79100.0,79117.93,78746.0,78757.83,574.15746
2026-09-14T22:00:00+00:00,78757.82,78854.01,78511.0,78557.98,419.77752
2026-09-14T23:00:00+00:00,78557.99,78568.01,78131.3,78189.21,432.95897
2026-09-15T00:00:00+00:00,78189.2,78250.46,77941.18,77952.93,446.37902
2026-09-15T01:00:00+00:00,77952.92,78080.0,77750.0,77917.86,504.32377
2026-09-15T02:00:00+00:00,77917.86,78018.04,77776.25,77913.72,261.07651
2026-09-15T03:00:00+00:00,77913.73,77913.73,77658.0,77676.99,370.47729
2026-09-15T04:00:00+00:00,77676.99,77744.31,77542.0,77567.12,784.69084
2026-09-15T05:00:00+00:00,77567.11,77666.66,77300.01,77630.0,461.79794
2026-09-15T06:00:00+00:00,77630.0,77727.83,77191.02,77286.7,361.46093
2026-09-15T07:00:00+00:00,77286.71,77310.71,76889.22,76930.01,884.1463
2026-09-15T08:00:00+00:00,76930.0,77007.84,76703.59,77000.01,754.54393
2026-09-15T09:00:00+00:00,77000.01,77059.87,76869.99,76984.05,483.47069
2026-09-15T10:00:00+00:00,76984.05,77176.07,76872.9,77053.8,603.90345
2026-09-15T11:00:00+00:00,77053.8,77223.32,76843.75,76940.01,463.92838
2026-09-15T12:00:00+00:00,76940.01,77143.15,76858.66,76957.65,512.54782
2026-09-15T13:00:00+00:00,76956.75,77126.01,76123.42,76618.77,2183.38695
2026-09-15T14:00:00+00:00,76618.77,76696.0,75605.0,75942.01,2651.31183
2026-09-15T15:00:00+00:00,75942.01,76603.59,75832.0,76512.0,1349.39662
2026-09-15T16:00:00+00:00,76512.01,76576.47,76274.0,76388.0,598.21425
2026-09-15T17:00:00+00:00,76388.01,77343.44,76194.21,76962.0,1073.22598
2026-09-15T18:00:00+00:00,76962.0,77205.39,74967.97,76000.0,3667.98364
2026-09-15T19:00:00+00:00,76000.0,76305.99,75813.75,76186.48,1145.76186
2026-09-15T20:00:00+00:00,76186.48,76245.98,75613.2,75935.24,526.79495
2026-09-15T21:00:00+00:00,75935.24,75956.58,75392.35,75453.85,478.08145
2026-09-15T22:00:00+00:00,75453.85,75747.98,75140.64,75668.0,703.17506
2026-09-15T23:00:00+00:00,75667.99,75942.13,75562.01,75644.48,412.63788
2026-09-16T00:00:00+00:00,75644.48,75915.49,75578.61,75772.1,340.54755
2026-09-16T01:00:00+00:00,75772.1,75964.01,75457.52,75489.14,471.46585
2026-09-16T02:00:00+00:00,75489.14,76111.0,75483.32,75886.35,431.22778
2026-09-16T03:00:00+00:00,75886.36,76076.01,75768.25,75824.01,369.27253
2026-09-16T04:00:00+00:00,75824.0,76022.67,75805.7,75864.02,321.09965
2026-09-16T05:00:00+00:00,75864.02,75981.36,75677.64,75962.01,372.63126
2026-09-16T06:00:00+00:00,75962.01,76038.83,75830.0,76030.01,399.86157
2026-09-16T07:00:00+00:00,76030.01,76097.54,75739.36,75766.63,721.95197
2026-09-16T08:00:00+00:00,75766.62,75766.62,75350.0,75736.01,690.76243
2026-09-16T09:00:00+00:00,75736.01,75994.0,75730.0,75993.0,455.32651
2026-09-16T10:00:00+00:00,75993.01,76046.05,75900.0,75990.2,314.78271
2026-09-16T11:00:00+00:00,75990.2,76304.01,75874.0,76250.0,523.67545
2026-09-16T12:00:00+00:00,76250.0,76300.0,75794.02,75967.99,566.86511
2026-09-16T13:00:00+00:00,75967.98,75967.98,75585.09,75646.01,738.01439
2026-09-16T14:00:00+00:00,75646.01,75830.48,75423.04,75697.82,705.96798
2026-09-16T15:00:00+00:00,75697.83,75950.0,75552.79,75788.41,560.83704
2026-09-16T16:00:00+00:00,75788.41,75883.75,75650.0,75768.0,367.73923
2026-09-16T17:00:00+00:00,75768.0,75937.45,75353.07,75768.01,638.52702
2026-09-16T18:00:00+00:00,75770.45,76560.76,75064.82,75632.0,3097.10326
2026-09-16T19:00:00+00:00,75632.01,76180.0,75250.0,76080.0,958.02578
2026-09-16T20:00:00+00:00,76080.0,76422.01,76024.0,76178.34,511.84627
2026-09-16T21:00:00+00:00,76178.35,76213.34,75933.11,75976.0,320.44714
2026-09-16T22:00:00+00:00,75976.01,75986.01,75632.7,75675.88,525.52719
2026-09-16T23:00:00+00:00,75675.88,76276.02,75643.61,76206.01,484.47864
2026-09-17T00:00:00+00:00,76206.0,76511.18,76188.0,76342.77,472.88854
2026-09-17T01:00:00+00:00,76342.77,76774.08,76222.0,76374.21,638.81754
2026-09-17T02:00:00+00:00,76374.22,76485.13,76055.34,76370.01,496.68012
2026-09-17T03:00:00+00:00,76370.01,76535.03,76370.01,76441.99,295.45137
2026-09-17T04:00:00+00:00,76442.0,76598.0,76187.0,76539.81,275.54427
2026-09-17T05:00:00+00:00,76539.82,76632.14,76318.0,76333.88,280.19303
2026-09-17T06:00:00+00:00,76333.87,76598.01,76308.42,76477.45,271.83524
2026-09-17T07:00:00+00:00,76477.46,76682.01,76425.34,76462.76,422.44395
2026-09-17T08:00:00+00:00,76462.77,76591.46,76396.97,76574.63,422.26564
2026-09-17T09:00:00+00:00,76574.63,76770.0,76468.04,76468.05,378.26739
2026-09-17T10:00:00+00:00,76468.04,76470.49,76270.0,76402.01,413.8899
2026-09-17T11:00:00+00:00,76402.01,76488.73,76179.0,76482.0,329.95092
2026-09-17T12:00:00+00:00,76482.0,77179.47,76398.93,76736.59,970.25031
2026-09-17T13:00:00+00:00,76736.59,76889.66,76000.0,76694.07,1013.37341
2026-09-17T14:00:00+00:00,76694.06,77088.05,76391.44,76502.46,941.27248
2026-09-17T15:00:00+00:00,76502.45,76862.85,76275.0,76780.01,472.36489
2026-09-17T16:00:00+00:00,76780.01,76811.39,76534.0,76753.46,596.54444
2026-09-17T17:00:00+00:00,76753.46,76970.01,76576.0,76667.86,711.49403
2026-09-17T18:00:00+00:00,76667.87,76781.85,76470.4,76575.96,293.0973
2026-09-17T19:00:00+00:00,76575.97,76677.42,76504.62,76594.01,292.32933
2026-09-17T20:00:00+00:00,76594.01,76732.99,76500.0,76556.01,198.7874
2026-09-17T21:00:00+00:00,76556.01,76616.01,76395.51,76415.85,210.95396
2026-09-17T22:00:00+00:00,76415.85,76458.55,76259.98,76420.0,270.75161
2026-09-17T23:00:00+00:00,76419.99,76510.01,76384.04,76417.01,255.57512
2026-09-18T00:00:00+00:00,76417.01,76590.0,76296.0,76590.0,376.57511
2026-09-18T01:00:00+00:00,76589.99,76763.86,76520.0,76744.01,577.60341
2026-09-18T02:00:00+00:00,76744.01,77042.2,76644.0,76988.3,712.34227
2026-09-18T03:00:00+00:00,76988.31,77597.83,76981.94,77383.47,920.49271
2026-09-18T04:00:00+00:00,77383.47,77575.98,77216.76,77575.97,724.0507
2026-09-18T05:00:00+00:00,77575.98,77715.48,77442.93,77493.8,717.75458
2026-09-18T06:00:00+00:00,77493.8,77679.62,77402.32,77604.0,542.00013
2026-09-18T07:00:00+00:00,77604.01,77850.0,77566.11,77798.01,1203.27789
2026-09-18T08:00:00+00:00,77798.0,78279.8,77660.0,78272.15,1082.03924
2026-09-18T09:00:00+00:00,78271.48,78490.79,77961.57,78212.01,1198.98878
2026-09-18T10:00:00+00:00,78212.0,78369.86,78102.0,78285.34,396.04476
2026-09-18T11:00:00+00:00,78285.35,78450.01,78026.0,78062.0,564.41098
2026-09-18T12:00:00+00:00,78062.01,78182.01,77982.88,78043.11,508.65462
2026-09-18T13:00:00+00:00,78043.12,80500.0,77972.3,80073.09,3127.05627
2026-09-18T14:00:00+00:00,80073.09,80989.99,80073.09,80937.83,3674.82612
2026-09-18T15:00:00+00:00,80937.83,81154.67,80501.0,80725.6,1900.06383
2026-09-18T16:00:00+00:00,80725.6,81258.01,80671.53,80846.74,1155.99511
2026-09-18T17:00:00+00:00,80846.75,81019.01,80555.54,81019.0,719.2946
2026-09-18T18:00:00+00:00,81019.0,81148.0,80796.92,80938.43,787.61867
2026-09-18T19:00:00+00:00,80938.44,81400.0,80912.0,81204.76,838.29021
2026-09-18T20:00:00+00:00,81204.77,81235.0,80941.65,81110.01,620.55238
2026-09-18T21:00:00+00:00,81110.01,81300.0,81092.0,81238.2,488.11936
2026-09-18T22:00:00+00:00,81238.2,81370.57,81077.55,81139.02,440.33445
2026-09-18T23:00:00+00:00,81139.03,81200.0,80862.61,80883.87,631.39344
2026-09-19T00:00:00+00:00,80883.86,81668.99,80844.58,81668.98,754.37622
2026-09-19T01:00:00+00:00,81668.99,81741.0,81050.0,81280.99,565.42177
2026-09-19T02:00:00+00:00,81281.0,81445.71,81264.0,81304.72,394.3587
2026-09-19T03:00:00+00:00,81304.73,81402.01,81114.08,81136.01,229.75185
2026-09-19T04:00:00+00:00,81136.02,81228.03,80911.12,81024.0,323.92635
2026-09-19T05:00:00+00:00,81024.01,81146.01,81012.0,81040.01,235.78799
2026-09-19T06:00:00+00:00,81040.01,81101.68,80925.76,81052.01,223.96356
2026-09-19T07:00:00+00:00,81052.02,81250.0,81032.0,81100.16,250.51895
2026-09-19T08:00:00+00:00,81100.17,81413.27,81075.28,81312.01,342.31658
2026-09-19T09:00:00+00:00,81312.01,81528.01,81246.5,81325.77,433.58513
2026-09-19T10:00:00+00:00,81325.38,81330.29,81199.99,81216.7,532.29651
2026-09-19T11:00:00+00:00,81216.71,81374.15,81212.98,81302.63,328.56609
2026-09-19T12:00:00+00:00,81302.63,81369.86,81223.16,81330.0,317.04895
2026-09-19T13:00:00+00:00,81330.01,81366.46,81183.28,81364.01,395.12402
2026-09-19T14:00:00+00:00,81364.0,81639.61,81342.0,81586.01,636.7659
2026-09-19T15:00:00+00:00,81586.02,81951.0,81566.79,81636.01,1013.35194
2026-09-19T16:00:00+00:00,81636.01,81914.01,81472.0,81839.49,733.82297
2026-09-19T17:00:00+00:00,81839.48,81857.21,81447.9,81464.01,484.00387
2026-09-19T18:00:00+00:00,81464.0,81534.01,81334.0,81428.07,267.92194
2026-09-19T19:00:00+00:00,81428.07,81454.01,81309.68,81354.01,261.59782
2026-09-19T20:00:00+00:00,81354.01,81431.13,81080.24,81155.33,460.01461
2026-09-19T21:00:00+00:00,81155.33,81222.15,80904.46,81100.41,489.7616
2026-09-19T22:00:00+00:00,81100.42,81268.01,80962.0,81261.35,319.56997
2026-09-19T23:00:00+00:00,81261.35,81373.34,81221.33,81249.99,669.91377
2026-09-20T00:00:00+00:00,81249.99,81330.01,81208.83,81293.37,451.18444
2026-09-20T01:00:00+00:00,81293.37,81300.0,81027.11,81097.99,269.37026
2026-09-20T02:00:00+00:00,81098.0,81175.62,80263.66,80331.52,1157.59556
2026-09-20T03:00:00+00:00,80331.52,80525.83,80126.04,80486.38,1168.06535
2026-09-20T04:00:00+00:00,80486.38,80541.11,80311.01,80432.4,299.2223
2026-09-20T05:00:00+00:00,80432.4,80668.15,80408.7,80494.31,837.20344
2026-09-20T06:00:00+00:00,80494.31,80607.5,80227.27,80309.44,458.02321
2026-09-20T07:00:00+00:00,80309.45,80420.01,80288.0,80311.61,229.11226
2026-09-20T08:00:00+00:00,80311.6,80453.9,80165.49,80264.85,288.38791
2026-09-20T09:00:00+00:00,80264.85,80581.82,80256.82,80470.01,215.53752
2026-09-20T10:00:00+00:00,80470.01,80515.83,80319.58,80319.58,199.82514
2026-09-20T11:00:00+00:00,80319.58,80534.64,80286.0,80493.2,592.53775
2026-09-20T12:00:00+00:00,80493.21,80534.01,80327.64,80493.76,317.39005
2026-09-20T13:00:00+00:00,80493.76,80650.58,80428.0,80564.57,263.56917
2026-09-20T14:00:00+00:00,80564.58,80789.33,80414.0,80682.01,430.31363
2026-09-20T15:00:00+00:00,80682.01,80969.84,80666.66,80912.0,468.43514
2026-09-20T16:00:00+00:00,80912.0,81497.33,80811.03,81334.01,1104.23835
2026-09-20T17:00:00+00:00,81334.01,81462.0,81068.08,81147.94,620.12017
2026-09-20T18:00:00+00:00,81147.94,81314.01,81030.97,81036.0,239.43349
2026-09-20T19:00:00+00:00,81036.0,81294.01,81036.0,81177.32,187.99727
2026-09-20T20:00:00+00:00,81177.32,81224.27,81078.18,81091.85,225.52232
2026-09-20T21:00:00+00:00,81091.86,81091.86,80579.43,80932.01,354.30196
2026-09-20T22:00:00+00:00,80932.01,81295.5,80774.56,81222.85,371.27801
2026-09-20T23:00:00+00:00,81222.84,81332.01,81135.15,81178.0,245.01823
2026-09-21T00:00:00+00:00,81178.01,81849.15,81178.01,81607.72,855.46281
2026-09-21T01:00:00+00:00,81607.72,82100.0,80850.22,80996.97,1183.18776
2026-09-21T02:00:00+00:00,80996.98,81514.01,80952.35,81310.61,488.74903
2026-09-21T03:00:00+00:00,81310.61,81576.01,81250.0,81425.23,378.81841
2026-09-21T04:00:00+00:00,81425.24,81509.25,81228.15,81400.01,436.96949
2026-09-21T05:00:00+00:00,81400.0,81792.01,81302.05,81550.0,458.38404
2026-09-21T06:00:00+00:00,81550.01,81878.98,81400.0,81639.9,532.02348
2026-09-21T07:00:00+00:00,81639.91,81725.74,81458.42,81720.01,624.88244
2026-09-21T08:00:00+00:00,81720.01,84174.1,81720.0,83760.0,4553.74746
2026-09-21T09:00:00+00:00,83760.0,85299.87,83700.0,84653.71,3826.57309
2026-09-21T10:00:00+00:00,84653.7,84816.42,84130.21,84441.77,1696.63605
2026-09-21T11:00:00+00:00,84441.77,84917.36,84392.41,84887.19,1151.00512
2026-09-21T12:00:00+00:00,84887.19,85473.68,84820.0,85323.0,2004.93408
2026-09-21T13:00:00+00:00,85323.0,85845.27,84778.0,85466.34,2331.00479
2026-09-21T14:00:00+00:00,85466.35,86125.0,85050.0,85844.14,2395.21576
2026-09-21T15:00:00+00:00,85844.13,86344.7,85799.99,85927.71,1968.31466
2026-09-21T16:00:00+00:00,85927.71,86103.73,85607.42,85961.91,1192.70075
2026-09-21T17:00:00+00:00,85961.91,86108.0,85667.5,85897.21,651.02583
2026-09-21T18:00:00+00:00,85897.2,86071.19,85800.0,86051.75,748.46369
2026-09-21T19:00:00+00:00,86051.75,86895.7,85980.76,86490.11,1357.8892
2026-09-21T20:00:00+00:00,86490.11,87395.67,86490.11,87001.68,1271.53725
2026-09-21T21:00:00+00:00,87001.68,87001.68,86537.53,86588.29,569.97751
2026-09-21T22:00:00+00:00,86588.29,86758.01,86295.78,86453.74,657.63026
2026-09-21T23:00:00+00:00,86453.73,86697.52,86364.05,86620.0,628.04576
2026-09-22T00:00:00+00:00,86620.01,86625.82,85867.68,85890.71,1126.88778
2026-09-22T01:00:00+00:00,85890.72,85973.79,85395.27,85616.23,890.84342
2026-09-22T02:00:00+00:00,85616.23,85879.25,85300.0,85714.9,898.97691
2026-09-22T03:00:00+00:00,85714.91,85750.01,85300.01,85692.83,703.23804
2026-09-22T04:00:00+00:00,85692.83,85730.23,85425.2,85452.0,594.93381
2026-09-22T05:00:00+00:00,85452.01,85600.0,85114.0,85397.37,844.33342
2026-09-22T06:00:00+00:00,85397.38,85581.52,85250.0,85384.01,582.94729
2026-09-22T07:00:00+00:00,85384.02,85500.0,85157.31,85344.0,1045.96764
2026-09-22T08:00:00+00:00,85344.01,86377.77,85327.42,86223.77,1208.65549
2026-09-22T09:00:00+00:00,86223.77,86271.22,85681.83,86253.99,951.86983
2026-09-22T10:00:00+00:00,86253.99,86262.01,85723.04,85904.0,634.44661
2026-09-22T11:00:00+00:00,85904.0,86142.01,85774.27,85986.62,661.52703
2026-09-22T12:00:00+00:00,85986.62,86182.2,85782.52,86024.01,1020.45206
2026-09-22T13:00:00+00:00,86024.01,86370.0,85569.46,86346.01,1218.84156
2026-09-22T14:00:00+00:00,86346.01,86470.58,85461.53,86258.01,1551.74098
2026-09-22T15:00:00+00:00,86258.0,86717.6,86124.3,86413.12,1020.77769
2026-09-22T16:00:00+00:00,86413.11,86588.3,86033.18,86421.13,1068.78379
2026-09-22T17:00:00+00:00,86421.13,86660.0,86247.8,86570.24,1073.02563
2026-09-22T18:00:00+00:00,86570.24,86649.06,86241.4,86461.44,1025.36943
2026-09-22T19:00:00+00:00,86461.45,86584.55,86139.37,86192.44,1139.5808
2026-09-22T20:00:00+00:00,86192.45,86378.32,86132.0,86264.01,646.72345
2026-09-22T21:00:00+00:00,86264.01,86344.01,86178.0,86184.01,334.95129
2026-09-22T22:00:00+00:00,86184.0,86284.01,86000.0,86124.01,473.14621
2026-09-22T23:00:00+00:00,86124.01,86504.17,86095.31,86208.56,610.43797
2026-09-23T00:00:00+00:00,86208.57,86588.3,86133.4,86457.3,617.38252
2026-09-23T01:00:00+00:00,86457.31,86845.39,86169.74,86370.0,781.39738
2026-09-23T02:00:00+00:00,86370.01,86638.15,86260.01,86552.26,553.16487
2026-09-23T03:00:00+00:00,86552.27,86975.51,86436.35,86704.27,495.62113
2026-09-23T04:00:00+00:00,86704.27,87278.54,86636.0,87166.95,876.93454
2026-09-23T05:00:00+00:00,87166.94,87166.95,86424.0,86496.01,734.60459
2026-09-23T06:00:00+00:00,86496.0,86609.93,86375.0,86469.66,728.90495
2026-09-23T07:00:00+00:00,86469.67,86469.67,86000.0,86124.77,902.10402
2026-09-23T08:00:00+00:00,86124.77,86264.01,85688.0,85899.99,908.01386
2026-09-23T09:00:00+00:00,85899.99,86024.01,85734.01,85854.33,592.82384
2026-09-23T10:00:00+00:00,85854.34,85934.02,85658.75,85923.07,574.90087
2026-09-23T11:00:00+00:00,85923.07,85966.04,85450.88,85649.95,706.12351
2026-09-23T12:00:00+00:00,85649.96,85675.04,85267.32,85510.91,731.94616
2026-09-23T13:00:00+00:00,85510.9,85878.01,85288.0,85792.01,1074.83799
2026-09-23T14:00:00+00:00,85792.01,85940.32,83864.07,84533.99,4612.32757
2026-09-23T15:00:00+00:00,84534.0,84794.01,83950.0,83996.01,1886.75286
2026-09-23T16:00:00+00:00,83996.0,84363.19,83500.01,84038.0,1490.08224
2026-09-23T17:00:00+00:00,84038.01,84392.56,83699.27,84326.56,1153.11912
2026-09-23T18:00:00+00:00,84326.55,84411.0,84136.0,84330.0,661.4068
2026-09-23T19:00:00+00:00,84330.0,84565.21,84228.0,84518.0,667.95349
2026-09-23T20:00:00+00:00,84518.0,84569.94,84224.01,84232.86,422.98773
2026-09-23T21:00:00+00:00,84232.86,84516.01,84212.68,84419.48,416.52546
2026-09-23T22:00:00+00:00,84419.49,84670.01,84344.51,84563.01,361.03249
2026-09-23T23:00:00+00:00,84563.01,84566.0,84352.0,84397.6,199.98478
2026-09-24T00:00:00+00:00,84397.6,84494.5,84213.99,84318.0,498.25449
2026-09-24T01:00:00+00:00,84318.0,84470.47,84064.0,84104.35,584.80296
2026-09-24T02:00:00+00:00,84104.35,84372.01,83744.7,84365.54,649.85626
2026-09-24T03:00:00+00:00,84365.55,84480.01,83850.0,83934.01,368.89645
2026-09-24T04:00:00+00:00,83934.01,84054.05,83781.89,84046.0,361.13702
2026-09-24T05:00:00+00:00,84046.0,84400.0,83959.55,83978.02,317.28584
2026-09-24T06:00:00+00:00,83978.02,84225.07,83918.84,84113.99,490.3723
2026-09-24T07:00:00+00:00,84114.0,84612.01,83950.0,84524.02,983.17968
2026-09-24T08:00:00+00:00,84524.02,84622.01,83301.0,83660.0,1604.94809
2026-09-24T09:00:00+00:00,83660.01,83743.43,82874.93,83263.95,1740.04754
2026-09-24T10:00:00+00:00,83263.96,83566.66,83156.0,83512.2,948.52494
2026-09-24T11:00:00+00:00,83512.2,83616.01,83399.47,83494.58,547.2589
2026-09-24T12:00:00+00:00,83494.59,83670.01,83346.66,83604.26,495.65647
2026-09-24T13:00:00+00:00,83604.26,84340.01,83600.0,84258.43,1073.28333
2026-09-24T14:00:00+00:00,84258.42,84942.45,83388.88,83673.77,2183.00027
2026-09-24T15:00:00+00:00,83673.77,84468.01,83508.0,84418.0,1011.03559
2026-09-24T16:00:00+00:00,84418.01,84924.01,84044.02,84500.33,1160.39204
2026-09-24T17:00:00+00:00,84500.32,84562.01,84017.68,84110.0,702.81371
2026-09-24T18:00:00+00:00,84110.0,84554.0,83888.0,84476.01,511.24518
2026-09-24T19:00:00+00:00,84476.01,84660.0,84298.0,84412.65,650.38242
2026-09-24T20:00:00+00:00,84412.64,84500.0,84170.0,84371.63,604.1686
2026-09-24T21:00:00+00:00,84371.62,84501.16,84290.0,84350.0,421.87972
2026-09-24T22:00:00+00:00,84350.0,84368.01,83948.43,84277.32,524.2865
2026-09-24T23:00:00+00:00,84277.32,84473.58,84269.99,84410.24,270.91141
2026-09-25T00:00:00+00:00,84410.24,84718.02,84410.24,84590.01,583.04093
2026-09-25T01:00:00+00:00,84590.01,84796.51,84366.0,84610.73,553.77183
2026-09-25T02:00:00+00:00,84610.74,84888.0,84180.0,84226.16,577.26362
2026-09-25T03:00:00+00:00,84226.17,84385.1,84063.18,84231.19,421.10752
2026-09-25T04:00:00+00:00,84231.19,84298.01,84061.22,84208.01,494.24466
2026-09-25T05:00:00+00:00,84208.0,84347.86,84096.94,84194.01,303.94989
2026-09-25T06:00:00+00:00,84194.0,84284.01,83938.0,84036.0,402.77283
2026-09-25T07:00:00+00:00,84036.01,84096.01,83750.5,84043.96,1342.44951
2026-09-25T08:00:00+00:00,84043.96,84512.0,84028.98,84417.06,686.85192
2026-09-25T09:00:00+00:00,84417.05,84870.0,84417.05,84570.01,698.57495
2026-09-25T10:00:00+00:00,84570.02,84870.0,84394.0,84713.66,540.8531
2026-09-25T11:00:00+00:00,84713.67,85255.0,84567.02,84582.64,1799.94837
2026-09-25T12:00:00+00:00,84582.64,84704.0,83900.0,84471.8,1293.76547
2026-09-25T13:00:00+00:00,84471.79,84600.01,83530.06,83923.71,1647.67121
2026-09-25T14:00:00+00:00,83923.71,84030.01,83183.0,84016.01,2047.65742
2026-09-25T15:00:00+00:00,84016.01,84092.01,83363.63,83796.01,1178.04356
2026-09-25T16:00:00+00:00,83796.01,84115.87,83720.0,83742.22,787.15982
2026-09-25T17:00:00+00:00,83742.23,83995.84,83628.0,83785.11,596.02916
2026-09-25T18:00:00+00:00,83785.11,84081.41,83785.11,83968.0,341.90397
2026-09-25T19:00:00+00:00,83968.01,84078.23,83934.0,84020.01,328.96659
2026-09-25T20:00:00+00:00,84020.01,84193.39,83817.89,83886.0,308.93872
2026-09-25T21:00:00+00:00,83886.01,83921.36,83632.03,83792.0,365.84717
2026-09-25T22:00:00+00:00,83792.0,84123.35,83765.26,84083.05,367.91947
2026-09-25T23:00:00+00:00,84083.05,84106.0,84020.0,84099.99,387.5335
2026-09-26T00:00:00+00:00,84100.0,84145.26,83798.0,83910.01,384.81627
2026-09-26T01:00:00+00:00,83910.01,84086.01,83906.72,84076.66,380.38641
2026-09-26T02:00:00+00:00,84076.67,84138.6,83996.0,84010.0,353.25072
2026-09-26T03:00:00+00:00,84010.0,84049.83,83909.98,83939.0,235.38951
2026-09-26T04:00:00+00:00,83939.01,84045.65,83848.91,83976.0,366.5919
2026-09-26T05:00:00+00:00,83976.01,84012.93,83891.27,83919.69,196.5401
2026-09-26T06:00:00+00:00,83919.69,83968.01,83876.58,83891.22,292.11571
2026-09-26T07:00:00+00:00,83891.23,84134.01,83891.23,84116.8,280.35605
2026-09-26T08:00:00+00:00,84116.79,84336.96,84032.06,84220.01,377.1799
2026-09-26T09:00:00+00:00,84220.01,84220.01,83966.03,84021.95,300.20233
2026-09-26T10:00:00+00:00,84021.96,84184.95,84021.95,84179.92,213.98608
2026-09-26T11:00:00+00:00,84179.92,84199.97,84130.79,84176.0,198.01949
2026-09-26T12:00:00+00:00,84176.0,84204.88,84050.0,84051.9,235.98415
2026-09-26T13:00:00+00:00,84051.89,84125.45,83856.23,83939.1,442.96191
2026-09-26T14:00:00+00:00,83939.11,84049.19,83919.1,84020.0,252.95346
2026-09-26T15:00:00+00:00,84020.01,84190.0,84010.49,84155.99,441.81063
2026-09-26T16:00:00+00:00,84156.0,84174.33,84098.18,84120.0,264.1412
2026-09-26T17:00:00+00:00,84120.0,84132.41,84041.92,84132.4,379.58461
2026-09-26T18:00:00+00:00,84132.4,84162.52,83990.0,83998.68,395.31178
2026-09-26T19:00:00+00:00,83998.68,84048.14,83976.74,84016.63,328.15515
2026-09-26T20:00:00+00:00,84016.63,84097.88,83838.0,84030.34,225.50053
2026-09-26T21:00:00+00:00,84030.35,84262.85,84030.34,84158.75,273.42687
2026-09-26T22:00:00+00:00,84158.74,84420.59,84158.74,84276.01,558.3193
2026-09-26T23:00:00+00:00,84276.01,84473.58,84276.0,84433.1,681.08059
2026-09-27T00:00:00+00:00,84433.11,84443.26,84257.07,84306.01,184.36474
2026-09-27T01:00:00+00:00,84306.01,84571.13,84281.84,84495.01,302.85952
2026-09-27T02:00:00+00:00,84495.01,84540.01,84448.0,84450.0,221.93995
2026-09-27T03:00:00+00:00,84450.01,84518.6,84372.0,84402.15,195.71508
2026-09-27T04:00:00+00:00,84402.15,84510.0,84305.35,84329.6,202.10127
2026-09-27T05:00:00+00:00,84329.61,84654.02,84325.0,84478.06,357.82469
2026-09-27T06:00:00+00:00,84478.06,84636.91,84478.06,84511.69,440.61295
2026-09-27T07:00:00+00:00,84511.69,84791.0,84500.0,84791.0,475.5529
