open_time,open,high,low,close,volume
2025-09-27T12:00:00+00:00,201.71,203.07,200.97,202.45,97368.913
2025-09-27T13:00:00+00:00,202.45,203.39,202.17,202.9,77051.388
2025-09-27T14:00:00+00:00,202.89,203.77,202.33,202.69,70845.194
2025-09-27T15:00:00+00:00,202.68,203.69,201.8,203.52,76367.47
2025-09-27T16:00:00+00:00,203.52,203.61,202.72,202.93,77843.323
2025-09-27T17:00:00+00:00,202.92,202.95,200.89,201.87,124346.328
2025-09-27T18:00:00+00:00,201.86,202.17,200.85,201.64,142090.516
2025-09-27T19:00:00+00:00,201.65,202.33,201.28,202.19,28730.406
2025-09-27T20:00:00+00:00,202.19,202.89,201.89,202.63,24979.415
2025-09-27T21:00:00+00:00,202.62,204.05,202.26,203.8,43804.081
2025-09-27T22:00:00+00:00,203.81,204.89,203.4,203.89,76512.477
2025-09-27T23:00:00+00:00,203.89,204.3,203.24,203.46,63617.765
2025-09-28T00:00:00+00:00,203.47,204.07,202.54,202.95,127978.527
2025-09-28T01:00:00+00:00,202.96,203.19,201.0,201.13,99846.083
2025-09-28T02:00:00+00:00,201.13,202.06,201.0,201.48,59819.855
2025-09-28T03:00:00+00:00,201.48,201.97,200.74,201.4,53648.371
2025-09-28T04:00:00+00:00,201.4,201.99,201.2,201.9,42919.922
2025-09-28T05:00:00+00:00,201.9,202.45,201.17,201.28,52535.405
2025-09-28T06:00:00+00:00,201.29,201.8,200.38,201.72,55553.578
2025-09-28T07:00:00+00:00,201.73,202.3,201.16,202.1,31671.228
2025-09-28T08:00:00+00:00,202.1,202.7,201.41,201.81,57045.488
2025-09-28T09:00:00+00:00,201.82,202.02,200.64,200.7,73558.191
2025-09-28T10:00:00+00:00,200.69,201.05,200.21,200.83,59426.306
2025-09-28T11:00:00+00:00,200.82,200.88,199.23,199.86,90311.167
2025-09-28T12:00:00+00:00,199.86,199.98,198.0,198.43,120878.622
2025-09-28T13:00:00+00:00,198.43,201.4,198.3,201.17,86676.252
2025-09-28T14:00:00+00:00,201.18,202.03,200.44,201.89,84858.946
2025-09-28T15:00:00+00:00,201.89,203.55,201.84,203.42,153083.09
2025-09-28T16:00:00+00:00,203.43,204.75,203.26,204.05,108755.722
2025-09-28T17:00:00+00:00,204.05,205.84,203.97,205.05,192859.839
2025-09-28T18:00:00+00:00,205.05,206.37,204.8,206.12,82964.733
2025-09-28T19:00:00+00:00,206.13,206.67,205.41,206.18,47906.397
2025-09-28T20:00:00+00:00,206.18,207.79,206.02,206.82,85735.067
2025-09-28T21:00:00+00:00,206.82,207.3,206.54,207.22,56377.163
2025-09-28T22:00:00+00:00,207.23,209.98,207.23,209.54,210189.861
2025-09-28T23:00:00+00:00,209.55,211.0,209.55,210.83,159660.261
2025-09-29T00:00:00+00:00,210.83,210.89,209.0,209.19,144697.185
2025-09-29T01:00:00+00:00,209.19,209.95,208.74,209.4,87829.916
2025-09-29T02:00:00+00:00,209.41,210.84,208.94,209.69,175320.468
2025-09-29T03:00:00+00:00,209.7,210.37,209.12,210.28,72660.361
2025-09-29T04:00:00+00:00,210.27,210.64,209.83,210.06,103750.768
2025-09-29T05:00:00+00:00,210.05,210.19,208.77,209.12,87217.463
2025-09-29T06:00:00+00:00,209.12,209.2,207.83,208.14,98786.847
2025-09-29T07:00:00+00:00,208.14,209.36,207.37,208.95,92723.483
2025-09-29T08:00:00+00:00,208.94,209.69,208.26,208.91,63471.136
2025-09-29T09:00:00+00:00,208.9,209.12,207.87,208.2,55898.19
2025-09-29T10:00:00+00:00,208.21,208.32,206.48,206.6,82155.536
2025-09-29T11:00:00+00:00,206.6,207.45,206.02,207.07,99172.374
2025-09-29T12:00:00+00:00,207.07,208.04,205.22,205.37,134452.567
2025-09-29T13:00:00+00:00,205.37,209.49,204.58,208.86,275038.692
2025-09-29T14:00:00+00:00,208.87,212.82,208.69,212.35,402124.092
2025-09-29T15:00:00+00:00,212.34,213.5,209.69,210.07,313169.558
2025-09-29T16:00:00+00:00,210.07,211.57,208.36,208.72,166062.194
2025-09-29T17:00:00+00:00,208.72,210.32,207.67,210.19,150099.776
2025-09-29T18:00:00+00:00,210.18,210.76,209.13,210.76,104928.106
2025-09-29T19:00:00+00:00,210.77,213.5,210.45,212.93,144879.758
2025-09-29T20:00:00+00:00,212.93,214.55,212.51,214.42,140563.465
2025-09-29T21:00:00+00:00,214.41,214.74,213.69,214.16,65924.585
2025-09-29T22:00:00+00:00,214.16,214.3,213.06,213.58,70598.101
2025-09-29T23:00:00+00:00,213.59,213.96,212.43,212.75,81574.23
2025-09-30T00:00:00+00:00,212.74,213.67,211.22,211.34,153812.493
2025-09-30T01:00:00+00:00,211.33,212.97,209.83,210.58,160432.094
2025-09-30T02:00:00+00:00,210.57,211.24,210.0,210.53,111637.931
2025-09-30T03:00:00+00:00,210.53,211.46,210.12,210.71,76377.256
2025-09-30T04:00:00+00:00,210.71,211.72,210.2,210.22,69843.981
2025-09-30T05:00:00+00:00,210.22,210.75,208.96,210.0,109049.291
2025-09-30T06:00:00+00:00,210.0,210.9,209.48,210.31,62904.094
2025-09-30T07:00:00+00:00,210.32,210.82,208.55,209.0,91242.139
2025-09-30T08:00:00+00:00,208.99,209.0,207.71,207.77,120003.224
2025-09-30T09:00:00+00:00,207.77,207.94,205.56,205.89,159356.122
2025-09-30T10:00:00+00:00,205.89,207.01,205.53,206.58,109493.655
2025-09-30T11:00:00+00:00,206.58,207.42,205.92,207.08,119192.925
2025-09-30T12:00:00+00:00,207.07,207.48,206.0,206.19,65395.447
2025-09-30T13:00:00+00:00,206.18,209.64,205.69,207.71,198520.048
2025-09-30T14:00:00+00:00,207.71,208.89,206.08,208.79,128671.75
2025-09-30T15:00:00+00:00,208.8,208.82,204.65,206.0,259357.356
2025-09-30T16:00:00+00:00,205.99,206.31,204.29,205.12,243794.422
2025-09-30T17:00:00+00:00,205.12,206.29,204.71,205.64,184273.703
2025-09-30T18:00:00+00:00,205.64,207.87,205.33,207.57,125306.79
2025-09-30T19:00:00+00:00,207.56,209.21,207.13,208.92,215817.277
2025-09-30T20:00:00+00:00,208.92,210.22,208.17,209.86,106560.577
2025-09-30T21:00:00+00:00,209.87,210.98,209.22,209.6,183439.054
2025-09-30T22:00:00+00:00,209.61,210.93,207.81,208.06,123015.517
2025-09-30T23:00:00+00:00,208.06,208.88,207.42,208.68,87284.339
2025-10-01T00:00:00+00:00,208.68,209.42,206.43,207.54,119782.284
2025-10-01T01:00:00+00:00,207.53,210.73,207.13,210.59,167268.63
2025-10-01T02:00:00+00:00,210.58,210.9,209.15,209.19,136633.544
2025-10-01T03:00:00+00:00,209.19,209.59,206.6,206.69,181771.217
2025-10-01T04:00:00+00:00,206.68,209.5,206.31,208.5,140154.328
2025-10-01T05:00:00+00:00,208.5,210.0,208.47,208.97,105991.135
2025-10-01T06:00:00+00:00,208.98,209.51,207.8,207.98,82867.252
2025-10-01T07:00:00+00:00,207.98,210.34,207.87,210.18,79588.253
2025-10-01T08:00:00+00:00,210.18,217.42,209.86,216.57,582661.576
2025-10-01T09:00:00+00:00,216.57,217.95,215.8,217.58,326323.431
2025-10-01T10:00:00+00:00,217.57,217.74,215.99,216.59,172530.606
2025-10-01T11:00:00+00:00,216.6,217.88,216.58,217.75,104065.446
2025-10-01T12:00:00+00:00,217.75,219.38,217.16,218.5,246140.465
2025-10-01T13:00:00+00:00,218.51,219.96,218.33,219.36,219506.815
2025-10-01T14:00:00+00:00,219.36,220.66,218.87,219.52,233379.479
2025-10-01T15:00:00+00:00,219.52,220.28,218.75,220.25,190102.343
2025-10-01T16:00:00+00:00,220.24,221.0,218.87,219.09,184691.177
2025-10-01T17:00:00+00:00,219.09,219.75,217.34,217.39,177737.708
2025-10-01T18:00:00+00:00,217.4,219.66,217.39,219.13,96079.963
2025-10-01T19:00:00+00:00,219.13,220.45,219.02,220.05,101253.223
2025-10-01T20:00:00+00:00,220.05,220.27,219.23,219.48,82454.021
2025-10-01T21:00:00+00:00,219.48,219.48,218.41,219.03,95116.196
2025-10-01T22:00:00+00:00,219.04,219.97,219.03,219.58,57801.658
2025-10-01T23:00:00+00:00,219.57,222.77,219.42,222.04,166360.171
2025-10-02T00:00:00+00:00,222.04,222.46,219.71,219.81,220259.368
2025-10-02T01:00:00+00:00,219.81,223.07,219.52,222.83,166172.269
2025-10-02T02:00:00+00:00,222.83,224.09,221.41,223.28,185800.456
2025-10-02T03:00:00+00:00,223.28,225.06,222.86,223.8,194325.231
2025-10-02T04:00:00+00:00,223.81,225.01,222.7,223.82,153087.837
2025-10-02T05:00:00+00:00,223.83,226.74,223.83,224.13,190078.103
2025-10-02T06:00:00+00:00,224.13,225.78,223.55,224.94,172833.439
2025-10-02T07:00:00+00:00,224.93,225.28,222.43,222.9,142530.525
2025-10-02T08:00:00+00:00,222.91,224.75,222.69,224.72,108757.836
2025-10-02T09:00:00+00:00,224.73,225.72,224.0,225.13,114046.864
2025-10-02T10:00:00+00:00,225.13,225.72,224.81,225.11,79361.388
2025-10-02T11:00:00+00:00,225.11,226.7,224.76,225.27,167563.384
2025-10-02T12:00:00+00:00,225.28,227.44,225.0,227.26,211665.779
2025-10-02T13:00:00+00:00,227.27,227.44,224.64,226.52,284859.497
2025-10-02T14:00:00+00:00,226.52,226.72,223.11,223.61,202080.22
2025-10-02T15:00:00+00:00,223.61,227.33,222.61,227.18,272442.198
2025-10-02T16:00:00+00:00,227.19,229.29,226.24,228.0,317847.734
2025-10-02T17:00:00+00:00,227.99,230.34,227.41,229.82,239943.755
2025-10-02T18:00:00+00:00,229.83,233.19,229.76,232.34,378604.745
2025-10-02T19:00:00+00:00,232.34,233.79,231.57,232.3,219903.452
2025-10-02T20:00:00+00:00,232.29,232.63,230.81,232.63,145438.653
2025-10-02T21:00:00+00:00,232.62,234.0,232.44,232.57,124299.716
2025-10-02T22:00:00+00:00,232.57,233.88,232.12,233.13,134040.842
2025-10-02T23:00:00+00:00,233.12,234.99,232.95,234.74,164753.097
2025-10-03T00:00:00+00:00,234.74,234.79,231.79,231.87,128820.891
2025-10-03T01:00:00+00:00,231.88,232.73,230.56,230.95,146398.592
2025-10-03T02:00:00+00:00,230.95,233.4,230.79,233.29,99716.625
2025-10-03T03:00:00+00:00,233.29,234.84,232.03,232.26,122614.235
2025-10-03T04:00:00+00:00,232.26,233.23,231.36,232.08,87265.701
2025-10-03T05:00:00+00:00,232.08,232.19,230.31,231.21,92228.959
2025-10-03T06:00:00+00:00,231.21,231.56,227.68,229.35,154081.197
2025-10-03T07:00:00+00:00,229.35,229.72,228.55,229.41,178988.011
2025-10-03T08:00:00+00:00,229.42,231.25,227.76,231.07,202625.863
2025-10-03T09:00:00+00:00,231.06,231.79,230.37,230.92,201646.878
2025-10-03T10:00:00+00:00,230.92,231.68,230.38,231.29,73483.995
2025-10-03T11:00:00+00:00,231.29,231.36,229.57,230.78,106403.888
2025-10-03T12:00:00+00:00,230.79,231.25,229.7,230.03,113996.42
2025-10-03T13:00:00+00:00,230.02,231.0,228.43,229.72,255045.236
2025-10-03T14:00:00+00:00,229.71,231.0,227.13,230.49,267684.867
2025-10-03T15:00:00+00:00,230.49,234.98,229.51,234.79,271017.201
2025-10-03T16:00:00+00:00,234.79,237.0,233.73,233.91,505140.206
2025-10-03T17:00:00+00:00,233.91,234.05,228.33,230.13,592719.324
2025-10-03T18:00:00+00:00,230.14,233.65,229.1,233.64,165547.744
2025-10-03T19:00:00+00:00,233.63,235.5,232.8,233.17,144869.827
2025-10-03T20:00:00+00:00,233.18,233.43,230.72,233.0,126558.167
2025-10-03T21:00:00+00:00,233.01,233.41,231.92,232.63,46777.021
2025-10-03T22:00:00+00:00,232.63,233.99,232.63,233.19,70268.83
2025-10-03T23:00:00+00:00,233.2,233.49,232.42,232.84,62711.936
2025-10-04T00:00:00+00:00,232.84,234.05,231.53,231.97,111033.997
2025-10-04T01:00:00+00:00,231.97,232.09,229.57,230.31,121973.314
2025-10-04T02:00:00+00:00,230.32,231.06,228.35,229.84,114179.849
2025-10-04T03:00:00+00:00,229.83,230.04,227.93,229.25,110039.754
2025-10-04T04:00:00+00:00,229.24,229.92,229.0,229.57,45168.007
2025-10-04T05:00:00+00:00,229.58,230.3,229.17,229.99,51793.606
2025-10-04T06:00:00+00:00,229.99,230.53,229.61,229.83,44583.821
2025-10-04T07:00:00+00:00,229.84,229.9,228.73,229.11,43948.423
2025-10-04T08:00:00+00:00,229.1,229.46,228.21,228.88,69322.177
2025-10-04T09:00:00+00:00,228.87,229.47,228.29,228.48,48919.47
2025-10-04T10:00:00+00:00,228.47,229.92,228.32,229.18,67991.683
2025-10-04T11:00:00+00:00,229.18,229.59,228.67,229.19,48087.286
2025-10-04T12:00:00+00:00,229.19,229.45,227.96,228.14,53620.665
2025-10-04T13:00:00+00:00,228.13,229.84,227.93,228.8,62139.836
2025-10-04T14:00:00+00:00,228.8,229.47,226.66,226.82,94248.42
2025-10-04T15:00:00+00:00,226.81,227.5,224.31,224.88,267339.942
2025-10-04T16:00:00+00:00,224.87,225.69,224.07,225.65,164268.738
2025-10-04T17:00:00+00:00,225.65,227.02,225.44,226.55,109171.206
2025-10-04T18:00:00+00:00,226.55,226.98,225.81,226.06,45995.583
2025-10-04T19:00:00+00:00,226.06,226.91,225.98,226.91,27311.665
2025-10-04T20:00:00+00:00,226.91,227.98,226.91,227.31,41760.147
2025-10-04T21:00:00+00:00,227.3,228.29,227.26,227.28,37288.248
2025-10-04T22:00:00+00:00,227.28,227.99,226.94,227.73,33781.319
2025-10-04T23:00:00+00:00,227.74,228.24,227.09,227.86,27443.449
2025-10-05T00:00:00+00:00,227.86,228.27,226.45,226.82,65212.16
2025-10-05T01:00:00+00:00,226.83,227.93,226.6,227.75,66947.397
2025-10-05T02:00:00+00:00,227.75,231.4,227.32,231.12,261542.677
2025-10-05T03:00:00+00:00,231.12,232.29,230.18,230.91,172934.099
2025-10-05T04:00:00+00:00,230.91,234.94,230.9,233.78,227211.398
2025-10-05T05:00:00+00:00,233.79,234.93,233.36,234.52,203134.654
2025-10-05T06:00:00+00:00,234.52,235.89,234.47,235.16,190330.909
2025-10-05T07:00:00+00:00,235.16,236.93,234.97,236.59,183486.666
2025-10-05T08:00:00+00:00,236.58,237.22,235.13,235.18,120319.54
2025-10-05T09:00:00+00:00,235.18,235.8,232.05,233.43,207202.061
2025-10-05T10:00:00+00:00,233.44,233.59,230.76,232.03,181724.149
2025-10-05T11:00:00+00:00,232.03,232.84,230.8,232.66,127155.196
2025-10-05T12:00:00+00:00,232.66,232.67,230.74,231.31,85204.592
2025-10-05T13:00:00+00:00,231.32,232.04,230.4,231.64,101264.416
2025-10-05T14:00:00+00:00,231.64,232.03,228.42,230.14,170660.281
2025-10-05T15:00:00+00:00,230.13,230.9,229.75,230.14,87451.748
2025-10-05T16:00:00+00:00,230.13,231.23,228.8,231.09,95773.04
2025-10-05T17:00:00+00:00,231.08,231.47,229.31,229.67,62611.451
2025-10-05T18:00:00+00:00,229.68,229.92,227.45,228.98,124698.659
2025-10-05T19:00:00+00:00,228.98,229.03,226.72,227.07,114230.766
2025-10-05T20:00:00+00:00,227.07,229.0,226.7,227.98,68193.784
2025-10-05T21:00:00+00:00,227.99,228.78,227.45,228.71,54691.505
2025-10-05T22:00:00+00:00,228.71,229.26,227.06,228.32,65790.303
2025-10-05T23:00:00+00:00,228.31,229.13,228.13,228.56,61862.075
2025-10-06T00:00:00+00:00,228.56,230.33,227.55,228.7,134354.545
2025-10-06T01:00:00+00:00,228.69,231.71,227.76,231.42,147175.452
2025-10-06T02:00:00+00:00,231.42,232.99,229.83,232.37,188357.287
2025-10-06T03:00:00+00:00,232.37,233.3,231.71,232.24,94079.873
2025-10-06T04:00:00+00:00,232.23,232.31,230.59,230.67,75448.399
2025-10-06T05:00:00+00:00,230.67,232.48,230.17,232.32,79888.698
2025-10-06T06:00:00+00:00,232.32,234.86,232.32,233.95,146254.051
2025-10-06T07:00:00+00:00,233.95,234.26,230.63,231.36,144517.793
2025-10-06T08:00:00+00:00,231.37,233.92,231.37,233.71,109584.197
2025-10-06T09:00:00+00:00,233.7,234.15,232.8,233.5,84868.762
2025-10-06T10:00:00+00:00,233.49,233.76,232.33,232.67,66222.823
2025-10-06T11:00:00+00:00,232.66,233.84,231.8,233.02,99139.479
2025-10-06T12:00:00+00:00,233.02,234.47,232.93,234.1,111305.082
2025-10-06T13:00:00+00:00,234.09,235.13,232.63,234.78,192217.11
2025-10-06T14:00:00+00:00,234.78,235.74,232.8,233.33,190315.488
2025-10-06T15:00:00+00:00,233.33,236.67,233.3,235.64,203659.009
2025-10-06T16:00:00+00:00,235.64,236.25,234.05,235.7,99849.734
2025-10-06T17:00:00+00:00,235.7,237.79,235.44,236.42,207918.157
2025-10-06T18:00:00+00:00,236.43,237.16,234.82,236.8,115980.648
2025-10-06T19:00:00+00:00,236.81,237.0,234.7,235.35,110764.369
2025-10-06T20:00:00+00:00,235.34,236.15,233.24,233.6,117077.7
2025-10-06T21:00:00+00:00,233.6,234.44,232.76,234.23,86605.22
2025-10-06T22:00:00+00:00,234.22,234.99,233.92,234.62,55536.582
2025-10-06T23:00:00+00:00,234.62,234.77,231.64,232.35,120807.917
2025-10-07T00:00:00+00:00,232.35,233.0,231.16,232.52,119712.044
2025-10-07T01:00:00+00:00,232.51,233.12,231.0,232.72,94417.005
2025-10-07T02:00:00+00:00,232.73,233.85,232.05,233.47,95343.087
2025-10-07T03:00:00+00:00,233.46,233.98,232.84,233.95,75839.64
2025-10-07T04:00:00+00:00,233.95,235.21,233.0,234.85,106241.775
2025-10-07T05:00:00+00:00,234.86,235.02,233.15,233.52,118303.352
2025-10-07T06:00:00+00:00,233.51,233.68,229.41,230.44,239953.483
2025-10-07T07:00:00+00:00,230.43,231.14,229.53,231.01,158204.417
2025-10-07T08:00:00+00:00,231.01,231.01,228.22,230.01,207401.799
2025-10-07T09:00:00+00:00,230.01,230.59,229.7,230.35,124611.413
2025-10-07T10:00:00+00:00,230.36,231.64,229.77,230.86,109047.573
2025-10-07T11:00:00+00:00,230.86,231.16,230.06,230.44,121930.735
2025-10-07T12:00:00+00:00,230.44,231.49,229.2,231.48,191943.331
2025-10-07T13:00:00+00:00,231.48,231.59,226.33,227.93,340418.306
2025-10-07T14:00:00+00:00,227.93,228.15,224.51,225.29,439067.777
2025-10-07T15:00:00+00:00,225.3,225.88,220.8,223.79,647960.31
2025-10-07T16:00:00+00:00,223.79,225.31,221.85,224.4,324691.592
2025-10-07T17:00:00+00:00,224.4,224.81,222.63,222.7,184998.659
2025-10-07T18:00:00+00:00,222.71,223.29,221.38,221.43,101587.545
2025-10-07T19:00:00+00:00,221.43,222.89,220.71,221.69,162102.24
2025-10-07T20:00:00+00:00,221.7,224.16,221.53,223.49,117652.352
2025-10-07T21:00:00+00:00,223.49,224.28,222.41,223.14,109568.169
2025-10-07T22:00:00+00:00,223.15,223.66,222.01,222.49,52880.606
2025-10-07T23:00:00+00:00,222.5,222.56,219.7,219.97,157168.547
2025-10-08T00:00:00+00:00,219.98,221.79,217.91,220.99,249657.41
2025-10-08T01:00:00+00:00,220.99,222.32,220.48,222.04,65589.823
2025-10-08T02:00:00+00:00,222.04,222.78,221.13,221.58,113880.683
2025-10-08T03:00:00+00:00,221.58,221.58,217.93,218.31,202406.528
2025-10-08T04:00:00+00:00,218.3,220.54,217.3,220.4,137370.095
2025-10-08T05:00:00+00:00,220.41,220.43,218.38,219.5,110725.86
2025-10-08T06:00:00+00:00,219.51,220.47,218.62,220.26,78065.278
2025-10-08T07:00:00+00:00,220.26,220.98,219.44,220.95,69783.373
2025-10-08T08:00:00+00:00,220.95,222.64,220.82,221.61,111435.639
2025-10-08T09:00:00+00:00,221.62,222.08,220.74,221.43,90102.91
2025-10-08T10:00:00+00:00,221.43,222.21,221.02,222.12,77908.584
2025-10-08T11:00:00+00:00,222.13,222.56,220.65,221.2,85515.046
2025-10-08T12:00:00+00:00,221.2,222.55,221.08,222.29,84400.732
2025-10-08T13:00:00+00:00,222.3,222.71,218.78,221.45,181147.262
2025-10-08T14:00:00+00:00,221.44,224.18,219.52,220.08,239546.99
2025-10-08T15:00:00+00:00,220.09,222.84,219.93,221.19,106354.468
2025-10-08T16:00:00+00:00,221.2,223.7,220.71,223.57,100104.403
2025-10-08T17:00:00+00:00,223.56,227.71,223.36,226.92,298267.896
2025-10-08T18:00:00+00:00,226.93,229.67,226.43,228.67,211770.054
2025-10-08T19:00:00+00:00,228.66,229.6,227.52,229.34,142677.161
2025-10-08T20:00:00+00:00,229.34,229.69,227.46,227.7,111220.075
2025-10-08T21:00:00+00:00,227.7,229.14,227.42,228.49,78712.815
2025-10-08T22:00:00+00:00,228.48,229.72,228.48,228.61,74997.23
2025-10-08T23:00:00+00:00,228.61,229.37,227.73,229.02,82120.33
2025-10-09T00:00:00+00:00,229.03,229.69,228.01,228.34,77137.375
2025-10-09T01:00:00+00:00,228.33,228.65,226.01,228.45,162920.021
2025-10-09T02:00:00+00:00,228.46,228.74,223.84,224.44,228648.838
2025-10-09T03:00:00+00:00,224.44,226.45,224.39,226.19,101196.275
2025-10-09T04:00:00+00:00,226.19,227.57,225.46,227.47,106602.837
2025-10-09T05:00:00+00:00,227.48,228.87,226.74,227.8,108249.115
2025-10-09T06:00:00+00:00,227.8,228.43,226.32,226.55,97295.703
2025-10-09T07:00:00+00:00,226.54,226.89,224.14,224.5,135323.15
2025-10-09T08:00:00+00:00,224.49,224.81,219.32,220.0,292719.43
2025-10-09T09:00:00+00:00,220.0,222.13,219.9,221.96,113801.503
2025-10-09T10:00:00+00:00,221.97,222.96,220.96,222.28,85949.584
2025-10-09T11:00:00+00:00,222.28,223.96,222.28,223.14,94786.824
2025-10-09T12:00:00+00:00,223.14,226.32,222.86,225.95,112605.43
2025-10-09T13:00:00+00:00,225.95,226.23,221.87,222.28,169638.161
2025-10-09T14:00:00+00:00,222.29,223.3,219.4,220.86,278538.228
2025-10-09T15:00:00+00:00,220.86,222.18,218.62,219.11,220275.652
2025-10-09T16:00:00+00:00,219.11,220.14,216.53,217.22,265933.965
2025-10-09T17:00:00+00:00,217.22,219.57,216.71,219.32,156235.65
2025-10-09T18:00:00+00:00,219.32,219.5,217.21,217.55,114906.263
2025-10-09T19:00:00+00:00,217.56,218.94,217.43,218.29,94398.021
2025-10-09T20:00:00+00:00,218.29,219.23,217.56,218.94,75209.446
2025-10-09T21:00:00+00:00,218.94,220.45,218.55,220.27,77419.356
2025-10-09T22:00:00+00:00,220.27,221.64,219.88,221.25,55765.308
2025-10-09T23:00:00+00:00,221.25,221.31,219.85,220.93,47397.296
2025-10-10T00:00:00+00:00,220.93,222.0,220.76,221.23,65680.897
2025-10-10T01:00:00+00:00,221.22,222.09,220.52,220.97,72549.238
2025-10-10T02:00:00+00:00,220.98,221.85,219.87,220.33,93624.855
2025-10-10T03:00:00+00:00,220.34,222.87,219.5,221.65,114774.028
2025-10-10T04:00:00+00:00,221.64,222.9,220.88,221.22,106331.176
2025-10-10T05:00:00+00:00,221.23,221.8,220.04,221.68,84451.904
2025-10-10T06:00:00+00:00,221.68,222.43,219.32,219.39,94107.233
2025-10-10T07:00:00+00:00,219.39,219.56,217.92,218.12,129293.638
2025-10-10T08:00:00+00:00,218.13,220.1,217.4,220.06,143885.799
2025-10-10T09:00:00+00:00,220.07,220.78,218.94,218.95,93962.157
2025-10-10T10:00:00+00:00,218.95,220.63,218.75,220.4,75482.692
2025-10-10T11:00:00+00:00,220.41,221.56,220.28,221.14,94499.033
2025-10-10T12:00:00+00:00,221.15,221.8,220.79,221.76,81886.653
2025-10-10T13:00:00+00:00,221.76,224.46,221.52,223.41,241283.03
2025-10-10T14:00:00+00:00,223.42,224.42,219.69,219.79,270623.337
2025-10-10T15:00:00+00:00,219.79,220.15,209.01,210.7,1127828.389
2025-10-10T16:00:00+00:00,210.69,213.06,210.04,211.26,415253.57
2025-10-10T17:00:00+00:00,211.25,211.53,208.82,209.68,201139.383
2025-10-10T18:00:00+00:00,209.68,210.07,207.47,207.47,192600.082
2025-10-10T19:00:00+00:00,207.47,208.19,203.43,205.32,348619.921
2025-10-10T20:00:00+00:00,205.31,207.8,193.0,196.84,797774.668
2025-10-10T21:00:00+00:00,196.84,199.15,168.79,193.41,2351646.562
2025-10-10T22:00:00+00:00,193.41,194.0,182.26,189.93,1486457.856
2025-10-10T23:00:00+00:00,189.93,197.11,187.33,188.43,939079.328
2025-10-11T00:00:00+00:00,188.43,190.56,184.87,188.05,580209.572
2025-10-11T01:00:00+00:00,188.05,188.28,182.16,183.1,454866.056
2025-10-11T02:00:00+00:00,183.1,191.05,182.98,188.6,513115.71
2025-10-11T03:00:00+00:00,188.59,189.1,182.67,184.85,419158.682
2025-10-11T04:00:00+00:00,184.86,186.88,183.89,186.13,293302.137
2025-10-11T05:00:00+00:00,186.13,186.39,180.0,182.48,413120.952
2025-10-11T06:00:00+00:00,182.48,186.0,182.26,183.26,269568.048
2025-10-11T07:00:00+00:00,183.27,183.97,181.83,182.75,291658.691
2025-10-11T08:00:00+00:00,182.75,187.36,182.07,186.56,300971.053
2025-10-11T09:00:00+00:00,186.56,189.5,184.01,184.52,434358.116
2025-10-11T10:00:00+00:00,184.52,186.07,183.05,183.97,237652.213
2025-10-11T11:00:00+00:00,183.97,184.32,181.76,183.85,228432.01
2025-10-11T12:00:00+00:00,183.85,184.69,181.72,183.12,227102.182
2025-10-11T13:00:00+00:00,183.13,184.57,180.77,184.26,286822.347
2025-10-11T14:00:00+00:00,184.27,184.75,181.71,182.67,207407.242
2025-10-11T15:00:00+00:00,182.67,185.05,182.54,183.71,253847.575
2025-10-11T16:00:00+00:00,183.71,184.61,181.78,182.66,204228.917
2025-10-11T17:00:00+00:00,182.65,184.64,182.45,183.04,157567.734
2025-10-11T18:00:00+00:00,183.05,183.09,182.25,182.52,132135.699
2025-10-11T19:00:00+00:00,182.53,182.59,176.6,177.57,456835.682
2025-10-11T20:00:00+00:00,177.57,178.15,174.01,175.55,332690.067
2025-10-11T21:00:00+00:00,175.56,177.5,172.58,176.93,320770.171
2025-10-11T22:00:00+00:00,176.93,178.11,175.91,177.39,131278.686
2025-10-11T23:00:00+00:00,177.39,178.78,176.81,177.62,145287.706
2025-10-12T00:00:00+00:00,177.63,177.77,173.0,173.3,202883.327
2025-10-12T01:00:00+00:00,173.3,175.49,173.2,174.09,183901.455
2025-10-12T02:00:00+00:00,174.09,176.6,173.5,174.76,187687.957
2025-10-12T03:00:00+00:00,174.75,178.5,174.34,177.06,204131.835
2025-10-12T04:00:00+00:00,177.06,180.91,176.61,180.11,264189.0
2025-10-12T05:00:00+00:00,180.11,182.06,179.44,181.48,158242.258
2025-10-12T06:00:00+00:00,181.47,182.7,180.86,182.63,272360.147
2025-10-12T07:00:00+00:00,182.64,182.97,181.51,182.55,212563.635
2025-10-12T08:00:00+00:00,182.54,182.8,181.4,181.82,183657.167
2025-10-12T09:00:00+00:00,181.83,182.32,180.33,182.04,154687.806
2025-10-12T10:00:00+00:00,182.04,182.75,180.65,180.75,127944.717
2025-10-12T11:00:00+00:00,180.75,181.91,180.5,180.96,104918.577
2025-10-12T12:00:00+00:00,180.96,183.19,180.8,181.7,194321.577
2025-10-12T13:00:00+00:00,181.7,181.79,178.2,179.18,226206.855
2025-10-12T14:00:00+00:00,179.17,188.96,179.09,186.29,659281.012
2025-10-12T15:00:00+00:00,186.29,191.8,185.57,191.23,868582.841
2025-10-12T16:00:00+00:00,191.23,195.52,191.22,193.81,605667.108
2025-10-12T17:00:00+00:00,193.81,196.22,193.33,194.6,332841.085
2025-10-12T18:00:00+00:00,194.61,195.64,191.68,193.84,258258.533
2025-10-12T19:00:00+00:00,193.84,196.6,193.51,195.85,233161.532
2025-10-12T20:00:00+00:00,195.86,199.0,195.36,196.8,221782.098
2025-10-12T21:00:00+00:00,196.8,197.93,193.12,195.64,266918.488
2025-10-12T22:00:00+00:00,195.64,198.07,195.55,197.43,213964.5
2025-10-12T23:00:00+00:00,197.43,197.48,195.3,197.0,148846.211
2025-10-13T00:00:00+00:00,196.99,199.25,195.7,197.22,268547.742
2025-10-13T01:00:00+00:00,197.21,199.47,196.0,199.42,194490.702
2025-10-13T02:00:00+00:00,199.42,199.99,195.2,196.46,219377.059
2025-10-13T03:00:00+00:00,196.46,197.19,194.34,194.81,177024.925
2025-10-13T04:00:00+00:00,194.82,196.43,194.18,196.2,105100.278
2025-10-13T05:00:00+00:00,196.19,196.28,193.65,194.06,133661.961
2025-10-13T06:00:00+00:00,194.05,197.38,192.91,197.1,177836.611
2025-10-13T07:00:00+00:00,197.09,199.5,195.96,196.81,281056.245
2025-10-13T08:00:00+00:00,196.8,198.68,196.13,198.25,156901.335
2025-10-13T09:00:00+00:00,198.25,198.25,196.68,196.98,154275.888
2025-10-13T10:00:00+00:00,196.98,197.04,194.91,195.42,166127.035
2025-10-13T11:00:00+00:00,195.42,195.54,190.02,192.56,423781.503
2025-10-13T12:00:00+00:00,192.56,194.47,191.36,191.84,220556.992
2025-10-13T13:00:00+00:00,191.83,196.96,191.31,196.15,489938.541
2025-10-13T14:00:00+00:00,196.15,196.77,192.5,193.37,286436.395
2025-10-13T15:00:00+00:00,193.38,197.66,193.24,196.42,271906.522
2025-10-13T16:00:00+00:00,196.42,200.4,196.23,200.04,546948.352
2025-10-13T17:00:00+00:00,200.04,205.84,199.99,205.01,570738.521
2025-10-13T18:00:00+00:00,205.0,206.68,203.93,205.95,512782.44
2025-10-13T19:00:00+00:00,205.94,208.75,205.58,207.1,284171.218
2025-10-13T20:00:00+00:00,207.1,208.76,206.81,208.55,153978.562
2025-10-13T21:00:00+00:00,208.55,208.95,207.69,207.97,149529.853
2025-10-13T22:00:00+00:00,207.96,209.28,207.65,208.4,172406.754
2025-10-13T23:00:00+00:00,208.41,209.21,207.27,208.69,135586.077
2025-10-14T00:00:00+00:00,208.69,211.25,208.06,209.31,296533.091
2025-10-14T01:00:00+00:00,209.3,210.11,207.89,208.41,209323.109
2025-10-14T02:00:00+00:00,208.41,208.66,205.81,206.3,350683.718
2025-10-14T03:00:00+00:00,206.31,206.96,204.96,205.71,274354.806
2025-10-14T04:00:00+00:00,205.72,205.95,201.07,202.07,296535.287
2025-10-14T05:00:00+00:00,202.07,204.01,198.9,199.69,432647.481
2025-10-14T06:00:00+00:00,199.68,200.77,192.0,195.31,578281.33
2025-10-14T07:00:00+00:00,195.32,197.23,193.42,194.47,367538.471
2025-10-14T08:00:00+00:00,194.46,197.47,193.16,196.15,297307.366
2025-10-14T09:00:00+00:00,196.15,197.58,194.09,194.87,198426.689
2025-10-14T10:00:00+00:00,194.86,194.89,191.03,194.24,373855.169
2025-10-14T11:00:00+00:00,194.25,197.08,194.05,195.32,222909.85
2025-10-14T12:00:00+00:00,195.33,195.36,192.35,193.34,263618.796
2025-10-14T13:00:00+00:00,193.35,195.66,191.5,195.02,390447.476
2025-10-14T14:00:00+00:00,195.01,198.85,194.39,195.89,429400.872
2025-10-14T15:00:00+00:00,195.89,202.64,194.53,202.22,430056.403
2025-10-14T16:00:00+00:00,202.23,206.48,200.03,202.53,564925.937
2025-10-14T17:00:00+00:00,202.52,204.68,199.28,201.76,414771.702
2025-10-14T18:00:00+00:00,201.77,204.22,200.52,201.55,186088.348
2025-10-14T19:00:00+00:00,201.56,203.79,197.05,198.54,380980.967
2025-10-14T20:00:00+00:00,198.54,200.61,198.17,200.6,126283.997
2025-10-14T21:00:00+00:00,200.61,201.53,198.31,201.23,94873.69
2025-10-14T22:00:00+00:00,201.24,202.17,200.3,201.44,76443.137
2025-10-14T23:00:00+00:00,201.44,203.42,201.44,202.44,92880.183
2025-10-15T00:00:00+00:00,202.45,204.05,201.22,203.98,180535.913
2025-10-15T01:00:00+00:00,203.97,204.1,201.12,203.69,160610.509
2025-10-15T02:00:00+00:00,203.7,205.82,203.05,203.4,204292.717
2025-10-15T03:00:00+00:00,203.39,203.75,200.89,201.65,189074.802
2025-10-15T04:00:00+00:00,201.65,203.55,200.47,203.46,108434.77
2025-10-15T05:00:00+00:00,203.47,204.84,202.81,204.43,138950.283
2025-10-15T06:00:00+00:00,204.44,205.45,201.95,204.64,242065.907
2025-10-15T07:00:00+00:00,204.64,205.08,203.22,204.66,182076.283
2025-10-15T08:00:00+00:00,204.65,208.91,204.46,206.14,372912.53
2025-10-15T09:00:00+00:00,206.15,207.34,205.34,205.99,148009.712
2025-10-15T10:00:00+00:00,205.99,206.33,203.48,203.9,185727.601
2025-10-15T11:00:00+00:00,203.89,204.83,202.04,202.6,167414.27
2025-10-15T12:00:00+00:00,202.59,203.69,201.66,203.06,154885.338
2025-10-15T13:00:00+00:00,203.05,204.32,198.04,201.16,492111.532
2025-10-15T14:00:00+00:00,201.17,204.87,198.37,199.5,510120.452
2025-10-15T15:00:00+00:00,199.5,200.32,196.18,197.13,379071.244
2025-10-15T16:00:00+00:00,197.14,198.73,196.83,197.38,203292.004
2025-10-15T17:00:00+00:00,197.38,198.16,195.17,198.15,295846.492
2025-10-15T18:00:00+00:00,198.15,198.29,196.3,198.04,124663.672
2025-10-15T19:00:00+00:00,198.04,198.08,194.18,194.81,236371.523
2025-10-15T20:00:00+00:00,194.81,196.62,192.24,194.2,301215.729
2025-10-15T21:00:00+00:00,194.19,195.28,192.04,192.88,195786.762
2025-10-15T22:00:00+00:00,192.89,194.6,192.6,193.33,121067.395
2025-10-15T23:00:00+00:00,193.33,194.83,193.0,193.84,74617.999
2025-10-16T00:00:00+00:00,193.84,194.6,193.17,193.92,97053.451
2025-10-16T01:00:00+00:00,193.91,195.44,193.81,195.12,105232.738
2025-10-16T02:00:00+00:00,195.12,196.19,194.24,195.49,110665.683
2025-10-16T03:00:00+00:00,195.5,196.06,193.43,193.63,112903.318
2025-10-16T04:00:00+00:00,193.64,194.6,192.3,192.45,148462.188
2025-10-16T05:00:00+00:00,192.46,194.4,191.38,192.46,186289.082
2025-10-16T06:00:00+00:00,192.46,195.6,192.42,195.2,131091.214
2025-10-16T07:00:00+00:00,195.21,195.36,192.33,192.93,187421.291
2025-10-16T08:00:00+00:00,192.93,193.46,191.88,192.45,137223.079
2025-10-16T09:00:00+00:00,192.45,194.69,186.37,193.89,584500.289
2025-10-16T10:00:00+00:00,193.89,196.68,193.58,195.75,246372.189
2025-10-16T11:00:00+00:00,195.76,197.16,194.5,196.81,179512.566
2025-10-16T12:00:00+00:00,196.82,198.05,196.01,197.02,179401.468
2025-10-16T13:00:00+00:00,197.01,198.42,195.18,195.78,167272.455
2025-10-16T14:00:00+00:00,195.78,196.57,191.44,194.02,418605.459
2025-10-16T15:00:00+00:00,194.03,194.32,186.56,187.61,483929.776
2025-10-16T16:00:00+00:00,187.61,192.28,186.36,192.27,444030.406
2025-10-16T17:00:00+00:00,192.28,192.33,188.85,189.62,235019.869
2025-10-16T18:00:00+00:00,189.62,189.83,186.9,189.33,200903.695
2025-10-16T19:00:00+00:00,189.33,189.48,183.56,185.04,380606.774
2025-10-16T20:00:00+00:00,185.05,186.11,182.03,182.83,260221.467
2025-10-16T21:00:00+00:00,182.83,185.75,182.8,185.64,154017.743
2025-10-16T22:00:00+00:00,185.64,185.96,183.11,183.14,111283.732
2025-10-16T23:00:00+00:00,183.14,185.19,182.91,184.85,142620.731
2025-10-17T00:00:00+00:00,184.84,186.45,184.27,186.3,126176.434
2025-10-17T01:00:00+00:00,186.31,187.55,184.76,185.66,130646.751
2025-10-17T02:00:00+00:00,185.66,187.35,184.7,186.76,122160.374
2025-10-17T03:00:00+00:00,186.76,187.43,186.25,187.09,122170.864
2025-10-17T04:00:00+00:00,187.09,187.44,186.34,187.06,84799.223
2025-10-17T05:00:00+00:00,187.06,187.46,185.44,185.69,211426.915
2025-10-17T06:00:00+00:00,185.69,186.48,179.89,180.38,511864.45
2025-10-17T07:00:00+00:00,180.38,180.81,177.34,177.75,543458.015
2025-10-17T08:00:00+00:00,177.75,178.96,175.41,175.55,537360.65
2025-10-17T09:00:00+00:00,175.55,180.44,175.33,176.79,294532.199
2025-10-17T10:00:00+00:00,176.78,177.94,174.06,177.4,432118.893
2025-10-17T11:00:00+00:00,177.4,182.7,177.22,181.45,485483.487
2025-10-17T12:00:00+00:00,181.44,182.62,179.94,180.04,198713.431
2025-10-17T13:00:00+00:00,180.04,182.13,177.95,180.65,422414.885
2025-10-17T14:00:00+00:00,180.65,181.0,176.25,178.39,343744.992
2025-10-17T15:00:00+00:00,178.39,182.82,178.02,182.72,264680.311
2025-10-17T16:00:00+00:00,182.71,185.03,181.63,182.34,415074.71
2025-10-17T17:00:00+00:00,182.34,184.55,182.12,183.75,138966.458
2025-10-17T18:00:00+00:00,183.75,185.41,183.22,183.45,131956.838
2025-10-17T19:00:00+00:00,183.45,184.18,181.42,181.98,162009.252
2025-10-17T20:00:00+00:00,181.98,184.03,181.47,183.68,83869.995
2025-10-17T21:00:00+00:00,183.67,186.04,183.46,185.4,160700.953
2025-10-17T22:00:00+00:00,185.4,185.94,183.18,183.96,95464.164
2025-10-17T23:00:00+00:00,183.96,183.97,181.77,181.96,83114.633
2025-10-18T00:00:00+00:00,181.97,183.54,181.75,182.87,101139.798
2025-10-18T01:00:00+00:00,182.87,184.96,182.66,184.63,114230.965
2025-10-18T02:00:00+00:00,184.64,185.54,183.41,183.72,103491.387
2025-10-18T03:00:00+00:00,183.72,185.47,183.7,184.8,70212.262
2025-10-18T04:00:00+00:00,184.8,184.8,183.11,183.44,83658.203
2025-10-18T05:00:00+00:00,183.43,184.83,183.42,184.53,89552.056
2025-10-18T06:00:00+00:00,184.54,186.6,184.21,186.34,119319.663
2025-10-18T07:00:00+00:00,186.33,188.26,185.87,186.27,266260.606
2025-10-18T08:00:00+00:00,186.26,187.18,185.8,185.92,95996.389
2025-10-18T09:00:00+00:00,185.91,186.64,185.38,185.94,84064.78
2025-10-18T10:00:00+00:00,185.93,186.25,184.4,185.18,146999.112
2025-10-18T11:00:00+00:00,185.18,186.11,184.63,186.1,83890.552
2025-10-18T12:00:00+00:00,186.11,187.4,185.71,186.08,59352.342
2025-10-18T13:00:00+00:00,186.08,186.15,184.8,185.2,89301.945
2025-10-18T14:00:00+00:00,185.2,186.2,183.96,185.75,84421.368
2025-10-18T15:00:00+00:00,185.76,185.97,184.61,185.03,47626.797
2025-10-18T16:00:00+00:00,185.04,185.57,183.2,184.23,130771.512
2025-10-18T17:00:00+00:00,184.23,186.13,183.79,185.93,82367.773
2025-10-18T18:00:00+00:00,185.93,186.17,185.27,185.83,36235.76
2025-10-18T19:00:00+00:00,185.83,186.41,185.64,186.34,36948.94
2025-10-18T20:00:00+00:00,186.35,187.67,186.13,186.59,64606.46
2025-10-18T21:00:00+00:00,186.58,187.25,185.9,187.15,47438.367
2025-10-18T22:00:00+00:00,187.15,187.84,186.81,187.27,33084.992
2025-10-18T23:00:00+00:00,187.28,187.75,186.92,187.56,34869.066
2025-10-19T00:00:00+00:00,187.55,187.87,185.29,185.75,71495.609
2025-10-19T01:00:00+00:00,185.76,185.88,184.88,185.86,45838.077
2025-10-19T02:00:00+00:00,185.86,185.96,185.23,185.77,39467.282
2025-10-19T03:00:00+00:00,185.77,187.14,184.96,187.04,82231.347
2025-10-19T04:00:00+00:00,187.03,187.14,186.38,186.83,57556.399
2025-10-19T05:00:00+00:00,186.84,187.69,186.32,186.56,48960.476
2025-10-19T06:00:00+00:00,186.56,186.92,185.19,185.57,41285.457
2025-10-19T07:00:00+00:00,185.57,186.14,185.24,185.9,32002.055
2025-10-19T08:00:00+00:00,185.89,187.5,183.81,184.17,192827.686
2025-10-19T09:00:00+00:00,184.16,188.64,183.19,187.2,274956.355
2025-10-19T10:00:00+00:00,187.19,189.96,186.71,189.07,206976.556
2025-10-19T11:00:00+00:00,189.06,190.05,188.6,188.99,130114.116
2025-10-19T12:00:00+00:00,189.0,189.39,188.11,188.89,69475.224
2025-10-19T13:00:00+00:00,188.89,191.0,188.32,190.6,168619.925
2025-10-19T14:00:00+00:00,190.6,191.7,189.79,191.55,201287.867
2025-10-19T15:00:00+00:00,191.55,191.68,190.23,190.78,111265.994
2025-10-19T16:00:00+00:00,190.77,191.61,189.97,190.87,102648.053
2025-10-19T17:00:00+00:00,190.88,192.29,189.73,190.03,135935.746
2025-10-19T18:00:00+00:00,190.03,190.38,189.18,189.94,99781.547
2025-10-19T19:00:00+00:00,189.93,189.95,188.33,188.88,78346.53
2025-10-19T20:00:00+00:00,188.88,189.89,188.64,189.67,45672.476
2025-10-19T21:00:00+00:00,189.67,189.83,188.37,189.29,76468.788
2025-10-19T22:00:00+00:00,189.3,190.16,188.92,189.83,64342.162
2025-10-19T23:00:00+00:00,189.83,189.83,186.83,187.86,106408.873
2025-10-20T00:00:00+00:00,187.86,187.86,183.82,185.62,185598.794
2025-10-20T01:00:00+00:00,185.62,186.34,184.97,185.65,87431.708
2025-10-20T02:00:00+00:00,185.65,187.33,183.94,186.89,164675.448
2025-10-20T03:00:00+00:00,186.89,191.75,185.9,191.21,305625.921
2025-10-20T04:00:00+00:00,191.21,192.47,190.6,192.17,163452.44
2025-10-20T05:00:00+00:00,192.18,193.4,191.62,193.01,152759.036
2025-10-20T06:00:00+00:00,193.01,194.42,192.78,193.94,135414.885
2025-10-20T07:00:00+00:00,193.93,194.5,192.76,193.02,112596.368
2025-10-20T08:00:00+00:00,193.02,194.18,191.96,193.0,119542.52
2025-10-20T09:00:00+00:00,193.0,193.63,192.56,193.2,93417.016
2025-10-20T10:00:00+00:00,193.19,193.75,191.41,191.62,104231.332
2025-10-20T11:00:00+00:00,191.62,192.29,191.0,192.2,94648.076
2025-10-20T12:00:00+00:00,192.21,192.77,191.68,192.76,57403.285
2025-10-20T13:00:00+00:00,192.77,192.99,191.6,192.41,94442.082
2025-10-20T14:00:00+00:00,192.42,192.61,190.77,191.4,167724.642
2025-10-20T15:00:00+00:00,191.4,192.33,190.44,190.5,120184.008
2025-10-20T16:00:00+00:00,190.51,190.51,186.71,187.54,390442.932
2025-10-20T17:00:00+00:00,187.53,188.55,185.56,187.66,177603.269
2025-10-20T18:00:00+00:00,187.66,188.53,187.19,188.2,78248.85
2025-10-20T19:00:00+00:00,188.2,189.44,187.53,188.83,80575.649
2025-10-20T20:00:00+00:00,188.83,190.51,188.26,190.51,85201.666
2025-10-20T21:00:00+00:00,190.51,191.18,188.79,188.99,78426.49
2025-10-20T22:00:00+00:00,188.99,190.88,188.78,190.74,63684.272
2025-10-20T23:00:00+00:00,190.74,190.84,189.48,189.71,64670.81
2025-10-21T00:00:00+00:00,189.71,190.21,188.7,189.0,87126.802
2025-10-21T01:00:00+00:00,189.0,189.24,186.21,186.72,203591.172
2025-10-21T02:00:00+00:00,186.72,186.9,185.52,186.03,203697.184
2025-10-21T03:00:00+00:00,186.04,186.6,185.31,185.57,75291.273
2025-10-21T04:00:00+00:00,185.57,185.63,183.2,183.75,287851.232
2025-10-21T05:00:00+00:00,183.75,184.36,182.72,183.85,154340.825
2025-10-21T06:00:00+00:00,183.85,185.06,183.17,184.48,90979.985
2025-10-21T07:00:00+00:00,184.47,185.23,183.73,185.03,84427.545
2025-10-21T08:00:00+00:00,185.04,185.04,183.77,184.29,87368.034
2025-10-21T09:00:00+00:00,184.28,184.52,183.77,184.37,54517.243
2025-10-21T10:00:00+00:00,184.37,186.75,184.2,185.92,102342.865
2025-10-21T11:00:00+00:00,185.91,186.51,185.06,186.29,59515.622
2025-10-21T12:00:00+00:00,186.28,187.76,185.92,186.48,120184.674
2025-10-21T13:00:00+00:00,186.49,187.0,183.94,185.09,174885.53
2025-10-21T14:00:00+00:00,185.1,192.82,184.98,192.75,410498.693
2025-10-21T15:00:00+00:00,192.76,197.15,191.93,196.22,563617.626
2025-10-21T16:00:00+00:00,196.22,197.71,192.11,192.6,501327.314
2025-10-21T17:00:00+00:00,192.59,195.45,192.11,194.82,350409.809
2025-10-21T18:00:00+00:00,194.81,195.44,193.51,194.14,138556.498
2025-10-21T19:00:00+00:00,194.14,194.55,193.07,193.96,94757.323
2025-10-21T20:00:00+00:00,193.97,194.22,190.71,191.4,189546.429
2025-10-21T21:00:00+00:00,191.4,191.75,188.0,191.29,252461.934
2025-10-21T22:00:00+00:00,191.29,191.49,187.79,188.56,163374.803
2025-10-21T23:00:00+00:00,188.56,188.94,185.11,185.63,200412.206
2025-10-22T00:00:00+00:00,185.62,186.59,184.14,185.67,196944.068
2025-10-22T01:00:00+00:00,185.68,187.2,185.61,187.0,126329.104
2025-10-22T02:00:00+00:00,187.0,187.45,185.84,185.9,118434.508
2025-10-22T03:00:00+00:00,185.9,185.96,184.5,185.24,114946.265
2025-10-22T04:00:00+00:00,185.23,186.31,185.06,185.89,100187.179
2025-10-22T05:00:00+00:00,185.88,185.95,183.28,184.58,209282.458
2025-10-22T06:00:00+00:00,184.57,184.91,183.88,184.09,94005.432
2025-10-22T07:00:00+00:00,184.09,185.15,183.42,185.01,86908.52
2025-10-22T08:00:00+00:00,185.01,185.2,184.24,184.71,64994.7
2025-10-22T09:00:00+00:00,184.71,184.94,183.36,184.04,89622.218
2025-10-22T10:00:00+00:00,184.05,184.5,183.22,183.55,61996.835
2025-10-22T11:00:00+00:00,183.56,185.98,181.92,185.05,250771.166
2025-10-22T12:00:00+00:00,185.05,186.91,184.41,185.8,118766.263
2025-10-22T13:00:00+00:00,185.81,186.88,184.15,186.53,187092.768
2025-10-22T14:00:00+00:00,186.53,186.65,181.28,185.5,424647.624
2025-10-22T15:00:00+00:00,185.5,186.04,182.32,183.98,235282.016
2025-10-22T16:00:00+00:00,183.99,184.96,182.5,183.62,228160.417
2025-10-22T17:00:00+00:00,183.63,184.23,181.34,181.68,160935.936
2025-10-22T18:00:00+00:00,181.68,182.34,180.18,180.91,197694.626
2025-10-22T19:00:00+00:00,180.9,182.56,177.07,180.2,275713.589
2025-10-22T20:00:00+00:00,180.21,180.78,179.11,180.18,140329.318
2025-10-22T21:00:00+00:00,180.17,180.26,177.04,178.39,269031.798
2025-10-22T22:00:00+00:00,178.38,179.57,177.79,178.88,121015.107
2025-10-22T23:00:00+00:00,178.88,180.49,178.78,180.12,103912.8
2025-10-23T00:00:00+00:00,180.13,181.14,179.68,181.01,89259.871
2025-10-23T01:00:00+00:00,181.02,182.05,180.58,181.78,105749.162
2025-10-23T02:00:00+00:00,181.79,182.47,181.41,182.27,52073.07
2025-10-23T03:00:00+00:00,182.27,183.4,182.14,182.86,86139.623
2025-10-23T04:00:00+00:00,182.87,184.28,182.7,184.02,72710.473
2025-10-23T05:00:00+00:00,184.02,184.84,183.79,184.84,78646.255
2025-10-23T06:00:00+00:00,184.83,187.6,184.54,187.43,211961.847
2025-10-23T07:00:00+00:00,187.44,188.0,186.17,187.48,146827.634
2025-10-23T08:00:00+00:00,187.48,188.71,187.48,187.97,159517.029
2025-10-23T09:00:00+00:00,187.97,188.88,187.48,188.39,133318.493
2025-10-23T10:00:00+00:00,188.39,189.34,188.22,188.25,124755.026
2025-10-23T11:00:00+00:00,188.25,189.49,187.51,187.98,172699.217
2025-10-23T12:00:00+00:00,187.98,189.39,186.6,189.32,191031.409
2025-10-23T13:00:00+00:00,189.32,192.62,188.4,190.37,400212.876
2025-10-23T14:00:00+00:00,190.37,191.29,188.13,189.77,231092.394
2025-10-23T15:00:00+00:00,189.78,191.87,189.43,191.04,262182.11
2025-10-23T16:00:00+00:00,191.04,192.43,190.42,191.95,145498.709
2025-10-23T17:00:00+00:00,191.95,193.45,190.1,192.5,232036.472
2025-10-23T18:00:00+00:00,192.49,192.87,190.84,191.53,106132.195
2025-10-23T19:00:00+00:00,191.52,191.87,190.55,191.15,82540.21
2025-10-23T20:00:00+00:00,191.14,191.29,188.31,188.8,186406.169
2025-10-23T21:00:00+00:00,188.8,189.46,188.51,188.8,87481.954
2025-10-23T22:00:00+00:00,188.79,190.58,188.65,190.43,79837.543
2025-10-23T23:00:00+00:00,190.42,191.51,190.41,191.35,63849.374
2025-10-24T00:00:00+00:00,191.36,193.85,190.95,192.53,168737.858
2025-10-24T01:00:00+00:00,192.54,193.39,192.15,192.96,87334.847
2025-10-24T02:00:00+00:00,192.95,193.07,191.4,192.21,94748.526
2025-10-24T03:00:00+00:00,192.22,192.36,190.85,191.31,70144.932
2025-10-24T04:00:00+00:00,191.31,194.6,190.82,193.49,220310.864
2025-10-24T05:00:00+00:00,193.49,193.9,192.92,193.3,99036.203
2025-10-24T06:00:00+00:00,193.3,193.68,192.6,193.29,71873.041
2025-10-24T07:00:00+00:00,193.3,193.43,191.5,192.15,113403.86
2025-10-24T08:00:00+00:00,192.15,193.45,191.7,192.97,81875.785
2025-10-24T09:00:00+00:00,192.96,193.39,191.88,192.11,78615.47
2025-10-24T10:00:00+00:00,192.11,192.16,191.44,191.78,84266.672
2025-10-24T11:00:00+00:00,191.78,192.2,190.58,192.13,76522.11
2025-10-24T12:00:00+00:00,192.13,197.0,192.13,193.66,471792.92
2025-10-24T13:00:00+00:00,193.67,194.28,190.84,192.47,250483.819
2025-10-24T14:00:00+00:00,192.46,192.46,189.49,190.18,253438.512
2025-10-24T15:00:00+00:00,190.19,190.89,188.83,189.45,360069.167
2025-10-24T16:00:00+00:00,189.45,190.7,188.83,190.65,234310.607
2025-10-24T17:00:00+00:00,190.65,191.75,190.42,191.16,105540.506
2025-10-24T18:00:00+00:00,191.17,191.92,191.02,191.84,78700.986
2025-10-24T19:00:00+00:00,191.83,193.64,191.83,193.09,126780.766
2025-10-24T20:00:00+00:00,193.1,194.14,192.84,193.6,73854.852
2025-10-24T21:00:00+00:00,193.61,194.0,193.26,193.78,52550.305
2025-10-24T22:00:00+00:00,193.78,194.14,193.2,193.79,53008.761
2025-10-24T23:00:00+00:00,193.78,193.78,193.12,193.59,49361.257
2025-10-25T00:00:00+00:00,193.58,193.64,192.45,192.98,73252.971
2025-10-25T01:00:00+00:00,192.99,194.49,192.86,193.76,82573.498
2025-10-25T02:00:00+00:00,193.76,194.16,193.33,193.85,63962.417
2025-10-25T03:00:00+00:00,193.85,194.0,193.3,193.47,54941.006
2025-10-25T04:00:00+00:00,193.48,194.48,193.44,194.21,70171.208
2025-10-25T05:00:00+00:00,194.22,194.75,193.5,194.47,59835.684
2025-10-25T06:00:00+00:00,194.48,194.75,194.01,194.05,70136.105
2025-10-25T07:00:00+00:00,194.06,194.91,193.83,193.96,64692.243
2025-10-25T08:00:00+00:00,193.97,195.25,193.89,194.86,75182.975
2025-10-25T09:00:00+00:00,194.86,194.9,192.36,192.58,108051.883
2025-10-25T10:00:00+00:00,192.58,192.75,191.19,192.0,116483.161
2025-10-25T11:00:00+00:00,191.99,192.91,191.72,192.71,74902.961
2025-10-25T12:00:00+00:00,192.7,194.22,192.6,193.91,65599.924
2025-10-25T13:00:00+00:00,193.92,193.95,192.5,192.9,66139.143
2025-10-25T14:00:00+00:00,192.9,192.9,191.99,192.61,61643.652
2025-10-25T15:00:00+00:00,192.6,192.61,191.8,191.89,83480.778
2025-10-25T16:00:00+00:00,191.88,192.11,191.42,191.93,64949.837
2025-10-25T17:00:00+00:00,191.93,192.49,191.82,192.38,24731.198
2025-10-25T18:00:00+00:00,192.37,194.36,192.3,194.26,115776.986
2025-10-25T19:00:00+00:00,194.26,194.65,193.93,194.53,64277.258
2025-10-25T20:00:00+00:00,194.53,194.91,193.76,194.16,64004.527
2025-10-25T21:00:00+00:00,194.16,194.79,193.83,194.38,47561.199
2025-10-25T22:00:00+00:00,194.39,194.72,193.93,194.51,27183.254
2025-10-25T23:00:00+00:00,194.51,194.74,193.83,193.84,27305.07
2025-10-26T00:00:00+00:00,193.84,194.36,193.13,193.3,48077.203
2025-10-26T01:00:00+00:00,193.29,193.73,192.31,192.84,54553.677
2025-10-26T02:00:00+00:00,192.84,193.13,191.9,192.28,69538.244
2025-10-26T03:00:00+00:00,192.27,193.07,192.02,192.97,41269.499
2025-10-26T04:00:00+00:00,192.98,193.5,192.81,192.9,36323.756
2025-10-26T05:00:00+00:00,192.89,193.78,192.73,193.64,34604.625
2025-10-26T06:00:00+00:00,193.64,194.18,193.51,194.07,46319.62
2025-10-26T07:00:00+00:00,194.07,194.31,193.85,193.86,40193.908
2025-10-26T08:00:00+00:00,193.85,194.43,193.73,194.35,43622.154
2025-10-26T09:00:00+00:00,194.34,196.43,193.95,195.96,196982.103
2025-10-26T10:00:00+00:00,195.96,196.11,194.6,194.8,129534.711
2025-10-26T11:00:00+00:00,194.81,197.9,194.34,197.75,234629.1
2025-10-26T12:00:00+00:00,197.74,198.4,196.91,198.01,206222.269
2025-10-26T13:00:00+00:00,198.01,199.66,197.53,199.07,178280.271
2025-10-26T14:00:00+00:00,199.07,199.96,198.69,198.86,157954.867
2025-10-26T15:00:00+00:00,198.86,199.78,198.56,199.53,99510.089
2025-10-26T16:00:00+00:00,199.53,199.55,198.18,198.74,116303.505
2025-10-26T17:00:00+00:00,198.74,199.25,198.44,198.93,49300.097
2025-10-26T18:00:00+00:00,198.93,199.67,198.9,199.12,56339.225
2025-10-26T19:00:00+00:00,199.12,199.13,198.51,198.87,33240.145
2025-10-26T20:00:00+00:00,198.87,198.87,197.37,197.45,105397.092
2025-10-26T21:00:00+00:00,197.44,198.47,196.86,198.46,69790.709
2025-10-26T22:00:00+00:00,198.47,202.43,198.47,200.2,385336.574
2025-10-26T23:00:00+00:00,200.2,200.99,199.7,200.03,144426.687
2025-10-27T00:00:00+00:00,200.03,203.51,199.48,203.25,239762.989
2025-10-27T01:00:00+00:00,203.24,205.05,202.81,204.37,185582.877
2025-10-27T02:00:00+00:00,204.37,205.08,203.32,203.97,148001.872
2025-10-27T03:00:00+00:00,203.96,204.61,203.29,204.33,106659.063
2025-10-27T04:00:00+00:00,204.33,204.61,202.93,204.01,181888.475
2025-10-27T05:00:00+00:00,204.0,205.33,203.91,204.32,154704.808
2025-10-27T06:00:00+00:00,204.32,204.94,203.52,204.75,136558.837
2025-10-27T07:00:00+00:00,204.76,205.21,202.26,202.51,143293.889
2025-10-27T08:00:00+00:00,202.5,202.54,199.91,200.47,215261.943
2025-10-27T09:00:00+00:00,200.46,200.52,198.02,199.96,308627.72
2025-10-27T10:00:00+00:00,199.96,200.77,199.64,200.43,93897.929
2025-10-27T11:00:00+00:00,200.43,200.95,198.84,200.18,137156.667
2025-10-27T12:00:00+00:00,200.18,200.28,199.0,199.51,88847.851
2025-10-27T13:00:00+00:00,199.5,200.58,198.45,200.33,117363.999
2025-10-27T14:00:00+00:00,200.34,200.52,198.3,199.11,151743.427
2025-10-27T15:00:00+00:00,199.11,200.49,198.94,200.11,109199.348
2025-10-27T16:00:00+00:00,200.11,203.11,200.02,202.47,200794.14
2025-10-27T17:00:00+00:00,202.46,203.25,201.69,202.28,125930.564
2025-10-27T18:00:00+00:00,202.27,203.22,201.23,201.65,128764.003
2025-10-27T19:00:00+00:00,201.66,201.74,199.82,200.03,135323.918
2025-10-27T20:00:00+00:00,200.03,200.23,198.66,198.73,123437.037
2025-10-27T21:00:00+00:00,198.72,199.56,197.71,198.73,98690.087
2025-10-27T22:00:00+00:00,198.73,199.43,198.05,198.3,80960.085
2025-10-27T23:00:00+00:00,198.31,198.96,197.34,198.7,103157.859
2025-10-28T00:00:00+00:00,198.71,200.38,198.41,199.68,100381.993
2025-10-28T01:00:00+00:00,199.69,202.05,199.68,201.36,107306.344
2025-10-28T02:00:00+00:00,201.36,201.9,199.47,200.75,150669.429
2025-10-28T03:00:00+00:00,200.75,201.93,199.83,201.27,99832.37
2025-10-28T04:00:00+00:00,201.27,202.16,200.42,201.12,80946.363
2025-10-28T05:00:00+00:00,201.12,201.47,198.62,198.71,134617.142
2025-10-28T06:00:00+00:00,198.72,200.94,198.71,200.9,84931.227
2025-10-28T07:00:00+00:00,200.9,203.0,200.69,202.35,193853.356
2025-10-28T08:00:00+00:00,202.36,203.99,201.94,203.42,145439.589
2025-10-28T09:00:00+00:00,203.42,203.79,201.47,201.97,116840.246
2025-10-28T10:00:00+00:00,201.96,202.03,199.86,200.31,141202.834
2025-10-28T11:00:00+00:00,200.31,200.65,199.14,199.73,118322.836
2025-10-28T12:00:00+00:00,199.73,200.39,198.24,200.21,196883.734
2025-10-28T13:00:00+00:00,200.22,203.03,200.14,202.73,235079.297
2025-10-28T14:00:00+00:00,202.74,202.93,196.58,199.54,493609.169
2025-10-28T15:00:00+00:00,199.55,200.7,198.35,198.85,212988.0
2025-10-28T16:00:00+00:00,198.86,200.67,197.94,199.82,165875.106
2025-10-28T17:00:00+00:00,199.83,200.89,199.64,200.85,100594.746
2025-10-28T18:00:00+00:00,200.86,201.28,198.9,199.69,102601.649
2025-10-28T19:00:00+00:00,199.7,200.14,194.48,195.35,338715.428
2025-10-28T20:00:00+00:00,195.34,195.36,192.07,192.48,443397.439
2025-10-28T21:00:00+00:00,192.48,194.46,190.22,193.83,303551.545
2025-10-28T22:00:00+00:00,193.83,195.16,193.33,194.93,170696.937
2025-10-28T23:00:00+00:00,194.92,194.93,193.75,194.15,90833.182
2025-10-29T00:00:00+00:00,194.16,195.09,193.33,193.81,89289.774
2025-10-29T01:00:00+00:00,193.81,195.02,192.68,194.12,135809.301
2025-10-29T02:00:00+00:00,194.13,194.85,193.98,194.68,75164.918
2025-10-29T03:00:00+00:00,194.68,194.69,193.2,193.89,109489.261
2025-10-29T04:00:00+00:00,193.9,194.76,193.75,194.57,56775.722
2025-10-29T05:00:00+00:00,194.57,195.81,194.43,195.16,52305.191
2025-10-29T06:00:00+00:00,195.15,195.75,194.75,195.57,49525.52
2025-10-29T07:00:00+00:00,195.58,196.07,195.12,195.65,58861.698
2025-10-29T08:00:00+00:00,195.65,195.73,194.02,194.5,122582.734
2025-10-29T09:00:00+00:00,194.5,194.74,193.78,194.21,80473.678
2025-10-29T10:00:00+00:00,194.2,197.07,193.95,196.25,150072.577
2025-10-29T11:00:00+00:00,196.26,199.37,196.04,198.74,263315.327
2025-10-29T12:00:00+00:00,198.74,199.88,198.15,199.87,106477.368
2025-10-29T13:00:00+00:00,199.87,201.7,199.15,200.75,379446.092
2025-10-29T14:00:00+00:00,200.75,201.0,198.7,200.03,210767.244
2025-10-29T15:00:00+00:00,200.04,200.68,196.37,196.78,247353.119
2025-10-29T16:00:00+00:00,196.78,196.88,194.72,195.35,237358.627
2025-10-29T17:00:00+00:00,195.35,198.77,194.87,198.5,180684.96
2025-10-29T18:00:00+00:00,198.51,198.56,189.37,193.54,1071754.971
2025-10-29T19:00:00+00:00,193.55,195.29,191.36,192.76,413211.31
2025-10-29T20:00:00+00:00,192.75,196.26,191.92,195.56,196004.597
2025-10-29T21:00:00+00:00,195.56,197.06,195.08,196.03,116860.042
2025-10-29T22:00:00+00:00,196.04,196.41,195.24,195.37,78841.619
2025-10-29T23:00:00+00:00,195.37,195.56,192.98,193.88,138462.179
2025-10-30T00:00:00+00:00,193.89,194.72,192.12,194.67,108362.705
2025-10-30T01:00:00+00:00,194.66,196.01,193.47,195.51,87317.158
2025-10-30T02:00:00+00:00,195.52,198.19,195.24,198.17,135461.768
2025-10-30T03:00:00+00:00,198.18,198.19,196.6,197.1,107704.429
2025-10-30T04:00:00+00:00,197.09,197.18,190.35,191.81,515476.139
2025-10-30T05:00:00+00:00,191.81,195.66,191.43,195.15,209800.387
2025-10-30T06:00:00+00:00,195.15,195.45,193.33,194.18,179575.544
2025-10-30T07:00:00+00:00,194.18,196.19,193.92,195.8,148024.775
2025-10-30T08:00:00+00:00,195.79,196.11,194.6,195.39,122444.7
2025-10-30T09:00:00+00:00,195.38,195.46,192.32,192.39,144242.314
2025-10-30T10:00:00+00:00,192.39,192.48,191.01,192.19,169057.912
2025-10-30T11:00:00+00:00,192.19,192.65,191.27,191.85,98149.371
2025-10-30T12:00:00+00:00,191.85,192.06,186.36,187.85,571434.681
2025-10-30T13:00:00+00:00,187.85,188.69,184.91,185.74,401711.187
2025-10-30T14:00:00+00:00,185.74,187.86,185.66,187.28,204645.677
2025-10-30T15:00:00+00:00,187.27,187.64,184.49,185.02,177191.653
2025-10-30T16:00:00+00:00,185.01,186.35,183.96,185.31,177003.305
2025-10-30T17:00:00+00:00,185.31,185.34,181.42,183.8,246436.443
2025-10-30T18:00:00+00:00,183.8,183.94,180.82,181.31,171187.336
2025-10-30T19:00:00+00:00,181.3,181.9,178.65,179.06,342175.703
2025-10-30T20:00:00+00:00,179.05,182.59,178.79,182.25,263826.29
2025-10-30T21:00:00+00:00,182.26,182.71,181.13,182.39,173025.632
2025-10-30T22:00:00+00:00,182.39,183.74,182.11,183.66,141173.356
2025-10-30T23:00:00+00:00,183.65,184.74,182.6,184.69,159109.798
2025-10-31T00:00:00+00:00,184.69,186.52,184.06,185.45,180047.387
2025-10-31T01:00:00+00:00,185.45,186.91,185.04,186.25,196692.26
2025-10-31T02:00:00+00:00,186.26,186.3,183.7,184.63,165960.364
2025-10-31T03:00:00+00:00,184.63,185.75,184.13,185.15,105908.883
2025-10-31T04:00:00+00:00,185.14,187.03,184.95,186.65,136123.625
2025-10-31T05:00:00+00:00,186.64,186.64,185.32,185.71,121598.092
2025-10-31T06:00:00+00:00,185.71,185.87,184.94,185.55,69286.627
2025-10-31T07:00:00+00:00,185.56,186.13,184.77,185.36,113664.421
2025-10-31T08:00:00+00:00,185.36,186.58,184.58,186.5,97814.496
2025-10-31T09:00:00+00:00,186.5,187.03,186.0,186.63,133441.289
2025-10-31T10:00:00+00:00,186.64,187.37,186.22,186.41,94435.167
2025-10-31T11:00:00+00:00,186.41,189.22,186.23,188.89,132911.963
2025-10-31T12:00:00+00:00,188.89,189.4,186.34,186.51,291184.177
2025-10-31T13:00:00+00:00,186.51,188.58,186.0,188.35,137648.455
2025-10-31T14:00:00+00:00,188.36,189.47,186.96,189.08,164862.452
2025-10-31T15:00:00+00:00,189.08,190.26,187.95,188.13,207864.427
2025-10-31T16:00:00+00:00,188.12,188.6,184.68,185.05,166225.722
2025-10-31T17:00:00+00:00,185.05,185.95,184.38,185.36,154363.031
2025-10-31T18:00:00+00:00,185.35,186.57,184.5,185.97,128976.062
2025-10-31T19:00:00+00:00,185.96,189.04,185.01,188.42,139820.156
2025-10-31T20:00:00+00:00,188.41,188.78,186.71,186.92,107277.456
2025-10-31T21:00:00+00:00,186.92,187.7,186.54,187.25,46635.848
2025-10-31T22:00:00+00:00,187.25,187.89,187.0,187.27,58188.435
2025-10-31T23:00:00+00:00,187.27,187.81,187.13,187.21,42463.045
2025-11-01T00:00:00+00:00,187.21,187.34,186.04,187.11,133451.34
2025-11-01T01:00:00+00:00,187.11,187.45,186.12,186.12,48567.388
2025-11-01T02:00:00+00:00,186.13,186.76,185.5,186.61,53759.074
2025-11-01T03:00:00+00:00,186.6,187.48,186.57,187.2,43906.725
2025-11-01T04:00:00+00:00,187.2,187.55,186.3,187.08,56005.725
2025-11-01T05:00:00+00:00,187.07,187.13,186.16,186.23,27091.73
2025-11-01T06:00:00+00:00,186.23,186.38,185.0,185.71,69833.425
2025-11-01T07:00:00+00:00,185.71,186.37,185.32,185.8,51689.842
2025-11-01T08:00:00+00:00,185.79,186.54,185.66,186.54,46145.514
2025-11-01T09:00:00+00:00,186.54,186.72,185.73,185.82,54782.706
2025-11-01T10:00:00+00:00,185.82,186.42,185.28,186.16,56410.365
2025-11-01T11:00:00+00:00,186.16,186.65,185.7,186.22,65394.97
2025-11-01T12:00:00+00:00,186.22,186.65,186.22,186.4,70672.855
2025-11-01T13:00:00+00:00,186.41,186.49,184.8,185.34,69152.257
2025-11-01T14:00:00+00:00,185.33,185.59,183.79,185.03,96841.363
2025-11-01T15:00:00+00:00,185.03,186.43,184.88,186.42,107061.494
2025-11-01T16:00:00+00:00,186.42,187.12,186.0,186.43,85951.465
2025-11-01T17:00:00+00:00,186.44,186.55,184.9,184.96,72155.66
2025-11-01T18:00:00+00:00,184.96,185.76,184.87,185.73,88213.799
2025-11-01T19:00:00+00:00,185.73,186.37,185.4,186.27,27690.584
2025-11-01T20:00:00+00:00,186.28,186.96,186.15,186.49,44783.361
2025-11-01T21:00:00+00:00,186.49,186.61,185.3,185.35,35010.404
2025-11-01T22:00:00+00:00,185.35,186.26,184.98,186.14,55688.985
2025-11-01T23:00:00+00:00,186.14,186.56,185.84,186.35,24244.189
2025-11-02T00:00:00+00:00,186.35,186.37,185.07,185.1,57358.676
2025-11-02T01:00:00+00:00,185.1,185.5,184.66,184.8,81094.956
2025-11-02T02:00:00+00:00,184.81,186.0,184.78,185.37,42525.107
2025-11-02T03:00:00+00:00,185.37,185.52,184.97,185.29,27976.047
2025-11-02T04:00:00+00:00,185.3,188.03,185.02,187.79,114772.279
2025-11-02T05:00:00+00:00,187.8,187.84,186.54,187.09,71515.381
2025-11-02T06:00:00+00:00,187.09,187.69,186.62,187.41,39164.112
2025-11-02T07:00:00+00:00,187.41,188.34,186.7,187.72,64430.301
2025-11-02T08:00:00+00:00,187.72,187.95,186.96,187.14,43605.503
2025-11-02T09:00:00+00:00,187.14,187.91,185.81,185.91,65180.64
2025-11-02T10:00:00+00:00,185.91,186.2,184.45,185.04,123117.998
2025-11-02T11:00:00+00:00,185.04,186.38,184.88,186.15,85039.903
2025-11-02T12:00:00+00:00,186.14,186.5,185.26,185.52,113746.779
2025-11-02T13:00:00+00:00,185.53,185.57,183.93,185.09,86662.835
2025-11-02T14:00:00+00:00,185.09,185.37,183.53,184.35,109372.502
2025-11-02T15:00:00+00:00,184.36,185.05,183.73,183.77,86702.771
2025-11-02T16:00:00+00:00,183.77,184.45,182.0,184.29,149045.219
2025-11-02T17:00:00+00:00,184.29,184.61,183.58,184.42,64296.95
2025-11-02T18:00:00+00:00,184.42,184.68,184.0,184.25,25900.261
2025-11-02T19:00:00+00:00,184.25,184.3,183.06,184.02,42054.492
2025-11-02T20:00:00+00:00,184.02,184.57,183.58,184.56,16164.695
2025-11-02T21:00:00+00:00,184.57,186.0,184.53,185.49,47645.813
2025-11-02T22:00:00+00:00,185.49,185.68,184.34,184.91,63683.487
2025-11-02T23:00:00+00:00,184.92,188.1,184.92,187.71,140240.85
2025-11-03T00:00:00+00:00,187.71,189.13,186.58,186.58,165577.787
2025-11-03T01:00:00+00:00,186.58,187.17,185.36,185.53,106464.449
2025-11-03T02:00:00+00:00,185.53,185.93,183.0,183.48,246972.888
2025-11-03T03:00:00+00:00,183.47,183.67,176.73,177.57,575363.31
2025-11-03T04:00:00+00:00,177.56,178.4,175.88,177.94,277066.644
2025-11-03T05:00:00+00:00,177.95,178.75,176.44,176.81,171084.114
2025-11-03T06:00:00+00:00,176.82,177.26,174.22,176.11,288462.426
2025-11-03T07:00:00+00:00,176.11,177.13,175.44,176.5,127048.548
2025-11-03T08:00:00+00:00,176.51,176.61,173.0,175.67,430375.481
2025-11-03T09:00:00+00:00,175.67,176.92,173.99,174.94,213493.693
2025-11-03T10:00:00+00:00,174.93,175.92,173.64,174.11,177548.727
2025-11-03T11:00:00+00:00,174.12,176.11,174.09,175.32,181289.827
2025-11-03T12:00:00+00:00,175.32,176.6,175.03,175.56,131368.188
2025-11-03T13:00:00+00:00,175.56,176.33,174.97,175.84,130171.032
2025-11-03T14:00:00+00:00,175.83,176.95,174.86,176.44,167019.456
2025-11-03T15:00:00+00:00,176.44,176.75,165.0,166.79,1906040.979
2025-11-03T16:00:00+00:00,166.79,169.2,165.61,168.37,537018.315
2025-11-03T17:00:00+00:00,168.38,171.0,168.08,169.93,328721.167
2025-11-03T18:00:00+00:00,169.93,170.15,167.76,167.88,184021.169
2025-11-03T19:00:00+00:00,167.88,168.34,166.62,166.74,153801.466
2025-11-03T20:00:00+00:00,166.75,167.24,163.15,164.4,315609.261
2025-11-03T21:00:00+00:00,164.39,166.22,163.25,165.94,259845.09
2025-11-03T22:00:00+00:00,165.94,166.28,164.2,165.75,153558.59
2025-11-03T23:00:00+00:00,165.75,166.32,164.47,166.06,99690.456
2025-11-04T00:00:00+00:00,166.06,167.24,164.18,166.58,161881.22
2025-11-04T01:00:00+00:00,166.58,168.37,165.88,167.85,131070.58
2025-11-04T02:00:00+00:00,167.84,168.42,166.43,166.68,79289.234
2025-11-04T03:00:00+00:00,166.69,168.26,166.26,167.66,84038.169
2025-11-04T04:00:00+00:00,167.66,168.13,164.75,165.03,195337.895
2025-11-04T05:00:00+00:00,165.04,165.49,157.17,157.69,812100.266
2025-11-04T06:00:00+00:00,157.7,161.34,157.62,158.58,326245.586
2025-11-04T07:00:00+00:00,158.59,158.92,155.87,157.07,393551.361
2025-11-04T08:00:00+00:00,157.07,160.47,156.41,159.25,322775.341
2025-11-04T09:00:00+00:00,159.25,160.46,158.66,160.39,176771.802
2025-11-04T10:00:00+00:00,160.38,161.4,159.95,160.49,184227.371
2025-11-04T11:00:00+00:00,160.48,162.25,160.33,161.71,194561.845
2025-11-04T12:00:00+00:00,161.71,162.54,160.82,161.43,166880.173
2025-11-04T13:00:00+00:00,161.42,162.62,160.51,161.28,212334.454
2025-11-04T14:00:00+00:00,161.27,164.76,159.32,164.39,379136.706
2025-11-04T15:00:00+00:00,164.4,165.27,161.27,161.5,309460.533
2025-11-04T16:00:00+00:00,161.5,162.36,158.16,158.2,333480.063
2025-11-04T17:00:00+00:00,158.21,158.24,153.05,156.21,658528.121
2025-11-04T18:00:00+00:00,156.2,156.56,152.26,156.43,524363.333
2025-11-04T19:00:00+00:00,156.42,157.44,154.21,154.62,241710.908
2025-11-04T20:00:00+00:00,154.62,155.07,148.29,153.4,865709.662
2025-11-04T21:00:00+00:00,153.41,154.12,145.85,151.17,836885.629
2025-11-04T22:00:00+00:00,151.17,155.6,150.48,155.22,437695.201
2025-11-04T23:00:00+00:00,155.22,155.9,153.9,155.03,260542.112
2025-11-05T00:00:00+00:00,155.04,155.64,152.49,153.35,218765.786
2025-11-05T01:00:00+00:00,153.35,153.56,147.29,152.66,484387.467
2025-11-05T02:00:00+00:00,152.65,156.21,152.6,156.13,400664.711
2025-11-05T03:00:00+00:00,156.13,157.42,155.06,156.93,207687.558
2025-11-05T04:00:00+00:00,156.93,158.06,155.66,157.04,165584.469
2025-11-05T05:00:00+00:00,157.05,158.62,156.83,157.52,119400.299
2025-11-05T06:00:00+00:00,157.52,158.15,156.6,158.03,181080.033
2025-11-05T07:00:00+00:00,158.03,158.11,155.95,156.47,152677.478
2025-11-05T08:00:00+00:00,156.47,156.48,153.67,155.7,346107.664
2025-11-05T09:00:00+00:00,155.69,157.34,155.58,157.04,145075.77
2025-11-05T10:00:00+00:00,157.03,157.08,154.69,154.86,94961.189
2025-11-05T11:00:00+00:00,154.87,157.63,154.87,157.48,102372.871
2025-11-05T12:00:00+00:00,157.48,158.77,156.77,158.3,153535.576
2025-11-05T13:00:00+00:00,158.29,159.93,157.6,159.45,196577.336
2025-11-05T14:00:00+00:00,159.44,159.65,156.94,158.74,228593.63
2025-11-05T15:00:00+00:00,158.75,160.57,157.91,160.5,269349.574
2025-11-05T16:00:00+00:00,160.5,162.09,158.57,161.83,211150.404
2025-11-05T17:00:00+00:00,161.84,162.49,160.93,162.03,219631.137
2025-11-05T18:00:00+00:00,162.03,163.93,161.7,163.14,204265.224
2025-11-05T19:00:00+00:00,163.15,163.44,162.2,162.53,158212.719
2025-11-05T20:00:00+00:00,162.53,163.97,162.36,162.57,119966.183
2025-11-05T21:00:00+00:00,162.56,162.56,161.12,161.86,130541.732
2025-11-05T22:00:00+00:00,161.86,162.91,161.31,162.82,63011.654
2025-11-05T23:00:00+00:00,162.82,163.06,162.14,162.37,76931.224
2025-11-06T00:00:00+00:00,162.37,162.37,160.47,161.38,223957.954
2025-11-06T01:00:00+00:00,161.37,161.67,159.7,160.8,234381.82
2025-11-06T02:00:00+00:00,160.8,162.33,160.11,161.75,107268.145
2025-11-06T03:00:00+00:00,161.75,162.91,161.61,162.45,80977.589
2025-11-06T04:00:00+00:00,162.46,162.75,161.71,162.13,57337.746
2025-11-06T05:00:00+00:00,162.12,162.12,158.83,159.33,132302.657
2025-11-06T06:00:00+00:00,159.32,160.0,158.78,158.8,95834.257
2025-11-06T07:00:00+00:00,158.8,159.99,158.25,158.84,89893.373
2025-11-06T08:00:00+00:00,158.84,159.53,158.51,159.34,87833.433
2025-11-06T09:00:00+00:00,159.34,159.9,158.77,158.78,88443.989
2025-11-06T10:00:00+00:00,158.78,159.76,157.66,159.05,129108.906
2025-11-06T11:00:00+00:00,159.06,159.4,158.18,158.85,157030.872
2025-11-06T12:00:00+00:00,158.85,159.43,157.11,157.49,147578.013
2025-11-06T13:00:00+00:00,157.48,161.33,157.48,160.65,222195.915
2025-11-06T14:00:00+00:00,160.64,161.51,157.35,157.8,222752.584
2025-11-06T15:00:00+00:00,157.79,158.99,155.4,155.92,340487.7
2025-11-06T16:00:00+00:00,155.92,156.99,153.8,155.4,329661.76
2025-11-06T17:00:00+00:00,155.4,157.64,154.84,157.26,184872.928
2025-11-06T18:00:00+00:00,157.26,158.67,155.46,157.49,148588.917
2025-11-06T19:00:00+00:00,157.49,157.83,156.15,156.89,105767.762
2025-11-06T20:00:00+00:00,156.89,157.82,154.64,155.31,121415.746
2025-11-06T21:00:00+00:00,155.31,156.94,154.67,156.49,84805.621
2025-11-06T22:00:00+00:00,156.49,156.81,154.26,155.58,85506.316
2025-11-06T23:00:00+00:00,155.57,155.57,153.45,155.28,98749.324
2025-11-07T00:00:00+00:00,155.27,157.14,154.89,156.77,135922.019
2025-11-07T01:00:00+00:00,156.78,157.25,154.22,157.05,137526.934
2025-11-07T02:00:00+00:00,157.04,158.1,156.16,158.01,123148.048
2025-11-07T03:00:00+00:00,158.02,158.62,156.79,156.85,119919.015
2025-11-07T04:00:00+00:00,156.86,157.08,155.24,156.17,122441.889
2025-11-07T05:00:00+00:00,156.17,158.24,156.15,158.09,94691.071
2025-11-07T06:00:00+00:00,158.1,158.28,156.8,156.8,57406.757
2025-11-07T07:00:00+00:00,156.81,157.87,156.37,157.79,69055.415
2025-11-07T08:00:00+00:00,157.79,158.21,156.85,157.3,60839.181
2025-11-07T09:00:00+00:00,157.3,157.33,154.13,154.74,128493.039
2025-11-07T10:00:00+00:00,154.73,155.76,153.64,154.25,126437.203
2025-11-07T11:00:00+00:00,154.26,154.26,151.67,153.85,241802.465
2025-11-07T12:00:00+00:00,153.86,154.17,150.92,151.64,222011.628
2025-11-07T13:00:00+00:00,151.64,153.22,151.0,152.31,310067.169
2025-11-07T14:00:00+00:00,152.3,155.14,149.82,154.76,423319.776
2025-11-07T15:00:00+00:00,154.77,156.27,153.29,155.42,252038.433
2025-11-07T16:00:00+00:00,155.42,158.13,154.4,157.29,243395.13
2025-11-07T17:00:00+00:00,157.28,161.52,156.51,161.16,384423.487
2025-11-07T18:00:00+00:00,161.17,162.97,160.91,162.11,206551.908
2025-11-07T19:00:00+00:00,162.12,164.48,161.52,164.17,185229.971
2025-11-07T20:00:00+00:00,164.17,164.41,161.84,163.36,238203.655
2025-11-07T21:00:00+00:00,163.35,163.82,162.68,163.52,112819.408
2025-11-07T22:00:00+00:00,163.51,163.91,162.76,163.22,88510.558
2025-11-07T23:00:00+00:00,163.23,163.27,161.61,161.79,128823.813
2025-11-08T00:00:00+00:00,161.8,162.6,160.59,160.88,131557.298
2025-11-08T01:00:00+00:00,160.87,162.48,160.82,162.04,99704.897
2025-11-08T02:00:00+00:00,162.04,164.44,161.93,163.41,144615.485
2025-11-08T03:00:00+00:00,163.41,164.89,162.48,162.52,170517.626
2025-11-08T04:00:00+00:00,162.52,163.66,162.51,162.71,68812.799
2025-11-08T05:00:00+00:00,162.72,163.08,161.03,161.37,81931.218
2025-11-08T06:00:00+00:00,161.37,161.97,160.16,161.14,92089.145
2025-11-08T07:00:00+00:00,161.14,161.2,159.58,161.06,104110.114
2025-11-08T08:00:00+00:00,161.05,162.07,160.3,161.56,93749.078
2025-11-08T09:00:00+00:00,161.57,162.34,161.0,161.13,82948.498
2025-11-08T10:00:00+00:00,161.13,161.25,160.52,160.82,72498.191
2025-11-08T11:00:00+00:00,160.83,161.18,159.01,159.39,172512.73
2025-11-08T12:00:00+00:00,159.39,159.7,158.78,159.43,84517.894
2025-11-08T13:00:00+00:00,159.44,159.48,158.12,158.21,127693.279
2025-11-08T14:00:00+00:00,158.22,158.53,156.8,157.67,174149.774
2025-11-08T15:00:00+00:00,157.67,157.83,155.9,156.65,186259.979
2025-11-08T16:00:00+00:00,156.65,157.38,155.8,156.76,134382.043
2025-11-08T17:00:00+00:00,156.75,157.69,156.03,157.6,71865.342
2025-11-08T18:00:00+00:00,157.59,158.18,156.94,157.96,77058.025
2025-11-08T19:00:00+00:00,157.95,158.04,156.22,157.36,92622.584
2025-11-08T20:00:00+00:00,157.36,158.28,157.22,157.69,106145.699
2025-11-08T21:00:00+00:00,157.69,158.26,157.6,158.05,40158.286
2025-11-08T22:00:00+00:00,158.05,158.4,157.62,158.02,38753.242
2025-11-08T23:00:00+00:00,158.02,158.44,157.85,158.02,54274.014
2025-11-09T00:00:00+00:00,158.01,158.02,156.6,156.84,54963.996
2025-11-09T01:00:00+00:00,156.84,158.32,156.77,158.18,30916.593
2025-11-09T02:00:00+00:00,158.17,158.18,155.72,156.02,121017.757
2025-11-09T03:00:00+00:00,156.03,156.51,155.11,155.88,99182.141
2025-11-09T04:00:00+00:00,155.89,157.64,155.85,157.23,140285.63
2025-11-09T05:00:00+00:00,157.23,158.33,157.13,158.11,91151.008
2025-11-09T06:00:00+00:00,158.12,159.12,157.85,158.26,83918.133
2025-11-09T07:00:00+00:00,158.26,159.58,157.85,159.3,114511.82
2025-11-09T08:00:00+00:00,159.29,159.69,158.76,159.46,59046.752
2025-11-09T09:00:00+00:00,159.46,159.94,158.17,158.27,73600.204
2025-11-09T10:00:00+00:00,158.26,158.45,157.28,158.44,56575.347
2025-11-09T11:00:00+00:00,158.44,159.5,158.44,159.06,74354.862
2025-11-09T12:00:00+00:00,159.06,159.97,158.59,159.1,94203.585
2025-11-09T13:00:00+00:00,159.1,160.51,159.0,160.06,168503.256
2025-11-09T14:00:00+00:00,160.05,163.12,159.26,160.15,542792.015
2025-11-09T15:00:00+00:00,160.15,163.98,159.72,162.53,345997.622
2025-11-09T16:00:00+00:00,162.53,163.17,161.81,162.93,115045.385
2025-11-09T17:00:00+00:00,162.94,163.0,161.23,161.8,110431.309
2025-11-09T18:00:00+00:00,161.8,164.08,161.35,163.99,121217.891
2025-11-09T19:00:00+00:00,163.99,166.31,163.36,166.15,282139.879
2025-11-09T20:00:00+00:00,166.16,166.36,165.01,165.33,177454.015
2025-11-09T21:00:00+00:00,165.33,165.8,164.38,165.22,81850.432
2025-11-09T22:00:00+00:00,165.22,165.67,164.12,165.44,74422.116
2025-11-09T23:00:00+00:00,165.44,166.57,163.93,164.53,118207.827
2025-11-10T00:00:00+00:00,164.53,168.37,163.42,167.5,263291.815
2025-11-10T01:00:00+00:00,167.49,168.3,166.33,167.07,173174.6
2025-11-10T02:00:00+00:00,167.08,168.0,166.4,167.76,138768.763
2025-11-10T03:00:00+00:00,167.76,168.76,167.07,168.12,181151.839
2025-11-10T04:00:00+00:00,168.13,168.92,166.67,168.03,167062.911
2025-11-10T05:00:00+00:00,168.04,168.59,166.92,167.54,93058.129
2025-11-10T06:00:00+00:00,167.55,167.75,166.38,166.94,91350.262
2025-11-10T07:00:00+00:00,166.94,168.19,166.8,167.38,77954.181
2025-11-10T08:00:00+00:00,167.38,167.44,166.11,166.64,114882.966
2025-11-10T09:00:00+00:00,166.64,169.81,166.31,169.47,174129.269
2025-11-10T10:00:00+00:00,169.48,169.65,168.0,168.35,145353.304
2025-11-10T11:00:00+00:00,168.35,168.82,168.03,168.33,70180.854
2025-11-10T12:00:00+00:00,168.32,168.5,166.93,168.13,157987.166
2025-11-10T13:00:00+00:00,168.12,170.48,167.99,169.72,175012.431
2025-11-10T14:00:00+00:00,169.72,169.73,165.26,166.15,300145.582
2025-11-10T15:00:00+00:00,166.15,167.28,165.2,166.26,307415.999
2025-11-10T16:00:00+00:00,166.26,167.06,165.25,166.11,268492.658
2025-11-10T17:00:00+00:00,166.1,168.49,165.95,167.84,126942.898
2025-11-10T18:00:00+00:00,167.83,168.12,165.66,165.66,113957.342
2025-11-10T19:00:00+00:00,165.66,167.68,165.6,167.19,89645.862
2025-11-10T20:00:00+00:00,167.19,168.41,166.85,167.85,114100.122
2025-11-10T21:00:00+00:00,167.85,167.87,164.81,165.52,99471.964
2025-11-10T22:00:00+00:00,165.52,167.8,165.14,167.64,119356.185
2025-11-10T23:00:00+00:00,167.64,168.1,167.19,167.31,66074.024
2025-11-11T00:00:00+00:00,167.31,167.61,166.0,167.51,71447.228
2025-11-11T01:00:00+00:00,167.5,171.0,166.63,167.41,256478.025
2025-11-11T02:00:00+00:00,167.41,171.0,166.25,170.28,215232.174
2025-11-11T03:00:00+00:00,170.28,171.94,169.5,169.97,210410.926
2025-11-11T04:00:00+00:00,169.97,170.11,166.57,166.92,196267.469
2025-11-11T05:00:00+00:00,166.92,166.93,165.0,165.16,319156.466
2025-11-11T06:00:00+00:00,165.16,165.32,163.57,164.95,291943.108
2025-11-11T07:00:00+00:00,164.95,165.22,163.87,163.98,115577.505
2025-11-11T08:00:00+00:00,163.98,164.93,163.6,164.01,96172.895
2025-11-11T09:00:00+00:00,164.01,164.97,163.15,164.02,120651.194
2025-11-11T10:00:00+00:00,164.02,164.38,162.7,163.77,261443.245
2025-11-11T11:00:00+00:00,163.78,164.58,163.0,163.69,98181.057
2025-11-11T12:00:00+00:00,163.69,164.37,162.56,163.34,113864.386
2025-11-11T13:00:00+00:00,163.34,163.96,162.29,162.81,99199.649
2025-11-11T14:00:00+00:00,162.8,163.28,160.91,163.0,386843.934
2025-11-11T15:00:00+00:00,162.99,162.99,160.0,160.89,580929.394
2025-11-11T16:00:00+00:00,160.88,161.22,159.7,160.64,238334.29
2025-11-11T17:00:00+00:00,160.64,161.04,158.25,159.51,194186.303
2025-11-11T18:00:00+00:00,159.5,159.8,158.37,158.96,78028.084
2025-11-11T19:00:00+00:00,158.96,158.96,157.42,157.58,118871.01
2025-11-11T20:00:00+00:00,157.59,157.87,156.27,156.77,136404.301
2025-11-11T21:00:00+00:00,156.78,157.4,155.64,156.08,154943.78
2025-11-11T22:00:00+00:00,156.08,157.27,155.52,156.68,140349.93
2025-11-11T23:00:00+00:00,156.69,156.93,153.93,154.63,207187.86
2025-11-12T00:00:00+00:00,154.63,155.32,153.59,153.83,192634.726
2025-11-12T01:00:00+00:00,153.84,155.56,153.66,155.42,148967.093
2025-11-12T02:00:00+00:00,155.41,155.58,153.73,154.3,148568.656
2025-11-12T03:00:00+00:00,154.31,155.0,153.96,154.57,97059.183
2025-11-12T04:00:00+00:00,154.58,155.05,154.2,154.95,63962.224
2025-11-12T05:00:00+00:00,154.96,156.06,154.91,155.48,235182.107
2025-11-12T06:00:00+00:00,155.48,156.49,155.35,155.93,154225.25
2025-11-12T07:00:00+00:00,155.93,156.57,154.83,155.02,91023.72
2025-11-12T08:00:00+00:00,155.03,158.14,155.0,158.0,260454.677
2025-11-12T09:00:00+00:00,158.0,158.95,157.7,158.07,193950.915
2025-11-12T10:00:00+00:00,158.08,160.47,157.99,160.29,203478.691
2025-11-12T11:00:00+00:00,160.29,161.14,159.48,160.03,155768.842
2025-11-12T12:00:00+00:00,160.03,160.77,159.09,159.85,188462.901
2025-11-12T13:00:00+00:00,159.84,161.04,158.85,160.57,112348.811
2025-11-12T14:00:00+00:00,160.58,161.06,157.12,158.57,260280.48
2025-11-12T15:00:00+00:00,158.57,159.57,155.23,155.73,287167.214
2025-11-12T16:00:00+00:00,155.73,156.21,152.17,152.79,416772.239
2025-11-12T17:00:00+00:00,152.8,154.84,152.38,153.34,192786.571
2025-11-12T18:00:00+00:00,153.33,154.21,152.78,152.78,134222.106
2025-11-12T19:00:00+00:00,152.78,153.76,151.2,153.05,266522.061
2025-11-12T20:00:00+00:00,153.04,154.68,152.54,153.75,107196.903
2025-11-12T21:00:00+00:00,153.76,154.31,153.34,154.13,62567.038
2025-11-12T22:00:00+00:00,154.13,154.14,152.72,153.89,78524.924
2025-11-12T23:00:00+00:00,153.88,153.9,152.84,153.42,87078.135
2025-11-13T00:00:00+00:00,153.43,154.4,152.41,153.01,123158.091
2025-11-13T01:00:00+00:00,153.01,154.48,152.27,152.75,164481.842
2025-11-13T02:00:00+00:00,152.75,153.39,152.41,152.9,73991.609
2025-11-13T03:00:00+00:00,152.9,155.78,150.42,154.33,312684.628
2025-11-13T04:00:00+00:00,154.33,154.93,153.4,154.3,155194.321
2025-11-13T05:00:00+00:00,154.3,156.8,153.77,156.14,154552.828
2025-11-13T06:00:00+00:00,156.14,157.12,155.72,156.72,179971.528
2025-11-13T07:00:00+00:00,156.73,157.2,154.86,155.31,171154.884
2025-11-13T08:00:00+00:00,155.3,156.49,154.92,155.93,70336.881
2025-11-13T09:00:00+00:00,155.94,156.06,153.86,155.01,119010.406
2025-11-13T10:00:00+00:00,155.02,156.17,154.88,155.43,105992.739
2025-11-13T11:00:00+00:00,155.43,156.5,155.42,156.3,121931.935
2025-11-13T12:00:00+00:00,156.3,156.96,155.78,156.43,125208.788
2025-11-13T13:00:00+00:00,156.44,156.55,153.66,153.82,209212.875
2025-11-13T14:00:00+00:00,153.83,156.71,152.26,155.3,312513.709
2025-11-13T15:00:00+00:00,155.3,155.84,152.51,153.13,215742.856
2025-11-13T16:00:00+00:00,153.12,153.41,150.73,151.1,266995.452
2025-11-13T17:00:00+00:00,151.1,151.26,146.7,147.09,441064.639
2025-11-13T18:00:00+00:00,147.09,147.77,144.52,145.43,436595.172
2025-11-13T19:00:00+00:00,145.43,146.34,142.04,142.73,456238.745
2025-11-13T20:00:00+00:00,142.73,143.28,141.04,142.73,375191.579
2025-11-13T21:00:00+00:00,142.74,143.72,141.27,142.1,249284.02
2025-11-13T22:00:00+00:00,142.1,144.84,141.75,144.59,227690.04
2025-11-13T23:00:00+00:00,144.58,146.25,143.91,144.73,349990.13
2025-11-14T00:00:00+00:00,144.74,145.26,142.94,143.33,272360.753
2025-11-14T01:00:00+00:00,143.33,144.59,142.8,143.68,194144.718
2025-11-14T02:00:00+00:00,143.68,145.68,143.65,145.32,104619.962
2025-11-14T03:00:00+00:00,145.32,145.58,143.65,144.28,118574.644
2025-11-14T04:00:00+00:00,144.27,144.37,138.71,141.93,675723.699
2025-11-14T05:00:00+00:00,141.94,143.66,141.43,143.18,229329.901
2025-11-14T06:00:00+00:00,143.18,144.12,140.0,143.94,283208.857
2025-11-14T07:00:00+00:00,143.94,144.48,142.39,142.85,244376.633
2025-11-14T08:00:00+00:00,142.85,142.96,141.4,142.49,149817.467
2025-11-14T09:00:00+00:00,142.48,143.19,140.51,140.93,172877.289
2025-11-14T10:00:00+00:00,140.93,142.91,140.84,141.95,136787.013
2025-11-14T11:00:00+00:00,141.95,142.2,139.84,140.77,310023.166
2025-11-14T12:00:00+00:00,140.76,140.76,135.76,138.72,649582.622
2025-11-14T13:00:00+00:00,138.72,139.78,135.95,138.95,546774.325
2025-11-14T14:00:00+00:00,138.95,142.85,137.54,142.21,574758.886
2025-11-14T15:00:00+00:00,142.21,143.76,140.21,142.23,336176.274
2025-11-14T16:00:00+00:00,142.23,144.22,141.57,143.42,286299.106
2025-11-14T17:00:00+00:00,143.42,143.95,140.57,141.42,165569.86
2025-11-14T18:00:00+00:00,141.42,142.92,140.7,141.29,127696.079
2025-11-14T19:00:00+00:00,141.29,143.59,140.96,143.14,105874.508
2025-11-14T20:00:00+00:00,143.14,143.24,139.29,139.63,141865.632
2025-11-14T21:00:00+00:00,139.64,141.23,139.1,140.66,110315.929
2025-11-14T22:00:00+00:00,140.66,141.8,139.63,140.32,82372.006
2025-11-14T23:00:00+00:00,140.33,140.33,137.2,138.92,157295.818
2025-11-15T00:00:00+00:00,138.93,141.31,138.75,141.11,104138.699
2025-11-15T01:00:00+00:00,141.11,142.35,140.27,142.03,121875.379
2025-11-15T02:00:00+00:00,142.02,143.18,141.59,143.1,155015.172
2025-11-15T03:00:00+00:00,143.09,143.35,142.43,142.53,104831.337
2025-11-15T04:00:00+00:00,142.54,143.1,141.81,142.4,78301.291
2025-11-15T05:00:00+00:00,142.4,143.18,142.32,142.83,83304.874
2025-11-15T06:00:00+00:00,142.84,143.59,142.35,142.66,96831.454
2025-11-15T07:00:00+00:00,142.67,143.37,142.33,142.76,62615.515
2025-11-15T08:00:00+00:00,142.75,142.84,140.5,140.79,92333.535
2025-11-15T09:00:00+00:00,140.79,141.7,140.51,140.95,110790.623
2025-11-15T10:00:00+00:00,140.95,141.41,140.59,141.22,86318.522
2025-11-15T11:00:00+00:00,141.23,141.39,139.97,140.22,69312.311
2025-11-15T12:00:00+00:00,140.21,141.02,139.98,140.89,63627.075
2025-11-15T13:00:00+00:00,140.89,141.95,140.61,141.66,134004.745
2025-11-15T14:00:00+00:00,141.66,141.75,140.76,141.49,71914.797
2025-11-15T15:00:00+00:00,141.49,142.26,141.25,141.72,75814.128
2025-11-15T16:00:00+00:00,141.72,142.84,140.81,142.76,119171.664
2025-11-15T17:00:00+00:00,142.77,144.69,142.53,143.44,195745.05
2025-11-15T18:00:00+00:00,143.43,143.45,142.19,142.5,86459.034
2025-11-15T19:00:00+00:00,142.5,142.92,141.72,141.77,50185.333
2025-11-15T20:00:00+00:00,141.78,141.96,140.13,140.43,92292.209
2025-11-15T21:00:00+00:00,140.43,140.83,138.61,138.98,111272.534
2025-11-15T22:00:00+00:00,138.98,140.02,138.65,139.85,113548.588
2025-11-15T23:00:00+00:00,139.85,140.2,139.47,139.61,71774.153
2025-11-16T00:00:00+00:00,139.6,139.79,138.63,139.25,85737.461
2025-11-16T01:00:00+00:00,139.24,139.53,137.39,138.78,135933.917
2025-11-16T02:00:00+00:00,138.78,140.86,138.45,140.85,97946.381
2025-11-16T03:00:00+00:00,140.86,141.52,140.28,141.43,89479.555
2025-11-16T04:00:00+00:00,141.43,141.63,140.73,141.36,50967.958
2025-11-16T05:00:00+00:00,141.36,142.22,141.27,141.46,77621.334
2025-11-16T06:00:00+00:00,141.46,142.17,141.33,141.68,48266.005
2025-11-16T07:00:00+00:00,141.69,142.46,141.21,142.31,72447.443
2025-11-16T08:00:00+00:00,142.31,142.63,141.63,142.21,49236.398
2025-11-16T09:00:00+00:00,142.21,143.38,141.38,143.29,90115.799
2025-11-16T10:00:00+00:00,143.28,143.34,142.7,142.93,87842.615
2025-11-16T11:00:00+00:00,142.94,143.12,139.5,139.92,209112.672
2025-11-16T12:00:00+00:00,139.91,140.63,139.1,140.04,151374.851
2025-11-16T13:00:00+00:00,140.04,140.58,138.82,139.47,105014.608
2025-11-16T14:00:00+00:00,139.46,140.85,139.46,140.43,68078.192
2025-11-16T15:00:00+00:00,140.43,140.48,137.15,137.48,176083.246
2025-11-16T16:00:00+00:00,137.47,138.23,135.38,135.73,359387.481
2025-11-16T17:00:00+00:00,135.73,136.43,134.42,135.83,301285.49
2025-11-16T18:00:00+00:00,135.83,138.51,135.25,135.84,296909.878
2025-11-16T19:00:00+00:00,135.84,138.03,135.74,136.83,155751.825
2025-11-16T20:00:00+00:00,136.83,138.17,136.63,136.65,108609.582
2025-11-16T21:00:00+00:00,136.65,136.78,135.43,136.43,140368.525
2025-11-16T22:00:00+00:00,136.44,137.95,135.09,137.31,151009.516
2025-11-16T23:00:00+00:00,137.31,138.14,134.91,137.17,276853.552
2025-11-17T00:00:00+00:00,137.17,139.51,136.09,139.17,228169.875
2025-11-17T01:00:00+00:00,139.17,139.49,138.14,138.26,165881.293
2025-11-17T02:00:00+00:00,138.26,139.36,137.96,138.89,129072.669
2025-11-17T03:00:00+00:00,138.89,140.79,138.86,140.28,155052.227
2025-11-17T04:00:00+00:00,140.28,140.8,139.66,140.36,120524.997
2025-11-17T05:00:00+00:00,140.36,140.83,139.85,140.6,71962.413
2025-11-17T06:00:00+00:00,140.59,141.56,140.13,141.38,96905.796
2025-11-17T07:00:00+00:00,141.38,141.85,141.09,141.33,92327.496
2025-11-17T08:00:00+00:00,141.33,141.79,141.01,141.35,161140.063
2025-11-17T09:00:00+00:00,141.35,142.64,140.94,142.0,166566.409
2025-11-17T10:00:00+00:00,142.0,142.52,141.8,142.27,116200.988
2025-11-17T11:00:00+00:00,142.27,142.8,141.72,141.9,86603.067
2025-11-17T12:00:00+00:00,141.9,142.65,141.56,141.78,111029.258
2025-11-17T13:00:00+00:00,141.79,141.99,137.14,138.03,408515.362
2025-11-17T14:00:00+00:00,138.02,143.28,136.8,140.14,559509.657
2025-11-17T15:00:00+00:00,140.15,140.8,136.86,137.16,294999.013
2025-11-17T16:00:00+00:00,137.16,137.21,133.3,135.88,620189.113
2025-11-17T17:00:00+00:00,135.87,135.94,131.75,132.04,422549.735
2025-11-17T18:00:00+00:00,132.03,133.17,130.44,130.52,417655.627
2025-11-17T19:00:00+00:00,130.52,131.33,129.37,129.65,416318.592
2025-11-17T20:00:00+00:00,129.64,130.88,128.82,130.31,321649.464
2025-11-17T21:00:00+00:00,130.32,131.01,129.83,130.7,175208.233
2025-11-17T22:00:00+00:00,130.7,131.97,130.3,131.31,151501.067
2025-11-17T23:00:00+00:00,131.31,131.77,130.25,130.99,135188.361
2025-11-18T00:00:00+00:00,131.0,131.54,129.0,131.3,207514.281
2025-11-18T01:00:00+00:00,131.3,132.39,130.96,131.96,151979.986
2025-11-18T02:00:00+00:00,131.95,134.67,130.45,132.4,407215.302
2025-11-18T03:00:00+00:00,132.39,135.23,131.4,134.51,433651.126
2025-11-18T04:00:00+00:00,134.52,136.11,132.52,135.53,353286.253
2025-11-18T05:00:00+00:00,135.54,136.78,134.92,135.95,300257.678
2025-11-18T06:00:00+00:00,135.95,137.17,135.02,135.7,482489.829
2025-11-18T07:00:00+00:00,135.69,137.81,135.03,136.92,340341.758
2025-11-18T08:00:00+00:00,136.93,138.27,136.93,137.76,213799.977
2025-11-18T09:00:00+00:00,137.77,138.17,136.47,137.85,196859.458
2025-11-18T10:00:00+00:00,137.84,139.12,137.6,137.98,182771.315
2025-11-18T11:00:00+00:00,137.98,138.21,137.28,137.88,115247.761
2025-11-18T12:00:00+00:00,137.88,138.6,136.99,138.23,165892.975
2025-11-18T13:00:00+00:00,138.23,138.4,136.84,138.29,153943.591
2025-11-18T14:00:00+00:00,138.28,139.89,137.5,137.5,264594.313
2025-11-18T15:00:00+00:00,137.5,142.17,137.2,139.7,493333.759
2025-11-18T16:00:00+00:00,139.7,142.0,138.77,141.09,328742.568
2025-11-18T17:00:00+00:00,141.09,141.18,139.32,140.05,119571.909
2025-11-18T18:00:00+00:00,140.06,141.83,140.0,141.46,104864.995
2025-11-18T19:00:00+00:00,141.47,142.12,140.9,141.44,104291.797
2025-11-18T20:00:00+00:00,141.45,142.12,141.13,141.13,116006.093
2025-11-18T21:00:00+00:00,141.13,141.58,139.66,139.74,104985.522
2025-11-18T22:00:00+00:00,139.75,141.89,139.71,141.43,126442.723
2025-11-18T23:00:00+00:00,141.44,141.61,140.46,140.69,60763.841
2025-11-19T00:00:00+00:00,140.68,141.65,139.29,141.15,162654.708
2025-11-19T01:00:00+00:00,141.16,141.8,139.82,140.38,142832.826
2025-11-19T02:00:00+00:00,140.38,142.84,140.04,142.2,131761.455
2025-11-19T03:00:00+00:00,142.2,142.47,139.44,139.81,182358.717
2025-11-19T04:00:00+00:00,139.8,140.25,138.39,138.66,129536.0
2025-11-19T05:00:00+00:00,138.67,139.14,137.12,138.0,269654.552
2025-11-19T06:00:00+00:00,138.0,139.33,137.6,139.06,143798.4
2025-11-19T07:00:00+00:00,139.07,141.14,138.97,140.58,118026.336
2025-11-19T08:00:00+00:00,140.57,141.03,139.78,140.18,111978.009
2025-11-19T09:00:00+00:00,140.18,140.19,139.0,139.71,97352.567
2025-11-19T10:00:00+00:00,139.72,140.33,139.24,139.54,55620.486
2025-11-19T11:00:00+00:00,139.55,139.82,138.35,138.56,103719.929
2025-11-19T12:00:00+00:00,138.57,139.23,138.18,138.95,92181.815
2025-11-19T13:00:00+00:00,138.95,138.96,136.69,136.73,183347.951
2025-11-19T14:00:00+00:00,136.74,137.86,136.0,137.23,304852.195
2025-11-19T15:00:00+00:00,137.23,139.08,134.42,134.62,420610.205
2025-11-19T16:00:00+00:00,134.61,135.45,132.86,133.39,330681.951
2025-11-19T17:00:00+00:00,133.38,133.81,131.34,132.21,201676.925
2025-11-19T18:00:00+00:00,132.2,132.51,130.53,131.51,181860.292
2025-11-19T19:00:00+00:00,131.51,132.11,130.83,131.74,130180.579
2025-11-19T20:00:00+00:00,131.74,133.56,131.36,133.21,180935.025
2025-11-19T21:00:00+00:00,133.21,136.0,132.73,135.45,317848.86
2025-11-19T22:00:00+00:00,135.45,135.7,134.21,135.57,140597.868
2025-11-19T23:00:00+00:00,135.57,137.06,135.4,137.06,134399.393
2025-11-20T00:00:00+00:00,137.06,138.14,136.38,137.72,149884.894
2025-11-20T01:00:00+00:00,137.73,139.82,137.47,139.67,154066.03
2025-11-20T02:00:00+00:00,139.67,144.22,139.37,143.67,807871.883
2025-11-20T03:00:00+00:00,143.67,144.46,142.89,143.18,265283.708
2025-11-20T04:00:00+00:00,143.18,144.74,142.4,144.66,220774.311
2025-11-20T05:00:00+00:00,144.67,144.8,143.62,144.1,182969.679
2025-11-20T06:00:00+00:00,144.1,144.33,142.19,142.84,177630.75
2025-11-20T07:00:00+00:00,142.85,143.89,142.72,143.8,140853.399
2025-11-20T08:00:00+00:00,143.8,143.96,142.89,143.39,182742.297
2025-11-20T09:00:00+00:00,143.39,143.42,141.39,142.04,169553.478
2025-11-20T10:00:00+00:00,142.05,142.34,141.07,142.26,149938.277
2025-11-20T11:00:00+00:00,142.26,142.5,141.54,142.12,100270.583
2025-11-20T12:00:00+00:00,142.12,142.47,141.36,142.02,152673.588
2025-11-20T13:00:00+00:00,142.02,143.39,140.5,140.7,329007.224
2025-11-20T14:00:00+00:00,140.7,141.53,138.98,140.95,291849.328
2025-11-20T15:00:00+00:00,140.95,141.11,138.35,138.57,228662.921
2025-11-20T16:00:00+00:00,138.56,138.74,131.56,132.65,1148919.176
2025-11-20T17:00:00+00:00,132.64,133.15,131.11,132.81,614388.741
2025-11-20T18:00:00+00:00,132.8,134.58,132.01,132.57,473340.17
2025-11-20T19:00:00+00:00,132.56,134.47,131.63,133.92,270486.257
2025-11-20T20:00:00+00:00,133.91,134.67,132.66,133.69,308409.622
2025-11-20T21:00:00+00:00,133.69,135.29,133.58,134.13,213970.228
2025-11-20T22:00:00+00:00,134.13,136.68,133.97,136.45,144207.457
2025-11-20T23:00:00+00:00,136.45,136.55,133.31,133.67,170500.223
2025-11-21T00:00:00+00:00,133.67,135.06,133.63,134.19,157891.536
2025-11-21T01:00:00+00:00,134.19,135.05,133.61,134.24,151515.116
2025-11-21T02:00:00+00:00,134.24,134.66,131.03,131.39,281096.572
2025-11-21T03:00:00+00:00,131.38,133.64,131.37,132.62,260874.767
2025-11-21T04:00:00+00:00,132.62,133.06,130.47,132.64,211279.501
2025-11-21T05:00:00+00:00,132.64,133.1,131.58,132.09,116158.792
2025-11-21T06:00:00+00:00,132.1,132.37,130.55,130.87,246425.564
2025-11-21T07:00:00+00:00,130.87,131.39,122.2,127.55,1369424.62
2025-11-21T08:00:00+00:00,127.55,129.45,126.87,128.1,466164.396
2025-11-21T09:00:00+00:00,128.1,128.96,125.47,125.5,379806.953
2025-11-21T10:00:00+00:00,125.5,126.59,124.85,125.09,473173.757
2025-11-21T11:00:00+00:00,125.09,126.37,123.79,124.32,350373.856
2025-11-21T12:00:00+00:00,124.32,127.26,121.66,126.25,816743.092
2025-11-21T13:00:00+00:00,126.25,128.34,125.58,127.21,469647.997
2025-11-21T14:00:00+00:00,127.21,129.61,126.22,128.62,412464.006
2025-11-21T15:00:00+00:00,128.62,129.0,124.78,125.41,388528.137
2025-11-21T16:00:00+00:00,125.4,128.83,123.58,128.66,404122.548
2025-11-21T17:00:00+00:00,128.65,130.62,128.35,129.22,339816.123
2025-11-21T18:00:00+00:00,129.23,130.39,126.54,129.54,236937.241
2025-11-21T19:00:00+00:00,129.54,129.88,127.55,128.12,130141.019
2025-11-21T20:00:00+00:00,128.12,128.4,125.95,127.18,214586.624
2025-11-21T21:00:00+00:00,127.18,129.35,126.67,128.87,144654.36
2025-11-21T22:00:00+00:00,128.88,129.36,125.43,125.49,131169.848
2025-11-21T23:00:00+00:00,125.49,128.88,125.11,128.68,132889.268
2025-11-22T00:00:00+00:00,128.69,129.44,127.98,128.46,138335.795
2025-11-22T01:00:00+00:00,128.46,129.94,128.39,129.48,96098.038
2025-11-22T02:00:00+00:00,129.49,129.63,127.27,128.03,107858.189
2025-11-22T03:00:00+00:00,128.04,128.43,126.82,127.13,134577.72
2025-11-22T04:00:00+00:00,127.13,127.42,125.68,126.99,146315.131
2025-11-22T05:00:00+00:00,127.0,127.3,125.38,126.25,120401.928
2025-11-22T06:00:00+00:00,126.25,128.29,125.35,128.06,126995.635
2025-11-22T07:00:00+00:00,128.07,128.39,127.36,127.74,125936.447
2025-11-22T08:00:00+00:00,127.74,127.74,125.5,125.93,126589.623
2025-11-22T09:00:00+00:00,125.93,127.55,125.69,126.47,111914.488
2025-11-22T10:00:00+00:00,126.47,127.21,125.57,125.92,82198.601
2025-11-22T11:00:00+00:00,125.92,127.47,125.32,126.68,154392.431
2025-11-22T12:00:00+00:00,126.68,126.72,125.22,125.81,98532.074
2025-11-22T13:00:00+00:00,125.81,126.42,125.08,125.62,67325.092
2025-11-22T14:00:00+00:00,125.62,127.51,125.53,127.13,85397.304
2025-11-22T15:00:00+00:00,127.12,127.79,126.16,127.13,189373.884
2025-11-22T16:00:00+00:00,127.13,128.6,126.86,128.21,146990.497
2025-11-22T17:00:00+00:00,128.21,128.45,127.3,127.61,122736.367
2025-11-22T18:00:00+00:00,127.61,128.06,127.41,127.77,68720.96
2025-11-22T19:00:00+00:00,127.78,128.09,126.79,127.2,76256.57
2025-11-22T20:00:00+00:00,127.2,127.64,126.1,126.45,61764.902
2025-11-22T21:00:00+00:00,126.44,126.84,126.12,126.64,38954.55
2025-11-22T22:00:00+00:00,126.64,128.92,126.2,128.25,103044.524
2025-11-22T23:00:00+00:00,128.24,128.47,127.3,127.59,81777.109
2025-11-23T00:00:00+00:00,127.6,128.65,127.56,128.03,73607.295
2025-11-23T01:00:00+00:00,128.04,129.86,127.88,129.46,198977.923
2025-11-23T02:00:00+00:00,129.46,130.8,129.11,130.05,137826.743
2025-11-23T03:00:00+00:00,130.04,130.41,129.38,129.96,80616.505
2025-11-23T04:00:00+00:00,129.95,131.9,129.95,130.74,153771.533
2025-11-23T05:00:00+00:00,130.74,130.93,130.2,130.53,83991.151
2025-11-23T06:00:00+00:00,130.53,130.91,129.16,129.34,86050.769
2025-11-23T07:00:00+00:00,129.34,129.42,128.11,128.86,167440.281
2025-11-23T08:00:00+00:00,128.86,129.78,128.83,129.68,71726.798
2025-11-23T09:00:00+00:00,129.68,130.99,129.45,130.09,104001.11
2025-11-23T10:00:00+00:00,130.08,130.19,129.42,129.96,49388.57
2025-11-23T11:00:00+00:00,129.95,130.0,129.02,129.75,74999.81
2025-11-23T12:00:00+00:00,129.76,131.72,129.65,130.88,199741.853
2025-11-23T13:00:00+00:00,130.89,131.73,130.34,131.58,131458.955
2025-11-23T14:00:00+00:00,131.57,132.75,130.5,130.75,179426.292
2025-11-23T15:00:00+00:00,130.74,133.13,130.43,132.87,249949.643
2025-11-23T16:00:00+00:00,132.88,133.47,131.73,131.79,152503.544
2025-11-23T17:00:00+00:00,131.78,131.91,130.84,131.39,114516.988
2025-11-23T18:00:00+00:00,131.39,132.93,131.38,132.19,81976.821
2025-11-23T19:00:00+00:00,132.2,133.1,131.98,132.38,64287.962
2025-11-23T20:00:00+00:00,132.39,132.85,132.09,132.64,47015.289
2025-11-23T21:00:00+00:00,132.63,133.54,131.52,133.14,86247.579
2025-11-23T22:00:00+00:00,133.15,133.32,132.28,132.67,76704.615
2025-11-23T23:00:00+00:00,132.67,132.87,130.52,130.58,152487.161
2025-11-24T00:00:00+00:00,130.58,132.11,129.31,130.81,228619.115
2025-11-24T01:00:00+00:00,130.81,131.76,130.0,131.49,109123.983
2025-11-24T02:00:00+00:00,131.5,134.4,131.42,133.39,223678.527
2025-11-24T03:00:00+00:00,133.4,134.41,132.84,133.43,105795.82
2025-11-24T04:00:00+00:00,133.42,133.54,130.6,131.38,220646.593
2025-11-24T05:00:00+00:00,131.38,133.93,131.21,132.96,147144.17
2025-11-24T06:00:00+00:00,132.95,133.03,130.67,131.18,210087.637
2025-11-24T07:00:00+00:00,131.17,131.43,130.19,130.34,158551.077
2025-11-24T08:00:00+00:00,130.33,130.76,129.63,130.58,158759.217
2025-11-24T09:00:00+00:00,130.58,130.68,128.44,128.89,149244.126
2025-11-24T10:00:00+00:00,128.9,129.47,128.76,129.23,91624.799
2025-11-24T11:00:00+00:00,129.23,129.93,128.78,129.62,88531.992
2025-11-24T12:00:00+00:00,129.61,130.0,129.0,129.53,127532.959
2025-11-24T13:00:00+00:00,129.52,130.58,129.38,129.76,161123.037
2025-11-24T14:00:00+00:00,129.75,131.62,128.54,130.75,325442.204
2025-11-24T15:00:00+00:00,130.75,132.6,130.03,131.94,251356.121
2025-11-24T16:00:00+00:00,131.93,134.42,131.82,133.7,378960.583
2025-11-24T17:00:00+00:00,133.71,137.19,133.58,136.91,413147.997
2025-11-24T18:00:00+00:00,136.92,138.0,136.48,137.41,224171.623
2025-11-24T19:00:00+00:00,137.41,137.82,136.67,137.24,154940.913
2025-11-24T20:00:00+00:00,137.24,139.36,137.24,139.0,424561.352
2025-11-24T21:00:00+00:00,138.99,139.18,138.04,138.97,145868.717
2025-11-24T22:00:00+00:00,138.97,139.87,138.44,139.05,162768.68
2025-11-24T23:00:00+00:00,139.04,139.22,138.2,138.44,83175.804
2025-11-25T00:00:00+00:00,138.43,138.99,137.64,138.43,133534.222
2025-11-25T01:00:00+00:00,138.43,138.98,137.77,137.81,81011.209
2025-11-25T02:00:00+00:00,137.82,138.39,137.25,138.18,75068.535
2025-11-25T03:00:00+00:00,138.17,138.67,137.28,137.8,50046.481
2025-11-25T04:00:00+00:00,137.8,138.97,137.73,138.55,57801.618
2025-11-25T05:00:00+00:00,138.54,138.83,137.86,138.58,57455.94
2025-11-25T06:00:00+00:00,138.57,138.63,137.41,138.17,69398.949
2025-11-25T07:00:00+00:00,138.18,138.2,136.3,136.33,98700.517
2025-11-25T08:00:00+00:00,136.33,136.7,135.15,135.44,171271.51
2025-11-25T09:00:00+00:00,135.44,136.35,134.73,136.29,135282.078
2025-11-25T10:00:00+00:00,136.3,136.84,135.86,136.62,96072.972
2025-11-25T11:00:00+00:00,136.63,136.74,135.95,136.29,114107.798
2025-11-25T12:00:00+00:00,136.29,136.98,135.66,136.32,159363.018
2025-11-25T13:00:00+00:00,136.31,136.97,135.17,135.47,158756.197
2025-11-25T14:00:00+00:00,135.47,136.24,133.13,134.69,260512.685
2025-11-25T15:00:00+00:00,134.69,135.5,133.45,134.86,194538.074
2025-11-25T16:00:00+00:00,134.86,137.08,134.54,136.07,124460.059
2025-11-25T17:00:00+00:00,136.06,138.02,135.73,136.91,161785.008
2025-11-25T18:00:00+00:00,136.92,137.69,136.3,136.34,104837.734
2025-11-25T19:00:00+00:00,136.34,136.74,134.24,136.72,180068.097
2025-11-25T20:00:00+00:00,136.73,138.03,136.27,137.75,97311.991
2025-11-25T21:00:00+00:00,137.75,138.13,136.98,137.17,66844.904
2025-11-25T22:00:00+00:00,137.17,139.59,135.98,138.99,152810.855
2025-11-25T23:00:00+00:00,138.98,140.5,138.56,138.96,193779.402
2025-11-26T00:00:00+00:00,138.96,139.87,138.81,139.04,86446.136
2025-11-26T01:00:00+00:00,139.04,140.68,138.57,140.02,121096.37
2025-11-26T02:00:00+00:00,140.01,140.23,139.06,139.25,112160.336
2025-11-26T03:00:00+00:00,139.26,139.78,137.92,138.15,146926.091
2025-11-26T04:00:00+00:00,138.15,138.55,137.72,138.04,96227.961
2025-11-26T05:00:00+00:00,138.04,139.29,137.99,139.02,57607.937
2025-11-26T06:00:00+00:00,139.01,139.77,138.41,139.56,136351.851
2025-11-26T07:00:00+00:00,139.56,139.95,139.1,139.89,132565.578
2025-11-26T08:00:00+00:00,139.88,139.93,137.91,137.93,139358.795
2025-11-26T09:00:00+00:00,137.93,138.14,136.21,136.72,193774.632
2025-11-26T10:00:00+00:00,136.72,137.45,136.61,137.27,87645.596
2025-11-26T11:00:00+00:00,137.28,137.38,136.6,136.87,61401.066
2025-11-26T12:00:00+00:00,136.86,137.1,135.56,135.65,121626.214
2025-11-26T13:00:00+00:00,135.64,136.92,135.5,136.73,109079.84
2025-11-26T14:00:00+00:00,136.73,138.29,135.7,136.32,359740.482
2025-11-26T15:00:00+00:00,136.31,137.45,135.78,136.66,297739.164
2025-11-26T16:00:00+00:00,136.67,138.1,136.46,137.06,142314.682
2025-11-26T17:00:00+00:00,137.07,141.04,136.75,140.75,251692.601
2025-11-26T18:00:00+00:00,140.76,144.71,140.7,144.63,649135.125
2025-11-26T19:00:00+00:00,144.64,144.75,143.67,143.99,224497.303
2025-11-26T20:00:00+00:00,143.99,144.03,142.53,142.91,153933.856
2025-11-26T21:00:00+00:00,142.9,144.23,142.85,143.53,112824.975
2025-11-26T22:00:00+00:00,143.52,144.11,142.8,143.06,147618.874
2025-11-26T23:00:00+00:00,143.05,143.45,142.51,143.02,80097.205
2025-11-27T00:00:00+00:00,143.01,143.75,142.23,142.83,96769.592
2025-11-27T01:00:00+00:00,142.84,143.7,142.07,143.31,92892.925
2025-11-27T02:00:00+00:00,143.3,144.14,142.8,143.0,118141.461
2025-11-27T03:00:00+00:00,143.0,143.72,142.35,142.52,119839.837
2025-11-27T04:00:00+00:00,142.52,143.03,142.33,142.87,65204.051
2025-11-27T05:00:00+00:00,142.86,143.49,142.55,142.77,78428.195
2025-11-27T06:00:00+00:00,142.78,144.14,142.77,143.95,94752.097
2025-11-27T07:00:00+00:00,143.96,144.29,143.61,143.77,96924.299
2025-11-27T08:00:00+00:00,143.77,143.9,142.12,142.59,102248.339
2025-11-27T09:00:00+00:00,142.6,143.06,141.65,141.74,92590.253
2025-11-27T10:00:00+00:00,141.74,142.35,141.51,142.31,74771.964
2025-11-27T11:00:00+00:00,142.32,142.34,141.67,142.08,55750.668
2025-11-27T12:00:00+00:00,142.08,142.19,140.99,141.13,87751.213
2025-11-27T13:00:00+00:00,141.13,141.54,140.67,141.24,110106.884
2025-11-27T14:00:00+00:00,141.24,141.8,140.85,141.26,95642.339
2025-11-27T15:00:00+00:00,141.26,142.54,141.07,142.15,113880.489
2025-11-27T16:00:00+00:00,142.15,142.46,141.6,142.2,160650.901
2025-11-27T17:00:00+00:00,142.2,142.28,141.43,141.61,157954.825
2025-11-27T18:00:00+00:00,141.6,143.15,141.52,142.94,164111.131
2025-11-27T19:00:00+00:00,142.93,142.94,142.25,142.73,65815.847
2025-11-27T20:00:00+00:00,142.73,142.91,142.42,142.48,72313.454
2025-11-27T21:00:00+00:00,142.47,142.56,141.79,141.93,77516.688
2025-11-27T22:00:00+00:00,141.93,142.04,140.51,140.82,86058.872
2025-11-27T23:00:00+00:00,140.81,141.45,140.47,140.85,51556.865
2025-11-28T00:00:00+00:00,140.85,141.45,140.49,141.0,52114.401
2025-11-28T01:00:00+00:00,141.01,141.05,138.85,139.05,141229.853
2025-11-28T02:00:00+00:00,139.06,139.63,138.59,139.49,91495.238
2025-11-28T03:00:00+00:00,139.5,139.87,139.16,139.68,129251.381
2025-11-28T04:00:00+00:00,139.68,140.25,139.55,140.07,60001.824
2025-11-28T05:00:00+00:00,140.06,140.6,139.86,140.37,140098.214
2025-11-28T06:00:00+00:00,140.37,140.37,139.21,139.47,69624.463
2025-11-28T07:00:00+00:00,139.47,140.05,138.97,138.97,67705.016
2025-11-28T08:00:00+00:00,138.98,141.62,138.95,141.48,124927.147
2025-11-28T09:00:00+00:00,141.48,142.64,141.04,141.7,289113.661
2025-11-28T10:00:00+00:00,141.69,142.38,141.58,142.07,110856.989
2025-11-28T11:00:00+00:00,142.08,142.08,139.96,140.99,89863.562
2025-11-28T12:00:00+00:00,140.99,141.56,140.77,140.79,133936.723
2025-11-28T13:00:00+00:00,140.8,143.4,140.43,142.51,216782.356
2025-11-28T14:00:00+00:00,142.52,143.55,141.72,142.59,231677.592
2025-11-28T15:00:00+00:00,142.59,143.6,141.31,141.61,354783.503
2025-11-28T16:00:00+00:00,141.62,141.65,138.76,138.79,253093.093
2025-11-28T17:00:00+00:00,138.8,138.84,136.77,137.18,290685.014
2025-11-28T18:00:00+00:00,137.18,137.54,136.01,137.18,222105.915
2025-11-28T19:00:00+00:00,137.18,137.99,137.05,137.53,130868.755
2025-11-28T20:00:00+00:00,137.54,137.98,136.93,137.9,78347.81
2025-11-28T21:00:00+00:00,137.9,138.04,137.31,137.4,52132.401
2025-11-28T22:00:00+00:00,137.4,137.88,136.59,137.81,116847.192
2025-11-28T23:00:00+00:00,137.8,138.3,137.28,137.33,54967.928
2025-11-29T00:00:00+00:00,137.33,137.89,137.15,137.66,59041.014
2025-11-29T01:00:00+00:00,137.65,137.84,137.26,137.41,45712.702
2025-11-29T02:00:00+00:00,137.42,137.71,136.89,137.21,87470.183
2025-11-29T03:00:00+00:00,137.2,137.4,136.7,136.83,54531.5
2025-11-29T04:00:00+00:00,136.84,137.72,136.84,137.64,41405.206
2025-11-29T05:00:00+00:00,137.65,137.66,137.14,137.22,60045.13
2025-11-29T06:00:00+00:00,137.22,137.6,136.22,137.11,162032.312
2025-11-29T07:00:00+00:00,137.11,137.55,136.93,137.28,52995.013
2025-11-29T08:00:00+00:00,137.28,137.48,136.64,136.98,84762.582
2025-11-29T09:00:00+00:00,136.98,137.12,136.6,136.67,61895.572
2025-11-29T10:00:00+00:00,136.68,137.01,136.39,136.82,73404.532
2025-11-29T11:00:00+00:00,136.81,137.37,136.66,137.33,45066.19
2025-11-29T12:00:00+00:00,137.33,137.47,136.87,136.94,39342.965
2025-11-29T13:00:00+00:00,136.94,137.08,136.67,136.91,44345.387
2025-11-29T14:00:00+00:00,136.91,136.91,136.5,136.54,42988.307
2025-11-29T15:00:00+00:00,136.54,137.66,136.54,137.58,107679.387
2025-11-29T16:00:00+00:00,137.58,137.84,137.05,137.66,64119.84
2025-11-29T17:00:00+00:00,137.67,138.1,136.07,136.19,173154.741
2025-11-29T18:00:00+00:00,136.19,136.35,134.76,135.69,216814.773
2025-11-29T19:00:00+00:00,135.69,136.24,135.42,135.68,72615.372
2025-11-29T20:00:00+00:00,135.67,136.33,135.33,136.23,59025.386
2025-11-29T21:00:00+00:00,136.24,136.52,135.76,136.46,36682.602
2025-11-29T22:00:00+00:00,136.45,136.46,135.38,135.81,121295.745
2025-11-29T23:00:00+00:00,135.82,136.2,135.49,135.91,52894.73
2025-11-30T00:00:00+00:00,135.92,136.45,135.73,135.95,93845.179
2025-11-30T01:00:00+00:00,135.95,136.61,135.86,136.29,114935.777
2025-11-30T02:00:00+00:00,136.3,136.8,135.85,135.93,105466.426
2025-11-30T03:00:00+00:00,135.92,136.5,135.25,136.4,116839.286
2025-11-30T04:00:00+00:00,136.41,136.95,136.22,136.34,65092.341
2025-11-30T05:00:00+00:00,136.35,136.35,135.57,135.77,41459.43
2025-11-30T06:00:00+00:00,135.77,136.49,135.52,136.33,67203.652
2025-11-30T07:00:00+00:00,136.33,136.72,136.19,136.53,63671.398
2025-11-30T08:00:00+00:00,136.52,137.09,136.12,136.81,111045.095
2025-11-30T09:00:00+00:00,136.81,137.1,136.46,136.82,63055.059
2025-11-30T10:00:00+00:00,136.82,136.96,136.52,136.68,44352.39
2025-11-30T11:00:00+00:00,136.67,136.9,136.23,136.42,35599.503
2025-11-30T12:00:00+00:00,136.43,137.73,136.2,137.58,107166.542
2025-11-30T13:00:00+00:00,137.58,140.19,137.33,139.26,307421.588
2025-11-30T14:00:00+00:00,139.26,139.47,138.13,138.51,203846.272
2025-11-30T15:00:00+00:00,138.51,138.54,137.51,138.33,83536.333
2025-11-30T16:00:00+00:00,138.34,139.82,138.29,139.52,116194.662
2025-11-30T17:00:00+00:00,139.52,139.52,138.36,138.46,111076.853
2025-11-30T18:00:00+00:00,138.47,138.64,137.86,138.61,90928.526
2025-11-30T19:00:00+00:00,138.61,138.67,137.37,137.63,108764.091
2025-11-30T20:00:00+00:00,137.62,137.93,136.87,137.3,101103.662
2025-11-30T21:00:00+00:00,137.29,137.4,136.62,137.04,78211.956
2025-11-30T22:00:00+00:00,137.03,137.89,136.99,137.72,64844.119
2025-11-30T23:00:00+00:00,137.72,137.79,133.26,133.48,312505.189
2025-12-01T00:00:00+00:00,133.48,133.74,127.53,127.57,958104.526
2025-12-01T01:00:00+00:00,127.57,129.33,127.46,127.96,252307.445
2025-12-01T02:00:00+00:00,127.96,128.66,127.47,127.57,236817.859
2025-12-01T03:00:00+00:00,127.58,127.58,126.53,126.97,167417.967
2025-12-01T04:00:00+00:00,126.97,127.05,126.19,126.38,156787.128
2025-12-01T05:00:00+00:00,126.38,126.57,125.81,126.11,133038.873
2025-12-01T06:00:00+00:00,126.1,126.86,126.02,126.72,95904.62
2025-12-01T07:00:00+00:00,126.72,127.47,126.32,127.42,123914.425
2025-12-01T08:00:00+00:00,127.41,127.82,127.0,127.72,130667.753
2025-12-01T09:00:00+00:00,127.71,128.09,126.86,127.02,132932.334
2025-12-01T10:00:00+00:00,127.01,127.56,126.96,127.25,54382.564
2025-12-01T11:00:00+00:00,127.25,127.38,126.89,127.12,63172.655
2025-12-01T12:00:00+00:00,127.12,127.19,125.38,126.6,229039.468
2025-12-01T13:00:00+00:00,126.59,127.72,126.13,126.49,149498.06
2025-12-01T14:00:00+00:00,126.49,127.09,125.55,126.11,182077.108
2025-12-01T15:00:00+00:00,126.12,126.31,123.11,125.11,504343.481
2025-12-01T16:00:00+00:00,125.11,125.34,123.38,123.53,378648.164
2025-12-01T17:00:00+00:00,123.54,124.98,123.51,124.44,174059.993
2025-12-01T18:00:00+00:00,124.44,125.31,123.76,124.51,152769.476
2025-12-01T19:00:00+00:00,124.52,124.6,123.27,123.86,122853.996
2025-12-01T20:00:00+00:00,123.86,125.36,123.83,124.45,137375.983
2025-12-01T21:00:00+00:00,124.44,127.17,124.22,126.1,260903.562
2025-12-01T22:00:00+00:00,126.1,127.43,125.85,126.83,117782.724
2025-12-01T23:00:00+00:00,126.83,127.4,126.54,126.66,92703.893
2025-12-02T00:00:00+00:00,126.66,127.56,126.46,127.37,117394.752
2025-12-02T01:00:00+00:00,127.36,128.54,126.79,126.99,109171.609
2025-12-02T02:00:00+00:00,126.99,128.14,126.63,126.97,100722.837
2025-12-02T03:00:00+00:00,126.97,127.68,126.02,127.23,115367.499
2025-12-02T04:00:00+00:00,127.23,127.85,126.87,126.89,95543.143
2025-12-02T05:00:00+00:00,126.89,127.09,126.46,126.69,89214.107
2025-12-02T06:00:00+00:00,126.69,127.85,126.44,127.68,70928.378
2025-12-02T07:00:00+00:00,127.68,127.71,127.0,127.26,48129.447
2025-12-02T08:00:00+00:00,127.26,127.32,126.01,126.17,76214.607
2025-12-02T09:00:00+00:00,126.16,127.21,126.14,126.77,87538.873
2025-12-02T10:00:00+00:00,126.77,128.84,126.71,128.3,112452.275
2025-12-02T11:00:00+00:00,128.3,128.53,127.82,128.31,112572.343
2025-12-02T12:00:00+00:00,128.32,129.03,128.2,128.88,164984.745
2025-12-02T13:00:00+00:00,128.87,131.02,128.46,130.61,367693.712
2025-12-02T14:00:00+00:00,130.6,133.45,130.4,132.97,395093.239
2025-12-02T15:00:00+00:00,132.97,139.87,132.95,137.84,991212.586
2025-12-02T16:00:00+00:00,137.83,139.71,137.38,139.37,547630.627
2025-12-02T17:00:00+00:00,139.38,140.88,139.25,139.48,362605.699
2025-12-02T18:00:00+00:00,139.47,140.3,139.37,139.84,197001.63
2025-12-02T19:00:00+00:00,139.85,140.64,139.77,140.25,124838.574
2025-12-02T20:00:00+00:00,140.26,140.38,138.2,138.73,368016.488
2025-12-02T21:00:00+00:00,138.73,139.29,138.37,139.11,118281.543
2025-12-02T22:00:00+00:00,139.11,139.98,138.86,139.92,147987.712
2025-12-02T23:00:00+00:00,139.92,139.94,138.4,138.68,102260.322
2025-12-03T00:00:00+00:00,138.67,138.95,137.76,138.16,203105.226
2025-12-03T01:00:00+00:00,138.16,139.23,137.88,138.87,140556.928
2025-12-03T02:00:00+00:00,138.87,140.32,138.8,140.03,139297.228
2025-12-03T03:00:00+00:00,140.03,140.65,139.79,140.33,108686.893
2025-12-03T04:00:00+00:00,140.33,142.49,140.18,142.26,276283.259
2025-12-03T05:00:00+00:00,142.26,143.25,142.16,143.06,211439.113
2025-12-03T06:00:00+00:00,143.05,144.26,142.37,142.46,173358.792
2025-12-03T07:00:00+00:00,142.45,142.58,141.83,141.88,93978.528
2025-12-03T08:00:00+00:00,141.89,142.67,141.47,142.14,87600.129
2025-12-03T09:00:00+00:00,142.14,142.46,141.55,142.09,101078.735
2025-12-03T10:00:00+00:00,142.09,142.28,141.18,141.3,67221.701
2025-12-03T11:00:00+00:00,141.3,141.75,140.75,141.72,82997.593
2025-12-03T12:00:00+00:00,141.72,142.09,141.09,141.92,72351.042
2025-12-03T13:00:00+00:00,141.91,142.46,141.5,141.87,85679.48
2025-12-03T14:00:00+00:00,141.87,143.59,138.78,140.95,454651.317
2025-12-03T15:00:00+00:00,140.95,142.09,140.14,141.0,134395.868
2025-12-03T16:00:00+00:00,141.0,142.0,139.87,140.7,218344.643
2025-12-03T17:00:00+00:00,140.71,142.1,140.47,141.83,135367.865
2025-12-03T18:00:00+00:00,141.82,142.39,140.67,141.17,173813.126
2025-12-03T19:00:00+00:00,141.17,141.6,141.02,141.28,106188.916
2025-12-03T20:00:00+00:00,141.27,142.24,140.74,141.7,104944.469
2025-12-03T21:00:00+00:00,141.7,146.08,141.61,145.49,265536.7
2025-12-03T22:00:00+00:00,145.5,145.92,143.08,144.55,336417.16
2025-12-03T23:00:00+00:00,144.56,145.63,144.48,144.67,180850.094
2025-12-04T00:00:00+00:00,144.67,145.38,143.64,145.01,114011.952
2025-12-04T01:00:00+00:00,145.02,146.91,144.11,144.18,174274.944
2025-12-04T02:00:00+00:00,144.18,146.1,143.99,145.6,83194.088
2025-12-04T03:00:00+00:00,145.6,145.64,144.32,144.67,68731.339
2025-12-04T04:00:00+00:00,144.68,144.9,143.72,144.17,59093.238
2025-12-04T05:00:00+00:00,144.16,144.23,142.95,143.24,92367.986
2025-12-04T06:00:00+00:00,143.24,144.29,143.1,143.96,81169.589
2025-12-04T07:00:00+00:00,143.97,144.01,142.64,143.47,125423.493
2025-12-04T08:00:00+00:00,143.47,144.07,142.74,142.9,63497.327
2025-12-04T09:00:00+00:00,142.9,144.2,142.89,143.91,68326.484
2025-12-04T10:00:00+00:00,143.92,144.19,143.29,143.35,57914.328
2025-12-04T11:00:00+00:00,143.35,143.5,142.7,143.06,91661.961
2025-12-04T12:00:00+00:00,143.05,143.5,142.4,142.88,78252.97
2025-12-04T13:00:00+00:00,142.88,143.18,141.79,142.23,152773.599
2025-12-04T14:00:00+00:00,142.23,143.34,141.44,141.82,168508.42
2025-12-04T15:00:00+00:00,141.81,144.26,141.78,143.21,233885.396
2025-12-04T16:00:00+00:00,143.2,143.85,142.25,142.62,121354.23
2025-12-04T17:00:00+00:00,142.62,142.81,141.11,142.14,120102.874
2025-12-04T18:00:00+00:00,142.14,142.22,140.32,140.75,105505.95
2025-12-04T19:00:00+00:00,140.75,140.87,137.8,139.67,290381.511
2025-12-04T20:00:00+00:00,139.66,140.5,139.18,140.37,104406.31
2025-12-04T21:00:00+00:00,140.38,140.43,138.5,138.72,108024.509
2025-12-04T22:00:00+00:00,138.72,139.78,138.72,139.39,80918.497
2025-12-04T23:00:00+00:00,139.39,139.43,138.7,139.01,50461.246
2025-12-05T00:00:00+00:00,139.01,139.72,138.9,139.24,72058.7
2025-12-05T01:00:00+00:00,139.24,140.2,139.14,139.82,79938.515
2025-12-05T02:00:00+00:00,139.83,140.15,139.25,139.81,101601.457
2025-12-05T03:00:00+00:00,139.8,140.18,138.3,138.56,104393.147
2025-12-05T04:00:00+00:00,138.55,139.14,138.07,138.52,97628.063
2025-12-05T05:00:00+00:00,138.52,138.74,137.77,138.04,94173.457
2025-12-05T06:00:00+00:00,138.05,139.0,138.03,138.89,60035.591
2025-12-05T07:00:00+00:00,138.9,140.75,138.77,139.68,161682.94
2025-12-05T08:00:00+00:00,139.67,139.67,137.81,138.19,135576.525
2025-12-05T09:00:00+00:00,138.2,138.27,136.28,136.34,229985.947
2025-12-05T10:00:00+00:00,136.34,137.98,136.13,137.71,147047.808
2025-12-05T11:00:00+00:00,137.71,138.09,136.87,137.02,100748.05
2025-12-05T12:00:00+00:00,137.01,137.14,135.21,136.67,179328.148
2025-12-05T13:00:00+00:00,136.67,137.06,135.77,135.94,143257.041
2025-12-05T14:00:00+00:00,135.94,136.31,134.41,134.74,188627.584
2025-12-05T15:00:00+00:00,134.73,137.2,134.63,135.05,290534.912
2025-12-05T16:00:00+00:00,135.04,135.2,131.18,132.2,416442.876
2025-12-05T17:00:00+00:00,132.2,132.73,131.11,132.16,188683.579
2025-12-05T18:00:00+00:00,132.16,133.03,131.17,131.35,130922.888
2025-12-05T19:00:00+00:00,131.36,133.04,130.73,132.5,147747.82
2025-12-05T20:00:00+00:00,132.49,132.9,131.96,132.56,103897.292
2025-12-05T21:00:00+00:00,132.57,133.16,132.0,132.4,106120.318
2025-12-05T22:00:00+00:00,132.4,132.86,132.11,132.72,37192.609
2025-12-05T23:00:00+00:00,132.72,133.43,132.27,133.29,49733.876
2025-12-06T00:00:00+00:00,133.29,133.7,132.8,133.46,45224.674
2025-12-06T01:00:00+00:00,133.47,133.83,133.2,133.49,37205.336
2025-12-06T02:00:00+00:00,133.49,133.52,132.88,133.45,45719.749
2025-12-06T03:00:00+00:00,133.45,134.13,133.33,133.74,66216.017
2025-12-06T04:00:00+00:00,133.73,133.75,132.97,133.2,58904.45
2025-12-06T05:00:00+00:00,133.2,133.42,132.89,133.07,32040.736
2025-12-06T06:00:00+00:00,133.07,133.24,132.76,132.95,23033.963
2025-12-06T07:00:00+00:00,132.96,133.2,132.56,132.72,30548.123
2025-12-06T08:00:00+00:00,132.73,132.87,131.88,131.99,49689.895
2025-12-06T09:00:00+00:00,131.99,132.8,131.99,132.52,56019.383
2025-12-06T10:00:00+00:00,132.51,132.99,132.41,132.71,34998.65
2025-12-06T11:00:00+00:00,132.71,133.29,132.69,133.22,44018.503
2025-12-06T12:00:00+00:00,133.23,133.23,132.62,132.65,41071.904
2025-12-06T13:00:00+00:00,132.65,133.27,132.59,132.94,24009.808
2025-12-06T14:00:00+00:00,132.95,133.99,132.82,133.74,123327.827
2025-12-06T15:00:00+00:00,133.74,133.8,132.21,132.87,90312.568
2025-12-06T16:00:00+00:00,132.88,133.54,132.79,133.09,54966.109
2025-12-06T17:00:00+00:00,133.08,133.42,132.67,132.95,111266.496
2025-12-06T18:00:00+00:00,132.96,133.19,132.61,132.79,79863.868
2025-12-06T19:00:00+00:00,132.8,132.97,131.78,132.06,114769.073
2025-12-06T20:00:00+00:00,132.07,132.62,132.06,132.5,34539.839
2025-12-06T21:00:00+00:00,132.49,132.93,132.22,132.4,33292.494
2025-12-06T22:00:00+00:00,132.4,132.62,131.8,132.15,31076.834
2025-12-06T23:00:00+00:00,132.15,132.36,131.28,132.19,79479.132
2025-12-07T00:00:00+00:00,132.2,132.71,131.93,132.38,37131.244
2025-12-07T01:00:00+00:00,132.37,132.8,132.3,132.31,33642.608
2025-12-07T02:00:00+00:00,132.31,133.46,132.3,133.28,67608.1
2025-12-07T03:00:00+00:00,133.28,133.59,133.02,133.5,48020.939
2025-12-07T04:00:00+00:00,133.5,133.54,132.86,133.02,54370.809
2025-12-07T05:00:00+00:00,133.02,133.23,132.66,132.82,20042.03
2025-12-07T06:00:00+00:00,132.82,133.25,132.72,133.1,22654.452
2025-12-07T07:00:00+00:00,133.09,133.14,131.91,132.08,63402.948
2025-12-07T08:00:00+00:00,132.09,132.59,131.68,131.9,58987.638
2025-12-07T09:00:00+00:00,131.9,132.11,131.53,131.89,72869.258
2025-12-07T10:00:00+00:00,131.89,132.54,131.69,132.27,45132.934
2025-12-07T11:00:00+00:00,132.28,132.52,132.15,132.44,22303.759
2025-12-07T12:00:00+00:00,132.43,133.07,132.36,132.9,64094.512
2025-12-07T13:00:00+00:00,132.9,133.02,131.51,131.73,103341.217
2025-12-07T14:00:00+00:00,131.72,131.84,127.7,128.16,477688.404
2025-12-07T15:00:00+00:00,128.16,132.22,128.03,132.03,417732.207
2025-12-07T16:00:00+00:00,132.03,132.04,130.49,131.97,183621.68
2025-12-07T17:00:00+00:00,131.97,135.54,131.28,134.81,483357.434
2025-12-07T18:00:00+00:00,134.82,136.29,134.82,136.04,185187.636
2025-12-07T19:00:00+00:00,136.05,136.16,135.2,135.72,80987.486
2025-12-07T20:00:00+00:00,135.73,136.35,135.64,136.18,51405.373
2025-12-07T21:00:00+00:00,136.18,136.18,132.46,133.1,179624.082
2025-12-07T22:00:00+00:00,133.09,133.1,129.8,131.26,262629.166
2025-12-07T23:00:00+00:00,131.25,132.4,130.61,132.24,95968.575
2025-12-08T00:00:00+00:00,132.25,132.75,131.55,131.61,83508.381
2025-12-08T01:00:00+00:00,131.61,134.47,131.52,133.37,132187.1
2025-12-08T02:00:00+00:00,133.37,134.2,133.14,134.04,64951.791
2025-12-08T03:00:00+00:00,134.05,134.71,133.76,134.32,77363.367
2025-12-08T04:00:00+00:00,134.32,135.2,134.07,135.05,61671.525
2025-12-08T05:00:00+00:00,135.06,135.44,134.59,135.2,59971.409
2025-12-08T06:00:00+00:00,135.2,136.0,134.65,135.73,87966.443
2025-12-08T07:00:00+00:00,135.73,135.98,134.91,135.85,160796.001
2025-12-08T08:00:00+00:00,135.85,136.95,135.65,136.71,107937.464
2025-12-08T09:00:00+00:00,136.7,138.9,136.68,138.14,204960.86
2025-12-08T10:00:00+00:00,138.14,139.36,138.05,138.74,121536.944
2025-12-08T11:00:00+00:00,138.74,139.14,138.13,138.37,107979.077
2025-12-08T12:00:00+00:00,138.37,138.59,137.25,137.84,168122.327
2025-12-08T13:00:00+00:00,137.84,139.32,137.55,138.13,141944.528
2025-12-08T14:00:00+00:00,138.13,139.0,136.86,137.19,191367.866
2025-12-08T15:00:00+00:00,137.2,137.57,135.24,135.55,269180.051
2025-12-08T16:00:00+00:00,135.54,136.54,134.86,135.6,189943.862
2025-12-08T17:00:00+00:00,135.6,136.3,134.78,135.83,130194.748
2025-12-08T18:00:00+00:00,135.83,136.25,133.02,133.62,195886.261
2025-12-08T19:00:00+00:00,133.62,134.68,133.46,133.67,139034.77
2025-12-08T20:00:00+00:00,133.66,134.94,133.43,134.09,133733.065
2025-12-08T21:00:00+00:00,134.09,134.58,133.24,134.48,141822.808
2025-12-08T22:00:00+00:00,134.48,134.55,133.38,133.58,82974.766
2025-12-08T23:00:00+00:00,133.58,133.79,132.45,133.25,190080.012
2025-12-09T00:00:00+00:00,133.24,133.61,132.57,133.01,131933.777
2025-12-09T01:00:00+00:00,133.02,133.33,132.62,133.13,77130.353
2025-12-09T02:00:00+00:00,133.12,133.65,132.75,132.78,54685.37
2025-12-09T03:00:00+00:00,132.78,134.42,132.47,134.18,107067.975
2025-12-09T04:00:00+00:00,134.18,134.26,132.35,132.65,93745.613
2025-12-09T05:00:00+00:00,132.65,133.01,131.77,132.1,177954.036
2025-12-09T06:00:00+00:00,132.1,132.79,131.97,132.62,61276.838
2025-12-09T07:00:00+00:00,132.62,133.3,132.36,133.2,50977.06
2025-12-09T08:00:00+00:00,133.21,133.42,132.65,133.13,50733.662
2025-12-09T09:00:00+00:00,133.12,133.13,132.28,132.35,40993.688
2025-12-09T10:00:00+00:00,132.35,132.88,132.01,132.74,79391.492
2025-12-09T11:00:00+00:00,132.74,133.03,132.39,132.95,41928.739
2025-12-09T12:00:00+00:00,132.95,133.57,132.73,133.12,69236.117
2025-12-09T13:00:00+00:00,133.11,133.3,132.04,132.41,107504.857
2025-12-09T14:00:00+00:00,132.42,132.84,131.62,132.52,135781.992
2025-12-09T15:00:00+00:00,132.52,138.5,132.39,138.45,577463.725
2025-12-09T16:00:00+00:00,138.46,144.64,138.45,143.67,978402.245
2025-12-09T17:00:00+00:00,143.67,144.93,142.52,143.12,488200.086
2025-12-09T18:00:00+00:00,143.13,143.28,141.66,142.5,269251.092
2025-12-09T19:00:00+00:00,142.5,142.85,141.7,142.1,120789.594
2025-12-09T20:00:00+00:00,142.11,142.34,139.65,140.15,254594.743
2025-12-09T21:00:00+00:00,140.16,140.47,136.71,137.74,203852.62
2025-12-09T22:00:00+00:00,137.75,139.43,137.43,138.78,197348.523
2025-12-09T23:00:00+00:00,138.77,138.82,137.68,137.88,138277.837
2025-12-10T00:00:00+00:00,137.87,138.34,137.19,137.28,124047.366
2025-12-10T01:00:00+00:00,137.28,138.51,137.2,137.85,340280.124
2025-12-10T02:00:00+00:00,137.85,138.14,137.19,137.73,95954.937
2025-12-10T03:00:00+00:00,137.74,138.61,137.54,138.15,100622.957
2025-12-10T04:00:00+00:00,138.15,140.22,138.05,139.03,182167.271
2025-12-10T05:00:00+00:00,139.03,139.6,138.63,139.16,83138.223
2025-12-10T06:00:00+00:00,139.17,139.44,138.72,139.23,43677.367
2025-12-10T07:00:00+00:00,139.23,139.23,138.36,139.2,62306.612
2025-12-10T08:00:00+00:00,139.2,139.44,138.42,138.5,83487.149
2025-12-10T09:00:00+00:00,138.5,139.1,138.14,138.97,77100.062
2025-12-10T10:00:00+00:00,138.97,139.88,136.81,136.97,207333.154
2025-12-10T11:00:00+00:00,136.96,137.5,136.33,137.24,144892.302
2025-12-10T12:00:00+00:00,137.23,138.15,136.81,137.9,92081.601
2025-12-10T13:00:00+00:00,137.89,138.16,137.47,137.7,76103.025
2025-12-10T14:00:00+00:00,137.69,137.74,136.52,137.17,144101.458
2025-12-10T15:00:00+00:00,137.18,137.66,135.71,136.17,173675.218
2025-12-10T16:00:00+00:00,136.16,137.45,135.73,136.14,187027.491
2025-12-10T17:00:00+00:00,136.13,137.19,135.92,136.85,169330.678
2025-12-10T18:00:00+00:00,136.84,139.52,136.41,137.72,306007.087
2025-12-10T19:00:00+00:00,137.72,139.64,136.19,138.67,599151.421
2025-12-10T20:00:00+00:00,138.67,142.57,137.43,138.34,791126.484
2025-12-10T21:00:00+00:00,138.33,138.87,136.8,137.15,218565.98
2025-12-10T22:00:00+00:00,137.16,137.85,135.39,137.61,137587.931
2025-12-10T23:00:00+00:00,137.6,137.82,136.11,136.26,80464.378
2025-12-11T00:00:00+00:00,136.26,136.43,133.45,133.86,228643.027
2025-12-11T01:00:00+00:00,133.86,134.19,132.66,132.89,174931.902
2025-12-11T02:00:00+00:00,132.89,132.94,130.52,130.78,457794.039
2025-12-11T03:00:00+00:00,130.78,130.78,129.0,129.39,386650.022
2025-12-11T04:00:00+00:00,129.39,131.52,129.04,131.04,232060.312
2025-12-11T05:00:00+00:00,131.04,131.3,130.47,131.19,121709.082
2025-12-11T06:00:00+00:00,131.19,131.42,130.37,131.06,105175.52
2025-12-11T07:00:00+00:00,131.06,131.4,130.66,131.03,83938.722
2025-12-11T08:00:00+00:00,131.03,131.13,130.15,131.1,99287.831
2025-12-11T09:00:00+00:00,131.1,131.41,130.83,130.95,91863.943
2025-12-11T10:00:00+00:00,130.94,131.11,130.5,130.83,66541.631
2025-12-11T11:00:00+00:00,130.83,131.22,130.76,130.93,64281.744
2025-12-11T12:00:00+00:00,130.93,131.87,130.73,131.23,93567.131
2025-12-11T13:00:00+00:00,131.22,131.52,130.88,131.31,63568.31
2025-12-11T14:00:00+00:00,131.31,131.51,129.84,130.63,209484.402
2025-12-11T15:00:00+00:00,130.63,132.82,130.31,131.18,200128.338
2025-12-11T16:00:00+00:00,131.17,132.0,130.12,131.34,102105.985
2025-12-11T17:00:00+00:00,131.33,132.6,130.8,132.36,119635.503
2025-12-11T18:00:00+00:00,132.35,135.58,132.01,134.46,409025.786
2025-12-11T19:00:00+00:00,134.47,135.49,133.62,133.91,225786.506
2025-12-11T20:00:00+00:00,133.9,136.98,133.82,136.1,211236.702
2025-12-11T21:00:00+00:00,136.11,137.79,136.1,137.03,316532.882
2025-12-11T22:00:00+00:00,137.03,137.49,135.83,136.17,225673.078
2025-12-11T23:00:00+00:00,136.17,136.77,135.68,136.41,88074.638
2025-12-12T00:00:00+00:00,136.41,137.49,135.35,135.5,140105.203
2025-12-12T01:00:00+00:00,135.51,137.25,135.51,136.74,124114.818
2025-12-12T02:00:00+00:00,136.73,137.95,136.51,137.22,116214.265
2025-12-12T03:00:00+00:00,137.21,137.45,136.56,137.08,78799.819
2025-12-12T04:00:00+00:00,137.08,137.19,136.77,137.04,68751.428
2025-12-12T05:00:00+00:00,137.04,138.93,136.52,138.9,179135.535
2025-12-12T06:00:00+00:00,138.91,140.12,138.71,139.13,239723.125
2025-12-12T07:00:00+00:00,139.14,139.42,138.79,139.09,90951.486
2025-12-12T08:00:00+00:00,139.09,139.15,137.46,137.95,162531.202
2025-12-12T09:00:00+00:00,137.94,138.47,137.19,138.25,106624.385
2025-12-12T10:00:00+00:00,138.24,138.56,137.95,138.35,86799.442
2025-12-12T11:00:00+00:00,138.36,138.77,137.86,138.71,73823.255
2025-12-12T12:00:00+00:00,138.72,139.86,138.33,139.64,110230.662
2025-12-12T13:00:00+00:00,139.64,139.64,138.72,138.98,110526.808
2025-12-12T14:00:00+00:00,138.99,139.58,138.09,138.48,176109.192
2025-12-12T15:00:00+00:00,138.47,138.51,132.85,133.49,675688.087
2025-12-12T16:00:00+00:00,133.48,133.95,131.53,132.2,450201.63
2025-12-12T17:00:00+00:00,132.2,133.59,131.37,132.14,263303.923
2025-12-12T18:00:00+00:00,132.15,133.27,131.46,132.75,203825.059
2025-12-12T19:00:00+00:00,132.75,132.85,130.35,131.27,178943.401
2025-12-12T20:00:00+00:00,131.27,131.92,131.0,131.59,115012.642
2025-12-12T21:00:00+00:00,131.58,132.07,131.25,131.86,67609.124
2025-12-12T22:00:00+00:00,131.86,132.86,131.82,132.74,107617.153
2025-12-12T23:00:00+00:00,132.75,133.07,132.21,132.27,78966.618
2025-12-13T00:00:00+00:00,132.28,132.75,132.28,132.62,77336.031
2025-12-13T01:00:00+00:00,132.63,132.97,132.38,132.66,73299.289
2025-12-13T02:00:00+00:00,132.67,133.0,132.57,132.63,46279.634
2025-12-13T03:00:00+00:00,132.63,133.0,132.55,132.88,30080.437
2025-12-13T04:00:00+00:00,132.88,132.95,132.58,132.87,35002.122
2025-12-13T05:00:00+00:00,132.86,132.98,132.33,132.68,53956.857
2025-12-13T06:00:00+00:00,132.67,132.97,132.4,132.88,31017.803
2025-12-13T07:00:00+00:00,132.88,133.02,132.8,132.93,28184.894
2025-12-13T08:00:00+00:00,132.94,134.21,132.93,134.0,143165.639
2025-12-13T09:00:00+00:00,134.0,134.28,133.52,133.58,69687.365
2025-12-13T10:00:00+00:00,133.59,134.27,133.47,133.96,63912.338
2025-12-13T11:00:00+00:00,133.96,134.06,133.2,133.32,64691.284
2025-12-13T12:00:00+00:00,133.31,133.68,132.62,132.96,53952.935
2025-12-13T13:00:00+00:00,132.97,133.37,132.63,133.13,42959.868
2025-12-13T14:00:00+00:00,133.14,133.43,132.61,133.19,60761.842
2025-12-13T15:00:00+00:00,133.19,133.66,133.11,133.31,72561.237
2025-12-13T16:00:00+00:00,133.3,133.82,132.88,133.17,49668.65
2025-12-13T17:00:00+00:00,133.17,133.2,132.13,132.21,156908.136
2025-12-13T18:00:00+00:00,132.21,132.79,132.11,132.32,67540.991
2025-12-13T19:00:00+00:00,132.32,132.95,132.3,132.72,32105.655
2025-12-13T20:00:00+00:00,132.73,132.98,132.22,132.29,29243.273
2025-12-13T21:00:00+00:00,132.28,132.73,131.6,132.7,77836.132
2025-12-13T22:00:00+00:00,132.7,133.07,132.2,132.85,58628.374
2025-12-13T23:00:00+00:00,132.85,133.27,132.59,133.14,53702.949
2025-12-14T00:00:00+00:00,133.13,133.66,132.71,133.26,90723.407
2025-12-14T01:00:00+00:00,133.27,133.57,133.01,133.31,22442.872
2025-12-14T02:00:00+00:00,133.3,133.54,133.09,133.35,31142.657
2025-12-14T03:00:00+00:00,133.35,133.47,132.84,132.95,36256.077
2025-12-14T04:00:00+00:00,132.95,133.19,132.42,132.49,34080.841
2025-12-14T05:00:00+00:00,132.49,132.69,132.08,132.66,75660.187
2025-12-14T06:00:00+00:00,132.66,133.04,132.46,132.92,28830.814
2025-12-14T07:00:00+00:00,132.92,133.39,132.83,133.29,28413.23
2025-12-14T08:00:00+00:00,133.28,133.5,132.67,132.69,73454.401
2025-12-14T09:00:00+00:00,132.68,132.8,132.33,132.34,57177.31
2025-12-14T10:00:00+00:00,132.33,132.59,130.98,131.8,200109.285
2025-12-14T11:00:00+00:00,131.8,131.98,130.14,131.47,152416.354
2025-12-14T12:00:00+00:00,131.46,131.9,130.88,131.38,80797.062
2025-12-14T13:00:00+00:00,131.38,131.65,130.94,131.64,51900.833
2025-12-14T14:00:00+00:00,131.64,131.79,130.42,130.9,59571.11
2025-12-14T15:00:00+00:00,130.89,131.06,130.33,130.67,45214.435
2025-12-14T16:00:00+00:00,130.67,131.6,130.5,131.02,56464.967
2025-12-14T17:00:00+00:00,131.02,131.24,129.4,130.04,151996.633
2025-12-14T18:00:00+00:00,130.04,130.73,129.89,130.64,45145.613
2025-12-14T19:00:00+00:00,130.63,130.64,130.0,130.31,38429.111
2025-12-14T20:00:00+00:00,130.3,130.71,129.86,130.04,68699.112
2025-12-14T21:00:00+00:00,130.03,130.32,129.57,129.89,42527.44
2025-12-14T22:00:00+00:00,129.89,130.3,129.58,130.19,51409.045
2025-12-14T23:00:00+00:00,130.19,130.8,127.98,129.4,208751.841
2025-12-15T00:00:00+00:00,129.39,130.38,129.29,130.14,93547.4
2025-12-15T01:00:00+00:00,130.14,131.59,129.81,131.17,87035.374
2025-12-15T02:00:00+00:00,131.17,133.25,131.17,131.53,205586.311
2025-12-15T03:00:00+00:00,131.53,131.71,130.93,131.16,50659.997
2025-12-15T04:00:00+00:00,131.17,132.0,130.88,131.82,74916.787
2025-12-15T05:00:00+00:00,131.83,132.15,131.67,131.98,51082.245
2025-12-15T06:00:00+00:00,131.98,132.71,131.69,132.41,86380.985
2025-12-15T07:00:00+00:00,132.42,132.65,131.82,132.34,66388.442
2025-12-15T08:00:00+00:00,132.34,132.71,132.13,132.39,68974.719
2025-12-15T09:00:00+00:00,132.4,133.02,132.14,132.74,57055.973
2025-12-15T10:00:00+00:00,132.73,133.03,132.32,132.64,51911.349
2025-12-15T11:00:00+00:00,132.64,132.8,132.06,132.26,77651.495
2025-12-15T12:00:00+00:00,132.25,133.14,131.79,132.77,84917.128
2025-12-15T13:00:00+00:00,132.76,133.29,131.72,132.66,160328.652
2025-12-15T14:00:00+00:00,132.67,135.43,129.6,130.49,476708.472
2025-12-15T15:00:00+00:00,130.48,130.6,126.45,126.89,713478.624
2025-12-15T16:00:00+00:00,126.89,127.3,125.57,126.48,325704.662
2025-12-15T17:00:00+00:00,126.49,126.78,124.51,124.94,244364.057
2025-12-15T18:00:00+00:00,124.93,125.29,123.63,124.89,206717.639
2025-12-15T19:00:00+00:00,124.89,125.85,124.68,125.02,219099.535
2025-12-15T20:00:00+00:00,125.01,125.62,123.88,125.0,197066.679
2025-12-15T21:00:00+00:00,125.0,126.44,124.96,125.85,129629.747
2025-12-15T22:00:00+00:00,125.86,126.42,125.6,126.37,77418.026
2025-12-15T23:00:00+00:00,126.38,127.87,126.3,127.81,115806.702
2025-12-16T00:00:00+00:00,127.81,128.03,126.14,126.2,118382.961
2025-12-16T01:00:00+00:00,126.2,126.86,125.54,126.37,103837.069
2025-12-16T02:00:00+00:00,126.38,127.34,125.95,126.76,64733.645
2025-12-16T03:00:00+00:00,126.77,126.94,124.94,126.51,91693.529
2025-12-16T04:00:00+00:00,126.5,126.8,124.87,126.13,106519.599
2025-12-16T05:00:00+00:00,126.12,126.69,125.92,126.39,70907.226
2025-12-16T06:00:00+00:00,126.4,127.48,126.3,127.34,65033.567
2025-12-16T07:00:00+00:00,127.35,127.4,125.55,125.57,70942.935
2025-12-16T08:00:00+00:00,125.57,126.61,125.43,126.0,86247.055
2025-12-16T09:00:00+00:00,125.99,126.5,125.9,126.29,63073.32
2025-12-16T10:00:00+00:00,126.3,128.87,126.14,128.46,149600.918
2025-12-16T11:00:00+00:00,128.46,129.04,127.94,128.63,143255.845
2025-12-16T12:00:00+00:00,128.62,128.99,128.23,128.63,89149.627
2025-12-16T13:00:00+00:00,128.64,129.9,126.77,126.77,259611.98
2025-12-16T14:00:00+00:00,126.78,129.8,126.11,128.57,399245.369
2025-12-16T15:00:00+00:00,128.58,130.14,127.27,129.75,216346.145
2025-12-16T16:00:00+00:00,129.75,129.85,127.77,128.33,171956.817
2025-12-16T17:00:00+00:00,128.33,128.59,127.13,127.27,97656.937
2025-12-16T18:00:00+00:00,127.27,128.61,126.97,128.03,130625.462
2025-12-16T19:00:00+00:00,128.02,128.09,126.77,127.73,90369.237
2025-12-16T20:00:00+00:00,127.72,128.93,127.43,128.42,104872.398
2025-12-16T21:00:00+00:00,128.41,128.73,127.99,128.48,57537.469
2025-12-16T22:00:00+00:00,128.47,129.0,128.27,128.61,51838.891
2025-12-16T23:00:00+00:00,128.61,129.52,128.16,129.15,81345.997
2025-12-17T00:00:00+00:00,129.15,129.16,128.26,128.91,58279.876
2025-12-17T01:00:00+00:00,128.91,129.82,128.76,129.19,68442.12
2025-12-17T02:00:00+00:00,129.18,129.5,128.45,129.29,85791.883
2025-12-17T03:00:00+00:00,129.3,129.64,128.21,128.24,62167.346
2025-12-17T04:00:00+00:00,128.25,128.46,127.43,127.87,68742.926
2025-12-17T05:00:00+00:00,127.86,128.09,127.02,127.62,58618.593
2025-12-17T06:00:00+00:00,127.61,128.01,127.57,127.76,33550.566
2025-12-17T07:00:00+00:00,127.76,128.57,127.64,128.27,52066.856
2025-12-17T08:00:00+00:00,128.26,128.26,126.8,126.92,72606.734
2025-12-17T09:00:00+00:00,126.92,127.03,125.96,126.75,77685.204
2025-12-17T10:00:00+00:00,126.74,126.95,126.28,126.58,72126.437
2025-12-17T11:00:00+00:00,126.58,127.93,126.5,127.62,125998.954
2025-12-17T12:00:00+00:00,127.62,128.17,127.39,127.97,146429.615
2025-12-17T13:00:00+00:00,127.97,129.45,127.57,129.22,163492.84
2025-12-17T14:00:00+00:00,129.22,132.7,126.98,132.62,566043.652
2025-12-17T15:00:00+00:00,132.62,133.99,126.58,126.77,875827.745
2025-12-17T16:00:00+00:00,126.76,127.98,123.8,124.9,521515.458
2025-12-17T17:00:00+00:00,124.91,125.21,122.55,123.06,470586.688
2025-12-17T18:00:00+00:00,123.06,123.99,121.7,122.1,318093.534
2025-12-17T19:00:00+00:00,122.11,122.5,121.36,122.39,199425.937
2025-12-17T20:00:00+00:00,122.39,123.76,122.03,123.0,188951.009
2025-12-17T21:00:00+00:00,122.99,123.11,121.95,122.44,77424.004
2025-12-17T22:00:00+00:00,122.43,123.55,122.07,123.46,91171.051
2025-12-17T23:00:00+00:00,123.47,123.5,122.8,123.27,70541.188
2025-12-18T00:00:00+00:00,123.28,123.77,123.03,123.67,71622.04
2025-12-18T01:00:00+00:00,123.67,123.79,122.98,123.38,57775.656
2025-12-18T02:00:00+00:00,123.38,124.16,123.08,123.71,72167.871
2025-12-18T03:00:00+00:00,123.7,123.97,123.03,123.65,67456.177
2025-12-18T04:00:00+00:00,123.64,124.13,123.58,123.66,67148.987
2025-12-18T05:00:00+00:00,123.66,123.66,122.35,122.41,101276.071
2025-12-18T06:00:00+00:00,122.41,122.87,122.21,122.8,43005.732
2025-12-18T07:00:00+00:00,122.8,123.4,122.44,122.83,62723.995
2025-12-18T08:00:00+00:00,122.83,123.4,122.46,123.03,71597.411
2025-12-18T09:00:00+00:00,123.03,123.91,122.65,123.7,53414.929
2025-12-18T10:00:00+00:00,123.7,124.15,123.38,123.93,88700.865
2025-12-18T11:00:00+00:00,123.94,124.07,123.2,124.07,94367.156
2025-12-18T12:00:00+00:00,124.07,124.52,123.65,123.94,73719.744
2025-12-18T13:00:00+00:00,123.95,126.88,123.95,126.39,406020.752
2025-12-18T14:00:00+00:00,126.39,127.92,124.7,125.88,449698.453
2025-12-18T15:00:00+00:00,125.88,129.05,125.61,127.4,487285.408
2025-12-18T16:00:00+00:00,127.41,127.5,126.08,126.86,208349.101
2025-12-18T17:00:00+00:00,126.86,126.9,120.58,122.97,660882.905
2025-12-18T18:00:00+00:00,122.97,123.95,121.2,121.54,220249.198
2025-12-18T19:00:00+00:00,121.54,121.64,117.44,117.56,635632.84
2025-12-18T20:00:00+00:00,117.55,119.0,116.88,117.21,258661.055
2025-12-18T21:00:00+00:00,117.21,120.2,117.08,120.1,323590.137
2025-12-18T22:00:00+00:00,120.1,120.12,119.17,119.8,107842.471
2025-12-18T23:00:00+00:00,119.8,119.97,119.31,119.6,107606.054
2025-12-19T00:00:00+00:00,119.6,119.88,117.9,118.44,94440.456
2025-12-19T01:00:00+00:00,118.44,118.57,117.61,118.38,103343.311
2025-12-19T02:00:00+00:00,118.37,119.22,117.9,118.96,80736.44
2025-12-19T03:00:00+00:00,118.96,122.54,118.9,121.59,342028.029
2025-12-19T04:00:00+00:00,121.58,123.04,121.35,122.83,177459.126
2025-12-19T05:00:00+00:00,122.84,123.38,121.75,122.63,195471.2
2025-12-19T06:00:00+00:00,122.62,123.65,122.17,123.43,133101.563
2025-12-19T07:00:00+00:00,123.43,125.34,123.43,124.44,260728.994
2025-12-19T08:00:00+00:00,124.43,125.61,123.86,124.97,142191.811
2025-12-19T09:00:00+00:00,124.96,125.08,124.38,124.72,98500.633
2025-12-19T10:00:00+00:00,124.72,125.02,124.52,124.74,86019.482
2025-12-19T11:00:00+00:00,124.75,125.74,124.67,125.36,103253.769
2025-12-19T12:00:00+00:00,125.36,126.18,124.91,125.79,144520.934
2025-12-19T13:00:00+00:00,125.79,126.52,125.61,125.91,169336.311
2025-12-19T14:00:00+00:00,125.91,126.91,124.68,126.02,348124.076
2025-12-19T15:00:00+00:00,126.02,127.66,124.78,125.09,370593.409
2025-12-19T16:00:00+00:00,125.09,126.97,124.85,125.28,208255.933
2025-12-19T17:00:00+00:00,125.29,126.14,123.65,123.65,233510.906
2025-12-19T18:00:00+00:00,123.65,125.36,123.59,124.79,153279.947
2025-12-19T19:00:00+00:00,124.79,126.64,124.79,126.25,192582.114
2025-12-19T20:00:00+00:00,126.25,127.87,126.08,127.18,193123.833
2025-12-19T21:00:00+00:00,127.18,127.38,126.48,126.79,167995.93
2025-12-19T22:00:00+00:00,126.8,127.35,126.76,126.87,60437.3
2025-12-19T23:00:00+00:00,126.86,126.86,126.14,126.27,31513.085
2025-12-20T00:00:00+00:00,126.27,126.35,125.62,125.8,57469.96
2025-12-20T01:00:00+00:00,125.8,126.03,125.52,125.55,47806.2
2025-12-20T02:00:00+00:00,125.56,126.18,125.3,125.84,63943.491
2025-12-20T03:00:00+00:00,125.84,126.49,125.51,126.21,42248.752
2025-12-20T04:00:00+00:00,126.21,126.48,125.87,126.26,61344.113
2025-12-20T05:00:00+00:00,126.26,126.69,126.09,126.38,47780.856
2025-12-20T06:00:00+00:00,126.39,126.68,126.23,126.28,18904.671
2025-12-20T07:00:00+00:00,126.29,126.37,125.94,126.17,43120.025
2025-12-20T08:00:00+00:00,126.18,126.89,126.11,126.47,69129.256
2025-12-20T09:00:00+00:00,126.47,126.75,126.22,126.27,40771.352
2025-12-20T10:00:00+00:00,126.27,126.4,126.0,126.05,41533.76
2025-12-20T11:00:00+00:00,126.05,126.5,125.87,126.47,34074.052
2025-12-20T12:00:00+00:00,126.47,126.48,126.08,126.29,20545.755
2025-12-20T13:00:00+00:00,126.28,126.4,125.45,126.14,100840.478
2025-12-20T14:00:00+00:00,126.13,126.41,125.57,126.37,88765.775
2025-12-20T15:00:00+00:00,126.38,126.67,126.0,126.58,88902.258
2025-12-20T16:00:00+00:00,126.59,126.71,126.11,126.3,58393.367
2025-12-20T17:00:00+00:00,126.3,126.47,125.98,126.02,33810.159
2025-12-20T18:00:00+00:00,126.02,126.14,125.75,126.0,53065.934
2025-12-20T19:00:00+00:00,126.01,126.19,125.77,126.05,26044.26
2025-12-20T20:00:00+00:00,126.05,126.46,125.92,126.45,40197.562
2025-12-20T21:00:00+00:00,126.46,126.55,126.25,126.33,63595.397
2025-12-20T22:00:00+00:00,126.34,126.39,125.76,126.03,47223.935
2025-12-20T23:00:00+00:00,126.02,126.08,125.63,125.81,39842.218
2025-12-21T00:00:00+00:00,125.8,126.11,125.7,126.03,39559.209
2025-12-21T01:00:00+00:00,126.03,126.03,125.07,125.09,106423.453
2025-12-21T02:00:00+00:00,125.1,125.36,124.68,124.89,103474.623
2025-12-21T03:00:00+00:00,124.89,125.55,124.84,125.22,52683.905
2025-12-21T04:00:00+00:00,125.22,125.43,125.15,125.19,26369.53
2025-12-21T05:00:00+00:00,125.19,125.48,125.07,125.28,17133.777
2025-12-21T06:00:00+00:00,125.29,125.49,125.13,125.41,15006.071
2025-12-21T07:00:00+00:00,125.42,125.54,125.2,125.3,29758.015
2025-12-21T08:00:00+00:00,125.29,125.93,124.8,125.57,79141.28
2025-12-21T09:00:00+00:00,125.57,126.6,125.47,126.28,106855.852
2025-12-21T10:00:00+00:00,126.29,126.62,125.61,125.83,67771.224
2025-12-21T11:00:00+00:00,125.83,125.88,125.33,125.48,84794.581
2025-12-21T12:00:00+00:00,125.47,126.06,125.1,125.58,107013.245
2025-12-21T13:00:00+00:00,125.58,125.6,123.4,123.64,227140.654
2025-12-21T14:00:00+00:00,123.63,124.7,123.51,124.42,68573.493
2025-12-21T15:00:00+00:00,124.42,125.26,123.95,125.05,86476.466
2025-12-21T16:00:00+00:00,125.05,125.62,124.8,125.5,141521.322
2025-12-21T17:00:00+00:00,125.49,126.35,125.39,125.5,137953.399
2025-12-21T18:00:00+00:00,125.5,125.51,124.37,125.14,67214.843
2025-12-21T19:00:00+00:00,125.15,125.88,125.07,125.67,46187.037
2025-12-21T20:00:00+00:00,125.67,125.79,125.32,125.36,47569.361
2025-12-21T21:00:00+00:00,125.35,125.38,124.7,124.89,29048.111
2025-12-21T22:00:00+00:00,124.88,125.91,124.79,125.82,48174.899
2025-12-21T23:00:00+00:00,125.83,126.3,125.51,126.03,76258.839
2025-12-22T00:00:00+00:00,126.03,128.56,125.99,126.26,277034.915
2025-12-22T01:00:00+00:00,126.25,127.33,125.8,126.03,104004.97
2025-12-22T02:00:00+00:00,126.02,126.06,124.5,125.23,164700.388
2025-12-22T03:00:00+00:00,125.23,126.54,124.93,126.02,87742.517
2025-12-22T04:00:00+00:00,126.02,126.73,125.82,126.53,78084.283
2025-12-22T05:00:00+00:00,126.53,126.7,126.07,126.33,37107.494
2025-12-22T06:00:00+00:00,126.33,126.56,125.74,125.74,36998.281
2025-12-22T07:00:00+00:00,125.74,126.51,125.56,126.31,57855.394
2025-12-22T08:00:00+00:00,126.3,127.38,125.61,125.64,101706.766
2025-12-22T09:00:00+00:00,125.64,126.38,125.49,126.23,78994.638
2025-12-22T10:00:00+00:00,126.23,126.91,125.88,126.72,71895.198
2025-12-22T11:00:00+00:00,126.72,127.46,126.37,127.01,71145.572
2025-12-22T12:00:00+00:00,127.0,127.72,126.68,126.99,105964.452
2025-12-22T13:00:00+00:00,126.99,127.14,126.32,127.02,83423.587
2025-12-22T14:00:00+00:00,127.03,128.3,126.51,127.84,239807.599
2025-12-22T15:00:00+00:00,127.85,128.78,126.45,128.07,170653.369
2025-12-22T16:00:00+00:00,128.07,128.37,127.13,127.24,139465.013
2025-12-22T17:00:00+00:00,127.23,127.31,126.46,126.91,107949.539
2025-12-22T18:00:00+00:00,126.91,127.5,126.34,126.51,68714.562
2025-12-22T19:00:00+00:00,126.5,126.51,124.64,124.66,228074.519
2025-12-22T20:00:00+00:00,124.66,125.29,124.2,124.43,148023.699
2025-12-22T21:00:00+00:00,124.43,125.59,124.35,125.16,82820.408
2025-12-22T22:00:00+00:00,125.16,126.03,125.0,125.86,75228.808
2025-12-22T23:00:00+00:00,125.87,125.97,125.43,125.93,50193.175
2025-12-23T00:00:00+00:00,125.93,126.93,125.78,126.73,80459.736
2025-12-23T01:00:00+00:00,126.73,126.81,125.93,126.2,36598.014
2025-12-23T02:00:00+00:00,126.19,126.63,125.47,125.64,59157.232
2025-12-23T03:00:00+00:00,125.64,126.15,124.9,125.63,97454.636
2025-12-23T04:00:00+00:00,125.62,126.08,125.41,125.43,39430.56
2025-12-23T05:00:00+00:00,125.42,125.52,124.58,124.99,56766.792
2025-12-23T06:00:00+00:00,124.99,125.28,124.14,124.34,106141.244
2025-12-23T07:00:00+00:00,124.34,124.62,123.77,124.19,132272.982
2025-12-23T08:00:00+00:00,124.19,124.64,124.02,124.19,77054.277
2025-12-23T09:00:00+00:00,124.19,124.38,123.93,124.16,55600.812
2025-12-23T10:00:00+00:00,124.16,124.88,124.11,124.83,43832.038
2025-12-23T11:00:00+00:00,124.84,125.23,124.72,124.86,62405.826
2025-12-23T12:00:00+00:00,124.85,124.93,123.95,124.16,72471.659
2025-12-23T13:00:00+00:00,124.17,124.64,122.74,123.34,213343.181
2025-12-23T14:00:00+00:00,123.34,123.75,122.16,122.68,219549.423
2025-12-23T15:00:00+00:00,122.67,123.51,122.38,123.37,119655.117
2025-12-23T16:00:00+00:00,123.36,124.94,123.0,124.62,257410.432
2025-12-23T17:00:00+00:00,124.62,124.84,122.78,122.85,181423.637
2025-12-23T18:00:00+00:00,122.85,124.17,122.84,123.99,97184.195
2025-12-23T19:00:00+00:00,123.99,124.55,123.49,123.99,55844.952
2025-12-23T20:00:00+00:00,123.99,125.65,123.46,124.7,118930.835
2025-12-23T21:00:00+00:00,124.71,124.77,123.95,124.29,133981.714
2025-12-23T22:00:00+00:00,124.28,124.51,123.58,123.87,49328.188
2025-12-23T23:00:00+00:00,123.87,124.16,123.46,124.01,73733.39
2025-12-24T00:00:00+00:00,124.02,124.3,123.58,123.86,39808.482
2025-12-24T01:00:00+00:00,123.87,124.21,122.94,123.11,65608.425
2025-12-24T02:00:00+00:00,123.11,123.13,121.78,122.31,112441.957
2025-12-24T03:00:00+00:00,122.31,122.81,121.76,122.72,70645.336
2025-12-24T04:00:00+00:00,122.71,123.06,121.51,121.63,95278.414
2025-12-24T05:00:00+00:00,121.63,122.03,121.14,121.47,75664.775
2025-12-24T06:00:00+00:00,121.48,121.59,120.63,121.59,80036.468
2025-12-24T07:00:00+00:00,121.59,121.87,121.29,121.31,45217.012
2025-12-24T08:00:00+00:00,121.32,121.67,121.11,121.4,62356.834
2025-12-24T09:00:00+00:00,121.4,121.75,121.3,121.43,46439.797
2025-12-24T10:00:00+00:00,121.42,122.23,121.39,121.76,58376.406
2025-12-24T11:00:00+00:00,121.76,122.22,121.76,122.04,56461.979
2025-12-24T12:00:00+00:00,122.04,122.55,121.92,122.45,47838.978
2025-12-24T13:00:00+00:00,122.45,122.45,121.74,121.96,38816.723
2025-12-24T14:00:00+00:00,121.96,122.3,120.7,121.48,118538.098
2025-12-24T15:00:00+00:00,121.48,122.94,121.3,122.73,129322.337
2025-12-24T16:00:00+00:00,122.73,123.46,122.41,122.71,131529.803
2025-12-24T17:00:00+00:00,122.7,122.98,121.98,122.03,61306.094
2025-12-24T18:00:00+00:00,122.04,122.7,121.77,122.47,46488.24
2025-12-24T19:00:00+00:00,122.47,122.86,121.98,122.86,43426.147
2025-12-24T20:00:00+00:00,122.86,123.12,122.6,122.67,65042.93
2025-12-24T21:00:00+00:00,122.67,123.1,122.62,123.01,45804.919
2025-12-24T22:00:00+00:00,123.01,123.4,122.92,123.31,38206.372
2025-12-24T23:00:00+00:00,123.31,123.34,122.47,122.53,30793.972
2025-12-25T00:00:00+00:00,122.52,122.7,122.09,122.17,33294.188
2025-12-25T01:00:00+00:00,122.17,122.78,122.14,122.74,24940.511
2025-12-25T02:00:00+00:00,122.75,123.15,122.46,123.04,30222.317
2025-12-25T03:00:00+00:00,123.05,123.15,122.55,122.7,36077.607
2025-12-25T04:00:00+00:00,122.7,122.86,122.61,122.78,18242.846
2025-12-25T05:00:00+00:00,122.78,122.78,122.22,122.37,54746.235
2025-12-25T06:00:00+00:00,122.37,122.51,122.18,122.46,65837.895
2025-12-25T07:00:00+00:00,122.46,122.47,122.1,122.27,53225.38
2025-12-25T08:00:00+00:00,122.27,122.65,121.62,122.09,94932.638
2025-12-25T09:00:00+00:00,122.09,122.17,121.78,122.09,40925.843
2025-12-25T10:00:00+00:00,122.09,122.09,121.31,121.55,56400.797
2025-12-25T11:00:00+00:00,121.55,121.86,121.51,121.65,29589.433
2025-12-25T12:00:00+00:00,121.65,122.06,121.58,122.06,23927.846
2025-12-25T13:00:00+00:00,122.05,122.35,121.67,122.07,47759.611
2025-12-25T14:00:00+00:00,122.06,122.34,121.77,122.12,35860.822
2025-12-25T15:00:00+00:00,122.12,124.1,121.88,123.68,196836.339
2025-12-25T16:00:00+00:00,123.68,124.46,123.35,123.53,256356.369
2025-12-25T17:00:00+00:00,123.52,123.62,122.8,123.07,70494.49
2025-12-25T18:00:00+00:00,123.08,124.18,123.07,124.01,94345.887
2025-12-25T19:00:00+00:00,124.02,124.08,123.35,123.47,35425.619
2025-12-25T20:00:00+00:00,123.47,123.5,122.96,123.31,32185.81
2025-12-25T21:00:00+00:00,123.3,123.52,123.12,123.21,27306.564
2025-12-25T22:00:00+00:00,123.22,123.45,121.4,121.82,88061.317
2025-12-25T23:00:00+00:00,121.81,122.12,119.71,120.06,371328.784
2025-12-26T00:00:00+00:00,120.05,120.34,119.24,120.33,179799.185
2025-12-26T01:00:00+00:00,120.34,121.18,120.19,120.81,164884.989
2025-12-26T02:00:00+00:00,120.81,124.39,120.81,123.47,514404.853
2025-12-26T03:00:00+00:00,123.47,123.74,122.48,122.67,180765.884
2025-12-26T04:00:00+00:00,122.67,122.99,121.8,122.85,92107.861
2025-12-26T05:00:00+00:00,122.85,123.49,122.67,123.29,52100.308
2025-12-26T06:00:00+00:00,123.3,123.79,123.3,123.48,91728.153
2025-12-26T07:00:00+00:00,123.48,123.99,122.57,122.72,149239.387
2025-12-26T08:00:00+00:00,122.71,123.13,122.29,122.69,153212.18
2025-12-26T09:00:00+00:00,122.69,124.13,122.53,123.68,140144.216
2025-12-26T10:00:00+00:00,123.69,123.92,123.44,123.75,86920.083
2025-12-26T11:00:00+00:00,123.76,123.93,123.34,123.84,66920.442
2025-12-26T12:00:00+00:00,123.83,124.2,123.76,123.96,60970.449
2025-12-26T13:00:00+00:00,123.97,125.14,123.87,124.89,143919.779
2025-12-26T14:00:00+00:00,124.9,124.98,122.07,122.24,298026.109
2025-12-26T15:00:00+00:00,122.23,122.23,120.45,121.55,417737.338
2025-12-26T16:00:00+00:00,121.55,122.26,121.17,121.24,93943.029
2025-12-26T17:00:00+00:00,121.25,122.4,121.24,121.85,102740.0
2025-12-26T18:00:00+00:00,121.85,122.22,121.74,122.07,69756.434
2025-12-26T19:00:00+00:00,122.07,122.4,121.74,122.15,73995.855
2025-12-26T20:00:00+00:00,122.16,122.67,121.9,122.41,72974.682
2025-12-26T21:00:00+00:00,122.42,122.64,122.05,122.07,51803.023
2025-12-26T22:00:00+00:00,122.07,122.45,121.82,122.45,39801.321
2025-12-26T23:00:00+00:00,122.45,122.57,122.18,122.26,28621.002
2025-12-27T00:00:00+00:00,122.27,122.38,121.91,122.09,100676.431
2025-12-27T01:00:00+00:00,122.09,122.32,121.86,122.31,46724.199
2025-12-27T02:00:00+00:00,122.32,122.44,122.13,122.33,23006.812
2025-12-27T03:00:00+00:00,122.33,123.8,122.29,123.67,170513.033
2025-12-27T04:00:00+00:00,123.67,123.74,122.9,122.99,66207.165
2025-12-27T05:00:00+00:00,122.99,123.29,122.97,123.17,40541.743
2025-12-27T06:00:00+00:00,123.18,123.18,122.77,123.03,26167.47
2025-12-27T07:00:00+00:00,123.04,123.44,123.03,123.16,25476.394
2025-12-27T08:00:00+00:00,123.15,123.34,122.83,122.84,30277.217
2025-12-27T09:00:00+00:00,122.84,123.22,122.83,123.0,33476.38
2025-12-27T10:00:00+00:00,123.0,123.13,122.51,122.88,35012.053
2025-12-27T11:00:00+00:00,122.89,123.21,122.84,122.99,31583.751
2025-12-27T12:00:00+00:00,122.98,123.21,122.75,122.89,23413.828
2025-12-27T13:00:00+00:00,122.89,123.3,122.74,123.0,39170.128
2025-12-27T14:00:00+00:00,123.01,123.35,122.85,123.33,24686.751
2025-12-27T15:00:00+00:00,123.33,123.66,123.15,123.31,41184.886
2025-12-27T16:00:00+00:00,123.32,123.44,122.93,122.97,41362.133
2025-12-27T17:00:00+00:00,122.97,123.45,122.76,123.38,89372.775
2025-12-27T18:00:00+00:00,123.38,123.45,123.0,123.22,43468.3
2025-12-27T19:00:00+00:00,123.21,123.45,123.05,123.28,27777.749
2025-12-27T20:00:00+00:00,123.27,123.81,123.27,123.59,85884.048
2025-12-27T21:00:00+00:00,123.59,124.58,123.58,124.55,108600.632
2025-12-27T22:00:00+00:00,124.55,124.97,123.67,123.91,119901.754
2025-12-27T23:00:00+00:00,123.91,125.08,123.91,124.73,83316.48
2025-12-28T00:00:00+00:00,124.74,124.9,124.28,124.38,52007.2
2025-12-28T01:00:00+00:00,124.37,124.62,123.96,123.98,59759.427
2025-12-28T02:00:00+00:00,123.98,124.41,123.9,124.22,43172.703
2025-12-28T03:00:00+00:00,124.23,124.3,123.96,124.13,33317.814
2025-12-28T04:00:00+00:00,124.12,124.32,124.0,124.1,23922.35
2025-12-28T05:00:00+00:00,124.1,124.1,123.61,123.78,35443.599
2025-12-28T06:00:00+00:00,123.78,124.22,123.75,124.11,30007.095
2025-12-28T07:00:00+00:00,124.12,124.34,123.84,124.23,43250.853
2025-12-28T08:00:00+00:00,124.23,124.69,124.17,124.28,55644.183
2025-12-28T09:00:00+00:00,124.28,124.4,124.0,124.08,39324.703
2025-12-28T10:00:00+00:00,124.08,124.63,124.02,124.52,68337.501
2025-12-28T11:00:00+00:00,124.51,124.84,124.4,124.65,47339.01
2025-12-28T12:00:00+00:00,124.65,124.78,124.38,124.42,39070.627
2025-12-28T13:00:00+00:00,124.42,124.8,124.3,124.63,60035.758
2025-12-28T14:00:00+00:00,124.63,124.99,124.5,124.56,64849.175
2025-12-28T15:00:00+00:00,124.57,125.03,124.42,124.44,82373.837
2025-12-28T16:00:00+00:00,124.44,124.67,124.18,124.3,70536.779
2025-12-28T17:00:00+00:00,124.3,124.77,124.3,124.46,38039.766
2025-12-28T18:00:00+00:00,124.45,124.52,123.13,123.14,266982.692
2025-12-28T19:00:00+00:00,123.13,123.64,123.08,123.3,151668.585
2025-12-28T20:00:00+00:00,123.3,123.69,123.1,123.43,32381.846
2025-12-28T21:00:00+00:00,123.43,123.86,123.3,123.86,125940.733
2025-12-28T22:00:00+00:00,123.86,124.34,123.53,124.24,163285.639
2025-12-28T23:00:00+00:00,124.24,125.64,123.93,125.27,202268.576
2025-12-29T00:00:00+00:00,125.27,128.18,125.01,127.01,380941.766
2025-12-29T01:00:00+00:00,127.0,130.16,126.23,128.72,575234.092
2025-12-29T02:00:00+00:00,128.73,129.49,128.17,128.73,265044.489
2025-12-29T03:00:00+00:00,128.74,129.52,128.5,128.58,349636.739
2025-12-29T04:00:00+00:00,128.58,129.15,128.22,128.57,188780.979
2025-12-29T05:00:00+00:00,128.57,128.58,127.59,127.72,138116.358
2025-12-29T06:00:00+00:00,127.72,128.07,127.5,127.78,94853.89
2025-12-29T07:00:00+00:00,127.79,127.99,127.2,127.88,119032.276
2025-12-29T08:00:00+00:00,127.88,128.47,127.71,127.9,130710.747
2025-12-29T09:00:00+00:00,127.9,128.0,125.41,126.07,230033.385
2025-12-29T10:00:00+00:00,126.07,126.37,125.5,125.69,167720.609
2025-12-29T11:00:00+00:00,125.68,125.68,125.01,125.08,115690.94
2025-12-29T12:00:00+00:00,125.08,125.41,122.91,123.71,380665.788
2025-12-29T13:00:00+00:00,123.72,124.12,122.96,123.27,191311.756
2025-12-29T14:00:00+00:00,123.26,124.55,122.36,123.45,304561.716
2025-12-29T15:00:00+00:00,123.45,124.13,123.15,123.44,85320.439
2025-12-29T16:00:00+00:00,123.43,123.73,122.63,123.48,122580.719
2025-12-29T17:00:00+00:00,123.48,123.9,123.02,123.9,77258.227
2025-12-29T18:00:00+00:00,123.89,123.98,122.98,123.13,79755.991
2025-12-29T19:00:00+00:00,123.13,123.51,122.86,123.06,87138.035
2025-12-29T20:00:00+00:00,123.07,123.62,122.86,123.34,96413.858
2025-12-29T21:00:00+00:00,123.33,123.59,123.16,123.45,31609.448
2025-12-29T22:00:00+00:00,123.45,123.61,123.18,123.43,34345.992
2025-12-29T23:00:00+00:00,123.43,123.6,123.2,123.28,60836.866
2025-12-30T00:00:00+00:00,123.28,123.34,122.9,123.1,38407.421
2025-12-30T01:00:00+00:00,123.11,123.46,122.76,123.19,51325.613
2025-12-30T02:00:00+00:00,123.2,123.26,122.58,122.99,50964.322
2025-12-30T03:00:00+00:00,123.0,123.93,122.76,123.8,71593.015
2025-12-30T04:00:00+00:00,123.79,124.22,123.6,123.95,135577.887
2025-12-30T05:00:00+00:00,123.95,124.02,123.2,123.42,41703.051
2025-12-30T06:00:00+00:00,123.42,124.06,123.38,123.91,35100.585
2025-12-30T07:00:00+00:00,123.91,124.35,123.8,124.02,80365.822
2025-12-30T08:00:00+00:00,124.02,125.15,124.0,124.81,162877.116
2025-12-30T09:00:00+00:00,124.81,125.09,124.4,124.84,84828.712
2025-12-30T10:00:00+00:00,124.84,124.98,124.48,124.58,43627.664
2025-12-30T11:00:00+00:00,124.59,124.65,124.02,124.3,108012.196
2025-12-30T12:00:00+00:00,124.29,124.65,124.1,124.28,83284.086
2025-12-30T13:00:00+00:00,124.28,124.44,123.92,124.27,124177.433
2025-12-30T14:00:00+00:00,124.27,125.35,123.54,125.03,180905.315
2025-12-30T15:00:00+00:00,125.03,125.26,124.03,125.16,173208.59
2025-12-30T16:00:00+00:00,125.16,126.52,124.88,125.67,250474.895
2025-12-30T17:00:00+00:00,125.67,126.0,124.43,124.71,124562.186
2025-12-30T18:00:00+00:00,124.7,124.72,124.2,124.54,167839.315
2025-12-30T19:00:00+00:00,124.53,124.81,123.78,124.71,153043.936
2025-12-30T20:00:00+00:00,124.71,124.82,123.86,124.03,61687.343
2025-12-30T21:00:00+00:00,124.03,124.2,123.5,123.99,104400.793
2025-12-30T22:00:00+00:00,123.99,124.6,123.89,124.44,51056.777
2025-12-30T23:00:00+00:00,124.43,125.14,124.3,125.01,101607.443
2025-12-31T00:00:00+00:00,125.02,125.07,124.41,124.95,117447.451
2025-12-31T01:00:00+00:00,124.94,125.95,124.83,125.54,122215.05
2025-12-31T02:00:00+00:00,125.53,126.09,125.32,126.01,83863.547
2025-12-31T03:00:00+00:00,126.02,126.09,125.17,125.82,62020.678
2025-12-31T04:00:00+00:00,125.81,125.96,125.38,125.46,54301.3
2025-12-31T05:00:00+00:00,125.46,125.77,125.41,125.64,29055.183
2025-12-31T06:00:00+00:00,125.65,126.1,125.6,125.89,57404.102
2025-12-31T07:00:00+00:00,125.9,126.05,125.65,125.99,63422.001
2025-12-31T08:00:00+00:00,125.99,126.3,125.44,125.57,63080.407
2025-12-31T09:00:00+00:00,125.57,126.4,125.56,126.3,51221.997
2025-12-31T10:00:00+00:00,126.3,126.42,126.0,126.4,73234.422
2025-12-31T11:00:00+00:00,126.39,126.85,126.23,126.73,66739.267
2025-12-31T12:00:00+00:00,126.73,126.77,126.07,126.18,43606.797
2025-12-31T13:00:00+00:00,126.19,126.51,125.95,126.29,59678.577
2025-12-31T14:00:00+00:00,126.29,127.44,125.38,125.79,157292.319
2025-12-31T15:00:00+00:00,125.79,125.84,125.01,125.59,223799.356
2025-12-31T16:00:00+00:00,125.58,125.74,124.31,124.84,106785.748
2025-12-31T17:00:00+00:00,124.84,125.24,124.57,125.04,74452.503
2025-12-31T18:00:00+00:00,125.05,125.53,124.64,124.79,76853.628
2025-12-31T19:00:00+00:00,124.79,125.22,124.37,124.39,65445.261
2025-12-31T20:00:00+00:00,124.38,132.75,122.99,124.19,1058788.321
2025-12-31T21:00:00+00:00,124.19,124.48,123.98,124.46,90506.438
2025-12-31T22:00:00+00:00,124.45,125.16,124.25,124.86,88871.076
2025-12-31T23:00:00+00:00,124.86,125.05,124.6,124.65,51558.229
2026-01-01T00:00:00+00:00,124.64,125.25,124.6,125.15,51890.427
2026-01-01T01:00:00+00:00,125.15,125.8,124.91,124.99,89320.416
2026-01-01T02:00:00+00:00,124.98,125.22,124.79,125.18,53034.168
2026-01-01T03:00:00+00:00,125.18,125.41,125.01,125.21,51681.327
2026-01-01T04:00:00+00:00,125.22,125.27,124.8,124.96,46321.071
2026-01-01T05:00:00+00:00,124.95,125.32,124.95,125.3,30922.782
2026-01-01T06:00:00+00:00,125.3,125.32,124.88,124.89,20148.98
2026-01-01T07:00:00+00:00,124.89,125.0,124.22,124.24,58996.546
2026-01-01T08:00:00+00:00,124.24,124.72,124.15,124.68,67204.307
2026-01-01T09:00:00+00:00,124.69,125.14,124.59,125.05,130236.679
2026-01-01T10:00:00+00:00,125.05,125.29,124.98,125.05,102698.871
2026-01-01T11:00:00+00:00,125.05,125.23,124.76,125.22,43113.12
2026-01-01T12:00:00+00:00,125.23,125.28,125.01,125.02,56707.556
2026-01-01T13:00:00+00:00,125.03,125.13,124.71,124.73,51727.981
2026-01-01T14:00:00+00:00,124.73,124.92,124.39,124.71,127476.025
2026-01-01T15:00:00+00:00,124.71,125.23,124.58,124.96,74840.987
2026-01-01T16:00:00+00:00,124.96,125.02,124.28,124.45,83420.803
2026-01-01T17:00:00+00:00,124.44,125.65,124.3,125.2,195309.961
2026-01-01T18:00:00+00:00,125.2,125.39,125.03,125.35,70465.58
2026-01-01T19:00:00+00:00,125.34,125.79,125.22,125.76,35341.649
2026-01-01T20:00:00+00:00,125.76,125.95,125.31,125.39,53454.868
2026-01-01T21:00:00+00:00,125.39,125.69,125.31,125.41,19874.928
2026-01-01T22:00:00+00:00,125.41,126.25,125.37,126.08,49625.229
2026-01-01T23:00:00+00:00,126.08,127.25,125.75,126.9,169850.717
2026-01-02T00:00:00+00:00,126.91,127.16,126.44,126.79,74686.492
2026-01-02T01:00:00+00:00,126.79,126.95,126.05,126.18,117222.17
2026-01-02T02:00:00+00:00,126.18,126.67,125.84,126.58,65348.775
2026-01-02T03:00:00+00:00,126.57,127.99,126.41,127.53,123310.725
2026-01-02T04:00:00+00:00,127.53,127.72,126.95,126.98,44989.199
2026-01-02T05:00:00+00:00,126.98,127.42,126.75,127.34,35007.511
2026-01-02T06:00:00+00:00,127.34,127.72,127.25,127.32,55279.25
2026-01-02T07:00:00+00:00,127.33,127.58,126.91,127.13,45062.255
2026-01-02T08:00:00+00:00,127.14,127.97,127.13,127.96,69445.744
2026-01-02T09:00:00+00:00,127.96,129.89,127.81,129.4,275803.639
2026-01-02T10:00:00+00:00,129.39,129.99,128.88,128.94,170117.095
2026-01-02T11:00:00+00:00,128.95,128.98,128.0,128.22,110177.807
2026-01-02T12:00:00+00:00,128.21,128.65,127.91,128.42,91303.144
2026-01-02T13:00:00+00:00,128.43,128.8,128.28,128.37,64831.513
2026-01-02T14:00:00+00:00,128.37,129.65,126.82,128.73,263476.222
2026-01-02T15:00:00+00:00,128.74,129.53,127.41,128.98,208059.681
2026-01-02T16:00:00+00:00,128.98,131.79,128.68,130.92,346163.77
2026-01-02T17:00:00+00:00,130.92,132.3,130.69,131.44,189737.838
2026-01-02T18:00:00+00:00,131.44,132.03,130.35,130.8,116804.848
2026-01-02T19:00:00+00:00,130.8,131.79,130.64,131.63,93264.364
2026-01-02T20:00:00+00:00,131.63,132.13,130.83,131.14,93661.784
2026-01-02T21:00:00+00:00,131.14,132.16,131.14,131.92,50749.63
2026-01-02T22:00:00+00:00,131.93,133.25,131.9,132.64,139843.755
2026-01-02T23:00:00+00:00,132.63,132.75,131.92,132.29,79880.161
2026-01-03T00:00:00+00:00,132.28,132.93,132.24,132.53,65120.039
2026-01-03T01:00:00+00:00,132.53,132.97,132.36,132.64,39194.72
2026-01-03T02:00:00+00:00,132.64,133.11,132.06,132.85,100264.947
2026-01-03T03:00:00+00:00,132.85,133.17,132.19,132.83,66264.959
2026-01-03T04:00:00+00:00,132.83,132.93,132.19,132.37,50009.13
2026-01-03T05:00:00+00:00,132.37,132.54,131.63,131.9,73601.026
2026-01-03T06:00:00+00:00,131.89,132.28,131.05,131.18,66266.224
2026-01-03T07:00:00+00:00,131.18,131.4,129.6,130.1,178441.656
2026-01-03T08:00:00+00:00,130.09,131.03,129.8,130.69,76819.741
2026-01-03T09:00:00+00:00,130.69,131.44,130.38,131.17,75803.726
2026-01-03T10:00:00+00:00,131.17,131.23,130.8,130.96,57389.673
2026-01-03T11:00:00+00:00,130.96,131.0,130.46,130.71,43591.87
2026-01-03T12:00:00+00:00,130.71,130.94,130.5,130.91,47052.305
2026-01-03T13:00:00+00:00,130.9,131.4,130.8,131.29,55206.355
2026-01-03T14:00:00+00:00,131.3,132.18,131.13,131.99,61438.627
2026-01-03T15:00:00+00:00,132.0,132.03,131.23,131.47,74865.05
2026-01-03T16:00:00+00:00,131.48,132.0,131.47,131.78,55959.567
2026-01-03T17:00:00+00:00,131.77,132.04,131.65,131.89,27187.871
2026-01-03T18:00:00+00:00,131.9,132.12,131.61,131.97,44069.506
2026-01-03T19:00:00+00:00,131.97,131.97,131.66,131.78,23508.785
2026-01-03T20:00:00+00:00,131.78,132.03,131.35,131.99,39065.219
2026-01-03T21:00:00+00:00,131.99,133.07,131.81,132.87,71888.136
2026-01-03T22:00:00+00:00,132.87,133.99,132.59,133.43,84528.122
2026-01-03T23:00:00+00:00,133.43,133.76,133.1,133.37,43086.245
2026-01-04T00:00:00+00:00,133.37,134.97,133.31,134.57,156334.505
2026-01-04T01:00:00+00:00,134.57,134.75,133.42,133.96,79064.376
2026-01-04T02:00:00+00:00,133.96,134.02,133.48,133.73,61968.019
2026-01-04T03:00:00+00:00,133.73,134.7,133.66,134.62,99718.281
2026-01-04T04:00:00+00:00,134.62,134.87,134.24,134.3,70514.846
2026-01-04T05:00:00+00:00,134.31,134.62,134.26,134.57,29719.635
2026-01-04T06:00:00+00:00,134.56,135.0,133.7,133.76,117636.352
2026-01-04T07:00:00+00:00,133.76,134.14,133.66,133.8,84514.533
2026-01-04T08:00:00+00:00,133.8,134.18,133.2,134.12,85882.019
2026-01-04T09:00:00+00:00,134.11,134.57,133.84,134.32,55854.953
2026-01-04T10:00:00+00:00,134.32,134.88,134.23,134.7,79656.023
2026-01-04T11:00:00+00:00,134.7,134.7,134.16,134.39,41786.198
2026-01-04T12:00:00+00:00,134.39,134.9,134.2,134.34,81045.065
2026-01-04T13:00:00+00:00,134.34,134.56,133.75,134.52,59178.133
2026-01-04T14:00:00+00:00,134.53,135.0,134.25,134.96,79310.873
2026-01-04T15:00:00+00:00,134.97,135.35,134.29,134.91,131236.145
2026-01-04T16:00:00+00:00,134.91,135.54,134.75,135.11,71149.421
2026-01-04T17:00:00+00:00,135.11,135.37,134.81,134.83,55598.271
2026-01-04T18:00:00+00:00,134.83,134.88,133.71,134.21,102170.835
2026-01-04T19:00:00+00:00,134.2,134.21,133.12,133.56,110680.69
2026-01-04T20:00:00+00:00,133.55,134.26,133.4,134.03,31281.258
2026-01-04T21:00:00+00:00,134.04,134.58,133.72,133.94,35042.907
2026-01-04T22:00:00+00:00,133.93,134.44,133.79,134.16,28429.871
2026-01-04T23:00:00+00:00,134.17,134.86,133.66,134.12,61495.904
2026-01-05T00:00:00+00:00,134.12,135.84,134.01,135.55,192370.707
2026-01-05T01:00:00+00:00,135.55,137.75,135.28,136.75,256690.596
2026-01-05T02:00:00+00:00,136.76,137.23,135.69,136.87,127983.224
2026-01-05T03:00:00+00:00,136.88,137.33,136.58,136.64,74836.466
2026-01-05T04:00:00+00:00,136.64,136.79,135.0,135.69,102719.319
2026-01-05T05:00:00+00:00,135.69,136.32,135.03,135.07,62378.048
2026-01-05T06:00:00+00:00,135.06,135.71,134.63,135.63,103250.587
2026-01-05T07:00:00+00:00,135.63,135.76,135.09,135.45,60463.171
2026-01-05T08:00:00+00:00,135.45,135.95,135.21,135.22,85947.101
2026-01-05T09:00:00+00:00,135.21,135.69,134.75,135.45,110133.715
2026-01-05T10:00:00+00:00,135.45,136.06,135.27,135.8,80563.912
2026-01-05T11:00:00+00:00,135.81,135.82,135.24,135.77,66113.496
2026-01-05T12:00:00+00:00,135.77,135.83,134.91,135.13,80342.282
2026-01-05T13:00:00+00:00,135.13,135.4,133.26,133.81,204636.64
2026-01-05T14:00:00+00:00,133.81,135.62,133.18,134.99,276200.464
2026-01-05T15:00:00+00:00,134.99,136.47,134.14,136.13,237682.597
2026-01-05T16:00:00+00:00,136.13,136.3,134.98,135.4,136963.204
2026-01-05T17:00:00+00:00,135.41,136.85,134.31,136.52,174002.666
2026-01-05T18:00:00+00:00,136.53,137.58,135.7,137.37,203397.958
2026-01-05T19:00:00+00:00,137.38,138.82,137.1,138.23,251113.909
2026-01-05T20:00:00+00:00,138.23,139.87,137.72,137.87,214126.265
2026-01-05T21:00:00+00:00,137.87,138.75,137.87,138.41,98836.39
2026-01-05T22:00:00+00:00,138.4,139.16,138.29,138.8,61748.413
2026-01-05T23:00:00+00:00,138.8,138.95,137.88,137.9,65066.354
2026-01-06T00:00:00+00:00,137.91,138.2,136.89,137.72,126620.607
2026-01-06T01:00:00+00:00,137.72,138.53,137.35,137.58,95407.638
2026-01-06T02:00:00+00:00,137.58,138.01,137.32,137.61,64469.316
2026-01-06T03:00:00+00:00,137.6,138.63,137.57,138.38,55215.648
2026-01-06T04:00:00+00:00,138.38,139.0,138.2,138.45,79499.076
2026-01-06T05:00:00+00:00,138.45,140.08,138.08,139.56,158530.236
2026-01-06T06:00:00+00:00,139.56,139.78,138.85,139.02,133150.564
2026-01-06T07:00:00+00:00,139.02,139.11,137.35,137.61,135865.229
2026-01-06T08:00:00+00:00,137.6,138.13,137.4,137.62,86925.446
2026-01-06T09:00:00+00:00,137.61,138.42,137.5,137.79,81500.842
2026-01-06T10:00:00+00:00,137.79,138.11,137.42,137.74,76434.415
2026-01-06T11:00:00+00:00,137.74,139.7,137.65,139.5,171181.225
2026-01-06T12:00:00+00:00,139.5,139.62,138.86,139.09,84117.456
2026-01-06T13:00:00+00:00,139.08,139.45,138.72,139.1,95082.392
2026-01-06T14:00:00+00:00,139.11,143.48,139.11,142.0,648244.591
2026-01-06T15:00:00+00:00,142.0,143.22,141.12,141.6,336686.734
2026-01-06T16:00:00+00:00,141.59,141.95,138.15,138.92,311241.547
2026-01-06T17:00:00+00:00,138.91,139.17,136.42,136.52,318451.56
2026-01-06T18:00:00+00:00,136.51,138.0,136.19,137.57,154970.922
2026-01-06T19:00:00+00:00,137.57,138.08,137.31,137.53,56972.823
2026-01-06T20:00:00+00:00,137.53,139.19,137.51,138.95,115009.652
2026-01-06T21:00:00+00:00,138.96,141.99,138.68,140.24,216177.402
2026-01-06T22:00:00+00:00,140.23,141.0,139.51,140.03,91267.491
2026-01-06T23:00:00+00:00,140.04,141.37,140.03,141.08,78772.305
2026-01-07T00:00:00+00:00,141.08,141.4,139.78,139.85,86612.488
2026-01-07T01:00:00+00:00,139.85,140.63,138.8,138.91,107125.19
2026-01-07T02:00:00+00:00,138.9,140.1,138.52,139.95,120744.729
2026-01-07T03:00:00+00:00,139.95,140.55,139.38,139.58,51158.803
2026-01-07T04:00:00+00:00,139.59,139.72,138.72,138.78,45514.311
2026-01-07T05:00:00+00:00,138.78,139.34,138.15,138.52,80758.31
2026-01-07T06:00:00+00:00,138.52,139.08,138.47,138.79,70474.704
2026-01-07T07:00:00+00:00,138.8,139.45,138.79,139.39,58162.067
2026-01-07T08:00:00+00:00,139.39,139.8,139.09,139.41,73725.198
2026-01-07T09:00:00+00:00,139.4,139.49,136.56,136.89,243466.145
2026-01-07T10:00:00+00:00,136.89,137.71,136.75,137.57,103091.593
2026-01-07T11:00:00+00:00,137.58,138.21,137.51,137.93,55242.726
2026-01-07T12:00:00+00:00,137.93,138.21,137.61,137.92,48477.937
2026-01-07T13:00:00+00:00,137.93,138.51,137.55,138.13,72559.766
2026-01-07T14:00:00+00:00,138.14,138.21,136.58,138.02,180577.066
2026-01-07T15:00:00+00:00,138.03,138.08,135.25,135.7,267740.452
2026-01-07T16:00:00+00:00,135.7,136.68,135.32,135.7,128986.947
2026-01-07T17:00:00+00:00,135.7,136.48,135.39,135.6,78599.63
2026-01-07T18:00:00+00:00,135.6,135.91,134.73,135.26,130696.421
2026-01-07T19:00:00+00:00,135.25,136.0,134.41,135.76,63710.75
2026-01-07T20:00:00+00:00,135.76,136.0,135.0,135.79,50598.477
2026-01-07T21:00:00+00:00,135.79,136.35,135.68,136.19,44424.622
2026-01-07T22:00:00+00:00,136.18,136.82,135.77,136.5,65380.96
2026-01-07T23:00:00+00:00,136.5,137.05,135.86,136.39,93812.886
2026-01-08T00:00:00+00:00,136.39,136.97,136.0,136.83,50559.873
2026-01-08T01:00:00+00:00,136.83,137.42,136.7,136.82,57996.739
2026-01-08T02:00:00+00:00,136.82,138.0,136.58,137.93,176153.474
2026-01-08T03:00:00+00:00,137.93,138.32,136.59,136.75,97293.922
2026-01-08T04:00:00+00:00,136.74,138.33,136.43,137.65,101238.127
2026-01-08T05:00:00+00:00,137.65,138.07,136.5,136.64,67911.072
2026-01-08T06:00:00+00:00,136.65,136.76,134.74,134.85,145510.575
2026-01-08T07:00:00+00:00,134.86,135.99,133.79,135.9,178654.597
2026-01-08T08:00:00+00:00,135.9,136.22,135.05,135.11,67713.592
2026-01-08T09:00:00+00:00,135.12,135.52,134.36,134.47,74168.63
2026-01-08T10:00:00+00:00,134.48,135.44,133.92,135.1,113503.182
2026-01-08T11:00:00+00:00,135.1,135.29,134.28,134.79,68221.89
2026-01-08T12:00:00+00:00,134.8,134.83,133.72,134.14,85890.651
2026-01-08T13:00:00+00:00,134.13,134.59,133.72,134.46,66373.583
2026-01-08T14:00:00+00:00,134.46,134.5,132.67,134.04,302785.642
2026-01-08T15:00:00+00:00,134.03,136.55,133.4,136.41,208878.7
2026-01-08T16:00:00+00:00,136.41,138.22,136.25,138.19,200574.021
2026-01-08T17:00:00+00:00,138.19,138.83,137.27,138.72,178988.651
2026-01-08T18:00:00+00:00,138.72,139.06,137.9,138.08,142072.66
2026-01-08T19:00:00+00:00,138.09,138.41,137.2,137.53,113751.753
2026-01-08T20:00:00+00:00,137.53,137.86,136.52,137.69,132032.944
2026-01-08T21:00:00+00:00,137.69,139.84,137.69,139.61,143222.135
2026-01-08T22:00:00+00:00,139.61,140.07,138.3,138.87,189954.697
2026-01-08T23:00:00+00:00,138.87,139.19,138.24,138.37,149986.725
2026-01-09T00:00:00+00:00,138.37,139.35,138.28,139.13,103915.389
2026-01-09T01:00:00+00:00,139.13,139.6,137.74,138.29,162596.573
2026-01-09T02:00:00+00:00,138.28,139.54,138.21,138.98,113541.932
2026-01-09T03:00:00+00:00,138.97,141.17,138.9,140.81,277494.874
2026-01-09T04:00:00+00:00,140.81,141.08,139.65,139.76,135037.317
2026-01-09T05:00:00+00:00,139.75,140.16,139.46,139.95,69128.256
2026-01-09T06:00:00+00:00,139.95,140.86,139.66,140.7,67231.412
2026-01-09T07:00:00+00:00,140.71,140.73,139.54,139.54,100116.473
2026-01-09T08:00:00+00:00,139.55,139.68,137.04,137.93,291724.205
2026-01-09T09:00:00+00:00,137.94,139.08,137.9,138.43,140247.94
2026-01-09T10:00:00+00:00,138.43,139.0,138.13,138.72,62350.548
2026-01-09T11:00:00+00:00,138.73,138.91,138.07,138.28,126942.872
2026-01-09T12:00:00+00:00,138.27,138.64,137.58,137.72,71511.069
2026-01-09T13:00:00+00:00,137.72,139.44,137.66,138.64,219601.688
2026-01-09T14:00:00+00:00,138.64,138.64,136.46,136.87,241081.187
2026-01-09T15:00:00+00:00,136.86,140.89,136.13,138.82,433149.695
2026-01-09T16:00:00+00:00,138.82,140.25,138.72,139.95,154716.873
2026-01-09T17:00:00+00:00,139.95,140.08,137.35,138.5,219286.104
2026-01-09T18:00:00+00:00,138.5,138.5,135.79,136.83,319016.542
2026-01-09T19:00:00+00:00,136.83,136.83,135.44,135.81,83723.138
2026-01-09T20:00:00+00:00,135.8,136.07,134.98,135.61,196665.748
2026-01-09T21:00:00+00:00,135.61,136.45,135.4,136.0,70179.71
2026-01-09T22:00:00+00:00,136.01,136.23,135.57,136.17,45662.573
2026-01-09T23:00:00+00:00,136.16,136.45,135.77,135.97,73625.878
2026-01-10T00:00:00+00:00,135.96,136.13,135.68,135.9,46804.167
2026-01-10T01:00:00+00:00,135.9,136.49,135.76,136.47,54354.726
2026-01-10T02:00:00+00:00,136.46,136.69,135.92,136.39,53371.958
2026-01-10T03:00:00+00:00,136.4,136.4,135.92,136.15,51754.129
2026-01-10T04:00:00+00:00,136.15,136.19,135.75,135.86,27102.894
2026-01-10T05:00:00+00:00,135.86,136.34,135.78,135.94,25916.619
2026-01-10T06:00:00+00:00,135.95,136.2,135.75,135.99,40571.232
2026-01-10T07:00:00+00:00,136.0,136.26,135.96,136.09,33870.349
2026-01-10T08:00:00+00:00,136.09,136.38,136.0,136.23,23629.925
2026-01-10T09:00:00+00:00,136.23,136.66,136.1,136.62,61219.46
2026-01-10T10:00:00+00:00,136.63,137.05,136.42,137.01,84107.478
2026-01-10T11:00:00+00:00,137.01,137.01,136.4,136.58,34510.738
2026-01-10T12:00:00+00:00,136.58,137.04,136.55,136.64,45814.895
2026-01-10T13:00:00+00:00,136.64,136.64,136.07,136.35,47479.274
2026-01-10T14:00:00+00:00,136.35,136.46,136.01,136.13,47292.253
2026-01-10T15:00:00+00:00,136.14,136.54,136.06,136.42,40229.925
2026-01-10T16:00:00+00:00,136.42,136.64,136.16,136.41,26141.262
2026-01-10T17:00:00+00:00,136.41,136.71,136.13,136.15,28181.495
2026-01-10T18:00:00+00:00,136.16,136.33,135.85,136.16,77259.655
2026-01-10T19:00:00+00:00,136.16,136.24,135.99,136.22,32073.058
2026-01-10T20:00:00+00:00,136.22,136.27,135.99,136.08,24107.533
2026-01-10T21:00:00+00:00,136.08,136.09,135.72,135.75,31970.582
2026-01-10T22:00:00+00:00,135.76,135.94,135.37,135.56,36910.368
2026-01-10T23:00:00+00:00,135.56,136.06,135.5,135.84,26163.029
2026-01-11T00:00:00+00:00,135.85,136.45,135.75,136.39,45546.79
2026-01-11T01:00:00+00:00,136.39,136.47,136.1,136.3,21840.668
2026-01-11T02:00:00+00:00,136.3,136.46,135.94,136.01,36339.984
2026-01-11T03:00:00+00:00,136.01,136.33,135.83,136.26,36717.432
2026-01-11T04:00:00+00:00,136.26,136.4,135.97,136.2,29898.733
2026-01-11T05:00:00+00:00,136.19,136.43,136.0,136.28,31454.389
2026-01-11T06:00:00+00:00,136.28,136.4,135.88,136.15,40724.646
2026-01-11T07:00:00+00:00,136.15,136.26,135.98,136.2,16515.675
2026-01-11T08:00:00+00:00,136.2,136.91,136.1,136.76,59048.204
2026-01-11T09:00:00+00:00,136.76,136.86,136.37,136.5,72588.27
2026-01-11T10:00:00+00:00,136.5,136.74,136.3,136.57,37319.109
2026-01-11T11:00:00+00:00,136.57,136.79,136.48,136.58,28211.375
2026-01-11T12:00:00+00:00,136.58,137.28,136.52,137.1,68357.434
2026-01-11T13:00:00+00:00,137.1,137.35,136.93,137.24,66430.416
2026-01-11T14:00:00+00:00,137.24,139.47,137.23,139.21,129425.141
2026-01-11T15:00:00+00:00,139.21,139.55,137.83,138.43,210106.415
2026-01-11T16:00:00+00:00,138.44,141.6,138.43,140.04,513335.182
2026-01-11T17:00:00+00:00,140.04,140.21,138.75,139.69,111659.454
2026-01-11T18:00:00+00:00,139.68,140.2,139.12,140.03,57797.291
2026-01-11T19:00:00+00:00,140.02,140.14,139.05,139.43,92805.257
2026-01-11T20:00:00+00:00,139.42,139.43,137.97,138.54,182631.953
2026-01-11T21:00:00+00:00,138.54,138.95,137.97,138.69,85066.669
2026-01-11T22:00:00+00:00,138.69,138.69,137.71,138.23,66771.636
2026-01-11T23:00:00+00:00,138.22,139.77,137.49,139.7,169321.083
2026-01-12T00:00:00+00:00,139.69,141.36,138.92,141.33,468967.518
2026-01-12T01:00:00+00:00,141.32,141.95,140.73,141.05,308958.671
2026-01-12T02:00:00+00:00,141.06,142.76,140.96,142.42,183546.831
2026-01-12T03:00:00+00:00,142.42,144.4,142.39,142.54,315984.931
2026-01-12T04:00:00+00:00,142.54,143.09,142.46,142.75,89250.697
2026-01-12T05:00:00+00:00,142.74,143.23,142.48,142.79,68717.116
2026-01-12T06:00:00+00:00,142.79,143.35,141.86,142.0,119910.881
2026-01-12T07:00:00+00:00,142.01,142.46,141.36,141.41,152578.517
2026-01-12T08:00:00+00:00,141.42,142.05,139.05,140.06,201499.226
2026-01-12T09:00:00+00:00,140.05,140.26,139.15,139.57,154582.097
2026-01-12T10:00:00+00:00,139.57,140.2,139.04,139.26,93262.811
2026-01-12T11:00:00+00:00,139.26,140.16,139.18,140.03,75355.253
2026-01-12T12:00:00+00:00,140.02,140.3,139.68,139.77,65183.519
2026-01-12T13:00:00+00:00,139.76,140.14,139.37,139.77,67382.761
2026-01-12T14:00:00+00:00,139.76,140.82,138.69,140.44,206570.596
2026-01-12T15:00:00+00:00,140.45,142.74,140.05,142.58,193484.772
2026-01-12T16:00:00+00:00,142.58,144.33,142.11,142.97,370806.035
2026-01-12T17:00:00+00:00,142.98,143.71,141.15,141.94,199143.308
2026-01-12T18:00:00+00:00,141.94,142.88,140.58,141.23,182146.816
2026-01-12T19:00:00+00:00,141.22,141.48,140.63,140.99,107825.577
2026-01-12T20:00:00+00:00,141.0,141.86,140.0,140.23,91997.558
2026-01-12T21:00:00+00:00,140.23,140.25,138.34,138.81,160216.389
2026-01-12T22:00:00+00:00,138.82,139.85,138.78,139.17,108863.684
2026-01-12T23:00:00+00:00,139.17,139.52,138.62,139.22,173884.527
2026-01-13T00:00:00+00:00,139.21,139.45,138.69,139.3,125493.613
2026-01-13T01:00:00+00:00,139.3,139.58,138.46,138.88,162597.996
2026-01-13T02:00:00+00:00,138.88,139.31,138.12,138.38,165662.265
2026-01-13T03:00:00+00:00,138.37,138.79,137.82,138.74,84335.467
2026-01-13T04:00:00+00:00,138.75,139.15,138.39,139.14,44572.816
2026-01-13T05:00:00+00:00,139.14,140.51,138.81,139.95,200246.139
2026-01-13T06:00:00+00:00,139.95,140.76,139.83,140.62,116065.513
2026-01-13T07:00:00+00:00,140.62,140.69,139.97,139.97,59826.481
2026-01-13T08:00:00+00:00,139.97,141.85,139.97,141.6,85091.754
2026-01-13T09:00:00+00:00,141.59,143.12,141.27,141.96,298962.127
2026-01-13T10:00:00+00:00,141.96,142.62,141.7,142.09,208453.467
2026-01-13T11:00:00+00:00,142.1,142.27,141.53,141.84,83747.214
2026-01-13T12:00:00+00:00,141.84,142.36,141.37,142.24,76441.87
2026-01-13T13:00:00+00:00,142.24,143.46,141.79,142.46,353071.183
2026-01-13T14:00:00+00:00,142.45,143.84,141.66,142.06,246327.069
2026-01-13T15:00:00+00:00,142.05,143.53,141.21,143.51,231930.16
2026-01-13T16:00:00+00:00,143.51,144.55,142.87,143.17,223050.402
2026-01-13T17:00:00+00:00,143.17,143.63,142.43,142.9,128020.992
2026-01-13T18:00:00+00:00,142.89,143.89,142.68,143.47,85579.693
2026-01-13T19:00:00+00:00,143.47,144.44,143.08,144.24,96376.706
2026-01-13T20:00:00+00:00,144.24,144.43,143.0,143.82,119304.123
2026-01-13T21:00:00+00:00,143.82,144.3,143.37,143.38,74674.336
2026-01-13T22:00:00+00:00,143.39,148.74,143.39,146.96,651459.789
2026-01-13T23:00:00+00:00,146.96,147.6,144.63,145.51,273791.293
2026-01-14T00:00:00+00:00,145.52,145.88,144.33,145.05,219968.567
2026-01-14T01:00:00+00:00,145.05,146.2,144.93,145.7,151934.946
2026-01-14T02:00:00+00:00,145.69,146.6,145.32,145.51,117888.759
2026-01-14T03:00:00+00:00,145.5,146.37,145.17,146.29,150554.753
2026-01-14T04:00:00+00:00,146.28,146.46,144.81,144.91,147571.765
2026-01-14T05:00:00+00:00,144.91,145.19,144.34,144.47,108928.396
2026-01-14T06:00:00+00:00,144.47,144.72,143.92,144.7,144819.292
2026-01-14T07:00:00+00:00,144.7,145.06,144.15,144.86,139269.2
2026-01-14T08:00:00+00:00,144.85,145.19,144.64,144.91,88516.679
2026-01-14T09:00:00+00:00,144.91,145.63,144.86,145.5,89044.976
2026-01-14T10:00:00+00:00,145.49,145.76,144.55,144.74,103057.587
2026-01-14T11:00:00+00:00,144.74,144.74,143.53,143.77,98787.235
2026-01-14T12:00:00+00:00,143.76,144.78,143.37,144.57,120304.728
2026-01-14T13:00:00+00:00,144.57,144.92,144.04,144.24,181116.414
2026-01-14T14:00:00+00:00,144.23,147.56,144.23,146.64,341295.909
2026-01-14T15:00:00+00:00,146.64,147.55,145.95,147.07,283189.814
2026-01-14T16:00:00+00:00,147.07,148.44,146.84,147.08,401069.463
2026-01-14T17:00:00+00:00,147.07,147.65,145.73,145.98,173793.257
2026-01-14T18:00:00+00:00,145.98,147.46,145.32,146.35,134813.384
2026-01-14T19:00:00+00:00,146.35,147.58,146.14,146.8,143224.485
2026-01-14T20:00:00+00:00,146.8,147.73,146.56,147.52,105589.515
2026-01-14T21:00:00+00:00,147.53,147.53,146.27,146.93,74112.752
2026-01-14T22:00:00+00:00,146.93,147.17,145.84,146.18,83089.698
2026-01-14T23:00:00+00:00,146.19,147.11,146.05,146.69,93135.804
2026-01-15T00:00:00+00:00,146.7,146.73,145.49,146.05,83594.113
2026-01-15T01:00:00+00:00,146.06,146.51,144.76,145.18,115903.858
2026-01-15T02:00:00+00:00,145.17,145.53,144.28,144.52,123493.301
2026-01-15T03:00:00+00:00,144.53,144.73,143.21,143.49,158910.689
2026-01-15T04:00:00+00:00,143.49,144.46,143.28,144.45,101399.363
2026-01-15T05:00:00+00:00,144.45,144.83,144.3,144.6,51200.558
2026-01-15T06:00:00+00:00,144.6,144.89,144.07,144.19,63020.557
2026-01-15T07:00:00+00:00,144.2,145.29,144.08,144.99,63410.713
2026-01-15T08:00:00+00:00,145.0,145.25,144.02,144.89,89288.783
2026-01-15T09:00:00+00:00,144.89,146.0,144.46,145.63,83355.258
2026-01-15T10:00:00+00:00,145.63,145.68,145.19,145.43,58879.816
2026-01-15T11:00:00+00:00,145.42,145.69,144.82,144.86,61676.799
2026-01-15T12:00:00+00:00,144.85,145.07,144.32,144.88,105925.383
2026-01-15T13:00:00+00:00,144.88,145.34,144.51,145.19,141167.317
2026-01-15T14:00:00+00:00,145.19,145.65,143.21,143.94,206045.784
2026-01-15T15:00:00+00:00,143.93,144.36,141.78,143.48,306760.062
2026-01-15T16:00:00+00:00,143.48,144.03,142.8,143.54,115664.148
2026-01-15T17:00:00+00:00,143.54,144.2,142.5,142.66,86540.913
2026-01-15T18:00:00+00:00,142.67,143.03,141.46,141.57,142585.059
2026-01-15T19:00:00+00:00,141.56,141.85,140.9,141.53,104634.675
2026-01-15T20:00:00+00:00,141.53,141.91,141.02,141.45,82328.273
2026-01-15T21:00:00+00:00,141.45,142.27,141.3,142.1,39102.477
2026-01-15T22:00:00+00:00,142.1,142.58,141.98,142.41,35220.174
2026-01-15T23:00:00+00:00,142.4,142.66,142.06,142.4,42035.066
2026-01-16T00:00:00+00:00,142.41,142.82,142.23,142.46,46380.845
2026-01-16T01:00:00+00:00,142.45,142.73,141.98,142.35,38518.92
2026-01-16T02:00:00+00:00,142.35,142.35,141.68,142.19,55342.567
2026-01-16T03:00:00+00:00,142.2,142.47,141.87,141.97,48072.175
2026-01-16T04:00:00+00:00,141.97,142.74,141.39,141.68,129512.982
2026-01-16T05:00:00+00:00,141.67,143.63,141.4,143.19,119303.573
2026-01-16T06:00:00+00:00,143.19,143.38,142.74,143.32,49600.344
2026-01-16T07:00:00+00:00,143.32,143.33,142.6,142.95,59662.529
2026-01-16T08:00:00+00:00,142.95,143.46,142.93,143.16,62351.588
2026-01-16T09:00:00+00:00,143.15,143.47,142.88,143.06,41938.072
2026-01-16T10:00:00+00:00,143.05,143.17,142.71,143.09,30512.4
2026-01-16T11:00:00+00:00,143.1,143.55,142.8,143.14,85469.558
2026-01-16T12:00:00+00:00,143.14,143.86,143.11,143.66,104014.669
2026-01-16T13:00:00+00:00,143.66,143.66,142.68,143.07,56983.085
2026-01-16T14:00:00+00:00,143.07,143.75,142.83,143.02,71843.642
2026-01-16T15:00:00+00:00,143.01,143.67,140.26,140.78,211734.095
2026-01-16T16:00:00+00:00,140.77,142.0,140.65,141.91,106520.206
2026-01-16T17:00:00+00:00,141.92,143.42,141.41,143.31,92724.775
2026-01-16T18:00:00+00:00,143.31,144.19,142.98,143.53,116011.278
2026-01-16T19:00:00+00:00,143.53,144.52,143.01,144.18,73840.055
2026-01-16T20:00:00+00:00,144.17,145.0,143.49,144.95,73945.836
2026-01-16T21:00:00+00:00,144.95,145.55,144.69,145.03,98084.811
2026-01-16T22:00:00+00:00,145.03,145.13,144.58,144.92,77066.726
2026-01-16T23:00:00+00:00,144.93,145.2,144.73,144.89,51444.295
2026-01-17T00:00:00+00:00,144.9,144.99,144.2,144.32,43065.201
2026-01-17T01:00:00+00:00,144.33,144.82,144.22,144.66,98048.343
2026-01-17T02:00:00+00:00,144.65,144.68,144.25,144.59,22399.0
2026-01-17T03:00:00+00:00,144.59,144.62,144.24,144.37,20460.207
2026-01-17T04:00:00+00:00,144.36,144.5,144.23,144.33,21696.789
2026-01-17T05:00:00+00:00,144.33,144.37,143.94,143.96,26863.513
2026-01-17T06:00:00+00:00,143.97,144.1,143.76,143.85,18570.345
2026-01-17T07:00:00+00:00,143.86,143.97,143.64,143.64,19923.391
2026-01-17T08:00:00+00:00,143.64,144.28,143.6,144.21,31291.306
2026-01-17T09:00:00+00:00,144.22,144.65,143.99,144.45,36944.737
2026-01-17T10:00:00+00:00,144.46,144.63,143.92,143.96,37234.823
2026-01-17T11:00:00+00:00,143.95,144.19,143.32,144.0,57313.169
2026-01-17T12:00:00+00:00,144.0,144.08,143.67,143.76,23242.728
2026-01-17T13:00:00+00:00,143.77,144.05,143.6,143.99,33223.901
2026-01-17T14:00:00+00:00,144.0,144.26,143.74,143.92,53532.724
2026-01-17T15:00:00+00:00,143.91,144.35,143.7,144.33,42307.028
2026-01-17T16:00:00+00:00,144.33,144.33,143.64,143.89,67847.953
2026-01-17T17:00:00+00:00,143.89,144.25,143.83,144.07,26003.955
2026-01-17T18:00:00+00:00,144.07,144.29,143.98,144.28,16887.898
2026-01-17T19:00:00+00:00,144.28,144.55,144.12,144.27,26110.801
2026-01-17T20:00:00+00:00,144.26,144.58,144.19,144.51,19865.153
2026-01-17T21:00:00+00:00,144.51,144.58,144.22,144.26,26901.178
2026-01-17T22:00:00+00:00,144.25,144.26,143.51,143.76,30788.049
2026-01-17T23:00:00+00:00,143.76,144.1,143.65,143.72,34632.569
2026-01-18T00:00:00+00:00,143.73,144.0,143.07,143.23,89537.908
2026-01-18T01:00:00+00:00,143.23,143.41,142.08,142.77,134176.09
2026-01-18T02:00:00+00:00,142.76,143.04,141.95,142.54,85758.377
2026-01-18T03:00:00+00:00,142.55,142.95,142.36,142.83,41352.365
2026-01-18T04:00:00+00:00,142.82,142.94,142.54,142.83,27137.771
2026-01-18T05:00:00+00:00,142.83,143.0,142.54,142.84,69150.81
2026-01-18T06:00:00+00:00,142.85,143.04,142.55,142.7,75252.276
2026-01-18T07:00:00+00:00,142.71,142.72,142.03,142.11,64400.645
2026-01-18T08:00:00+00:00,142.12,142.46,141.93,142.43,57490.394
2026-01-18T09:00:00+00:00,142.43,142.65,142.32,142.54,34931.139
2026-01-18T10:00:00+00:00,142.53,142.55,142.17,142.43,44702.173
2026-01-18T11:00:00+00:00,142.42,142.49,142.19,142.39,24865.19
2026-01-18T12:00:00+00:00,142.39,142.53,142.17,142.24,35991.344
2026-01-18T13:00:00+00:00,142.24,142.5,142.0,142.38,55892.74
2026-01-18T14:00:00+00:00,142.37,142.73,141.62,141.72,88440.84
2026-01-18T15:00:00+00:00,141.73,142.13,141.5,142.0,55161.235
2026-01-18T16:00:00+00:00,141.99,142.23,141.75,142.03,29577.665
2026-01-18T17:00:00+00:00,142.02,142.52,141.85,142.36,110528.815
2026-01-18T18:00:00+00:00,142.35,142.97,142.08,142.76,99369.128
2026-01-18T19:00:00+00:00,142.76,143.25,142.1,142.27,87371.665
2026-01-18T20:00:00+00:00,142.28,142.56,141.94,142.46,37109.285
2026-01-18T21:00:00+00:00,142.47,142.79,142.4,142.65,20372.618
2026-01-18T22:00:00+00:00,142.66,143.04,142.48,142.86,101328.624
2026-01-18T23:00:00+00:00,142.86,142.86,137.74,137.87,407539.601
2026-01-19T00:00:00+00:00,137.87,137.87,130.0,133.77,1224549.27
2026-01-19T01:00:00+00:00,133.76,134.46,133.42,133.8,245111.52
2026-01-19T02:00:00+00:00,133.8,134.11,133.47,133.82,96915.874
2026-01-19T03:00:00+00:00,133.81,134.12,133.61,133.94,93363.297
2026-01-19T04:00:00+00:00,133.93,134.09,133.5,133.69,90622.553
2026-01-19T05:00:00+00:00,133.69,133.99,133.34,133.35,117106.412
2026-01-19T06:00:00+00:00,133.36,133.44,132.71,133.28,96467.946
2026-01-19T07:00:00+00:00,133.28,133.57,133.2,133.47,51951.647
2026-01-19T08:00:00+00:00,133.47,134.05,133.28,133.87,110205.607
2026-01-19T09:00:00+00:00,133.86,134.03,133.54,133.75,80968.947
2026-01-19T10:00:00+00:00,133.75,133.85,133.53,133.8,58949.717
2026-01-19T11:00:00+00:00,133.8,134.37,133.63,134.13,68998.733
2026-01-19T12:00:00+00:00,134.12,134.19,133.71,134.13,64466.467
2026-01-19T13:00:00+00:00,134.13,134.16,133.58,133.73,54556.597
2026-01-19T14:00:00+00:00,133.73,133.78,133.27,133.51,58745.107
2026-01-19T15:00:00+00:00,133.51,133.93,133.42,133.55,59831.428
2026-01-19T16:00:00+00:00,133.55,134.65,133.48,134.46,67821.696
2026-01-19T17:00:00+00:00,134.47,134.52,134.08,134.29,50323.274
2026-01-19T18:00:00+00:00,134.3,134.43,133.89,134.28,34538.12
2026-01-19T19:00:00+00:00,134.28,134.71,134.24,134.45,27722.07
2026-01-19T20:00:00+00:00,134.46,135.16,134.45,134.69,35874.411
2026-01-19T21:00:00+00:00,134.69,134.99,134.07,134.09,27738.892
2026-01-19T22:00:00+00:00,134.09,134.21,132.91,132.97,86603.826
2026-01-19T23:00:00+00:00,132.97,133.94,132.74,133.44,69091.359
2026-01-20T00:00:00+00:00,133.44,133.95,133.07,133.73,46933.257
2026-01-20T01:00:00+00:00,133.72,134.28,133.29,133.86,33309.578
2026-01-20T02:00:00+00:00,133.87,134.15,133.35,133.84,54643.631
2026-01-20T03:00:00+00:00,133.84,134.63,133.49,134.24,112017.822
2026-01-20T04:00:00+00:00,134.25,134.27,133.21,133.39,79047.107
2026-01-20T05:00:00+00:00,133.39,133.53,132.4,133.03,121125.296
2026-01-20T06:00:00+00:00,133.03,133.03,131.07,131.23,271732.467
2026-01-20T07:00:00+00:00,131.23,131.78,130.56,130.62,149037.821
2026-01-20T08:00:00+00:00,130.62,130.8,128.36,129.09,545824.977
2026-01-20T09:00:00+00:00,129.08,129.15,128.55,128.91,148367.883
2026-01-20T10:00:00+00:00,128.91,129.35,128.73,128.91,89562.351
2026-01-20T11:00:00+00:00,128.9,129.47,128.72,128.81,78146.938
2026-01-20T12:00:00+00:00,128.81,129.52,128.73,129.34,81875.599
2026-01-20T13:00:00+00:00,129.34,129.36,128.4,128.43,111135.014
2026-01-20T14:00:00+00:00,128.43,129.77,127.97,128.87,233867.727
2026-01-20T15:00:00+00:00,128.87,128.97,127.24,127.86,254362.611
2026-01-20T16:00:00+00:00,127.86,128.59,126.3,127.07,272307.429
2026-01-20T17:00:00+00:00,127.08,127.95,126.36,126.98,140397.772
2026-01-20T18:00:00+00:00,126.97,127.71,126.84,126.97,132571.957
2026-01-20T19:00:00+00:00,126.96,127.53,126.59,127.25,58754.412
2026-01-20T20:00:00+00:00,127.24,128.08,127.0,127.82,97927.429
2026-01-20T21:00:00+00:00,127.82,127.96,126.95,126.96,40542.757
2026-01-20T22:00:00+00:00,126.96,127.48,124.68,126.1,261340.303
2026-01-20T23:00:00+00:00,126.09,126.5,125.6,125.8,117591.742
2026-01-21T00:00:00+00:00,125.81,127.5,125.75,127.31,89787.895
2026-01-21T01:00:00+00:00,127.31,127.86,127.2,127.35,77415.642
2026-01-21T02:00:00+00:00,127.36,127.8,126.78,126.93,62484.625
2026-01-21T03:00:00+00:00,126.93,127.84,126.88,127.61,51402.939
2026-01-21T04:00:00+00:00,127.61,128.04,127.45,127.77,40569.416
2026-01-21T05:00:00+00:00,127.77,128.75,127.74,128.52,95036.437
2026-01-21T06:00:00+00:00,128.51,128.62,128.02,128.24,57434.736
2026-01-21T07:00:00+00:00,128.24,128.45,127.5,127.62,68333.697
2026-01-21T08:00:00+00:00,127.61,127.69,127.0,127.17,57353.607
2026-01-21T09:00:00+00:00,127.16,127.78,127.05,127.47,72434.253
2026-01-21T10:00:00+00:00,127.46,128.19,127.42,127.73,61664.344
2026-01-21T11:00:00+00:00,127.74,127.91,126.8,126.94,72723.834
2026-01-21T12:00:00+00:00,126.94,127.44,126.17,127.42,130888.221
2026-01-21T13:00:00+00:00,127.42,127.63,126.81,127.1,76221.51
2026-01-21T14:00:00+00:00,127.1,129.75,126.96,129.55,358370.208
2026-01-21T15:00:00+00:00,129.55,131.18,129.37,130.43,355549.433
2026-01-21T16:00:00+00:00,130.43,130.47,125.51,125.59,264324.287
2026-01-21T17:00:00+00:00,125.58,127.05,125.26,126.92,222449.597
2026-01-21T18:00:00+00:00,126.92,127.86,126.35,127.62,109162.995
2026-01-21T19:00:00+00:00,127.61,131.68,127.2,131.5,362798.942
2026-01-21T20:00:00+00:00,131.49,131.65,130.01,131.15,188285.576
2026-01-21T21:00:00+00:00,131.15,132.17,130.75,131.05,107730.865
2026-01-21T22:00:00+00:00,131.06,131.76,130.59,130.61,86630.358
2026-01-21T23:00:00+00:00,130.61,131.05,129.16,129.54,92682.943
2026-01-22T00:00:00+00:00,129.53,130.36,129.53,130.01,43551.628
2026-01-22T01:00:00+00:00,130.01,130.62,129.88,130.25,60620.127
2026-01-22T02:00:00+00:00,130.24,130.62,129.73,129.8,48014.113
2026-01-22T03:00:00+00:00,129.8,130.3,129.54,129.86,41744.711
2026-01-22T04:00:00+00:00,129.85,130.5,129.8,130.36,51765.302
2026-01-22T05:00:00+00:00,130.36,130.45,129.97,130.11,25118.506
2026-01-22T06:00:00+00:00,130.12,130.43,129.75,130.35,46026.269
2026-01-22T07:00:00+00:00,130.36,130.44,129.77,129.81,36721.151
2026-01-22T08:00:00+00:00,129.8,130.1,129.35,129.94,59426.732
2026-01-22T09:00:00+00:00,129.93,130.27,129.6,130.16,45100.854
2026-01-22T10:00:00+00:00,130.16,130.35,130.02,130.16,36724.933
2026-01-22T11:00:00+00:00,130.16,130.34,129.72,130.11,52218.106
2026-01-22T12:00:00+00:00,130.11,130.45,129.98,130.1,49086.166
2026-01-22T13:00:00+00:00,130.09,130.94,129.1,129.37,109079.818
2026-01-22T14:00:00+00:00,129.36,129.5,127.84,127.91,191547.35
2026-01-22T15:00:00+00:00,127.91,128.63,126.73,127.41,274223.324
2026-01-22T16:00:00+00:00,127.42,128.33,126.92,127.9,135459.053
2026-01-22T17:00:00+00:00,127.9,128.82,127.55,128.7,82632.671
2026-01-22T18:00:00+00:00,128.7,128.8,127.63,127.73,88755.307
2026-01-22T19:00:00+00:00,127.74,129.37,127.45,129.26,91462.682
2026-01-22T20:00:00+00:00,129.26,129.76,128.33,128.49,80006.677
2026-01-22T21:00:00+00:00,128.5,129.07,128.22,128.31,62674.628
2026-01-22T22:00:00+00:00,128.32,128.78,128.02,128.71,71075.18
2026-01-22T23:00:00+00:00,128.71,128.72,128.12,128.47,28551.174
2026-01-23T00:00:00+00:00,128.47,128.52,128.08,128.35,20335.598
2026-01-23T01:00:00+00:00,128.36,128.94,128.29,128.9,50300.829
2026-01-23T02:00:00+00:00,128.91,128.98,128.18,128.19,87449.146
2026-01-23T03:00:00+00:00,128.18,128.78,128.14,128.76,23921.896
2026-01-23T04:00:00+00:00,128.76,129.29,128.62,129.12,51597.83
2026-01-23T05:00:00+00:00,129.13,129.13,128.36,128.67,32387.492
2026-01-23T06:00:00+00:00,128.68,129.14,127.23,127.5,92786.786
2026-01-23T07:00:00+00:00,127.51,128.1,127.51,127.93,41541.868
2026-01-23T08:00:00+00:00,127.93,128.0,127.0,127.11,52730.908
2026-01-23T09:00:00+00:00,127.11,127.39,126.94,127.08,56779.19
2026-01-23T10:00:00+00:00,127.08,127.5,127.02,127.28,42307.324
2026-01-23T11:00:00+00:00,127.29,127.76,127.23,127.54,39080.059
2026-01-23T12:00:00+00:00,127.54,127.54,127.16,127.19,31937.548
2026-01-23T13:00:00+00:00,127.19,127.4,126.76,126.83,104557.343
2026-01-23T14:00:00+00:00,126.84,127.37,125.28,126.11,220683.568
2026-01-23T15:00:00+00:00,126.11,128.1,125.53,127.9,179137.668
2026-01-23T16:00:00+00:00,127.9,129.2,127.46,128.46,258702.171
2026-01-23T17:00:00+00:00,128.46,130.2,127.88,128.45,179723.029
2026-01-23T18:00:00+00:00,128.45,129.56,128.26,129.05,88852.2
2026-01-23T19:00:00+00:00,129.05,129.13,127.77,128.08,114421.467
2026-01-23T20:00:00+00:00,128.08,128.26,126.54,126.97,117205.542
2026-01-23T21:00:00+00:00,126.97,127.57,126.89,127.15,39357.237
2026-01-23T22:00:00+00:00,127.14,127.89,127.11,127.68,34580.728
2026-01-23T23:00:00+00:00,127.67,127.67,127.26,127.43,83685.65
2026-01-24T00:00:00+00:00,127.43,127.75,127.37,127.41,30867.441
2026-01-24T01:00:00+00:00,127.4,127.57,127.29,127.55,21845.976
2026-01-24T02:00:00+00:00,127.55,127.8,127.49,127.72,24715.929
2026-01-24T03:00:00+00:00,127.72,128.12,127.6,127.91,37298.555
2026-01-24T04:00:00+00:00,127.91,128.11,127.69,127.85,36257.043
2026-01-24T05:00:00+00:00,127.85,127.91,127.64,127.81,25243.285
2026-01-24T06:00:00+00:00,127.82,127.83,127.54,127.66,15150.565
2026-01-24T07:00:00+00:00,127.66,127.68,126.89,127.11,104041.196
2026-01-24T08:00:00+00:00,127.12,127.4,126.99,127.36,35736.729
2026-01-24T09:00:00+00:00,127.36,127.36,127.0,127.09,31043.616
2026-01-24T10:00:00+00:00,127.1,127.25,126.93,127.19,30637.278
2026-01-24T11:00:00+00:00,127.19,127.37,127.12,127.17,22638.715
2026-01-24T12:00:00+00:00,127.17,127.38,127.09,127.31,31336.463
2026-01-24T13:00:00+00:00,127.3,127.31,126.94,126.94,36123.535
2026-01-24T14:00:00+00:00,126.94,127.28,126.81,127.16,32917.114
2026-01-24T15:00:00+00:00,127.16,127.41,126.8,126.85,36656.112
2026-01-24T16:00:00+00:00,126.85,127.13,126.64,127.01,39338.257
2026-01-24T17:00:00+00:00,127.02,127.29,126.96,127.26,21514.488
2026-01-24T18:00:00+00:00,127.26,127.47,127.16,127.39,38254.84
2026-01-24T19:00:00+00:00,127.39,127.51,127.24,127.3,43682.616
2026-01-24T20:00:00+00:00,127.3,127.51,127.26,127.29,17456.938
2026-01-24T21:00:00+00:00,127.3,127.34,127.1,127.13,34314.235
2026-01-24T22:00:00+00:00,127.13,127.71,127.12,127.64,31966.369
2026-01-24T23:00:00+00:00,127.64,127.76,127.17,127.21,28382.7
2026-01-25T00:00:00+00:00,127.22,127.46,126.82,127.34,39333.833
2026-01-25T01:00:00+00:00,127.33,127.42,126.96,127.14,35681.151
2026-01-25T02:00:00+00:00,127.15,127.42,126.92,127.05,37772.36
2026-01-25T03:00:00+00:00,127.06,127.13,126.35,126.64,49535.012
2026-01-25T04:00:00+00:00,126.64,127.0,126.5,126.77,34334.071
2026-01-25T05:00:00+00:00,126.77,126.96,126.63,126.94,24859.006
2026-01-25T06:00:00+00:00,126.94,126.94,126.43,126.72,25678.709
2026-01-25T07:00:00+00:00,126.72,126.72,126.35,126.47,33653.299
2026-01-25T08:00:00+00:00,126.47,126.83,125.98,126.23,78413.62
2026-01-25T09:00:00+00:00,126.23,126.9,126.11,126.7,62316.979
2026-01-25T10:00:00+00:00,126.69,127.2,126.61,126.94,39173.012
2026-01-25T11:00:00+00:00,126.95,126.97,126.56,126.77,17769.408
2026-01-25T12:00:00+00:00,126.77,127.04,126.58,127.03,40222.812
2026-01-25T13:00:00+00:00,127.03,127.12,126.48,126.96,36667.013
2026-01-25T14:00:00+00:00,126.97,126.98,125.68,126.09,65097.286
2026-01-25T15:00:00+00:00,126.09,126.32,125.48,125.59,83147.174
2026-01-25T16:00:00+00:00,125.58,125.58,122.2,122.78,745309.57
2026-01-25T17:00:00+00:00,122.78,122.99,121.6,122.22,279850.173
2026-01-25T18:00:00+00:00,122.22,122.31,120.74,121.69,320298.732
2026-01-25T19:00:00+00:00,121.69,121.87,117.15,117.96,959971.677
2026-01-25T20:00:00+00:00,117.96,118.7,117.38,118.33,843492.715
2026-01-25T21:00:00+00:00,118.33,118.95,117.62,118.83,351319.287
2026-01-25T22:00:00+00:00,118.83,118.85,117.9,118.42,132522.112
2026-01-25T23:00:00+00:00,118.42,119.45,117.53,118.85,204460.438
2026-01-26T00:00:00+00:00,118.85,119.8,118.53,119.65,144927.541
2026-01-26T01:00:00+00:00,119.65,122.77,119.57,122.4,175806.348
2026-01-26T02:00:00+00:00,122.4,122.68,121.29,122.03,77299.779
2026-01-26T03:00:00+00:00,122.03,122.33,121.11,121.57,80916.444
2026-01-26T04:00:00+00:00,121.58,123.62,121.57,122.59,104472.386
2026-01-26T05:00:00+00:00,122.59,122.9,122.41,122.48,42577.681
2026-01-26T06:00:00+00:00,122.48,122.77,122.19,122.48,46486.887
2026-01-26T07:00:00+00:00,122.49,123.01,122.23,122.89,55540.075
2026-01-26T08:00:00+00:00,122.9,123.59,122.27,122.69,97546.898
2026-01-26T09:00:00+00:00,122.7,122.74,121.76,121.93,83548.744
2026-01-26T10:00:00+00:00,121.94,122.7,121.94,122.45,72701.762
2026-01-26T11:00:00+00:00,122.46,122.7,122.41,122.5,41233.723
2026-01-26T12:00:00+00:00,122.51,122.99,122.35,122.68,88321.94
2026-01-26T13:00:00+00:00,122.69,123.28,122.53,123.16,69724.092
2026-01-26T14:00:00+00:00,123.16,124.26,122.66,123.8,190226.062
2026-01-26T15:00:00+00:00,123.8,125.2,123.04,123.53,246381.08
2026-01-26T16:00:00+00:00,123.53,124.88,123.17,124.3,127507.632
2026-01-26T17:00:00+00:00,124.31,124.67,123.03,124.28,130365.53
2026-01-26T18:00:00+00:00,124.29,125.6,123.96,124.9,155853.931
2026-01-26T19:00:00+00:00,124.91,125.13,124.18,124.31,58613.36
2026-01-26T20:00:00+00:00,124.31,124.47,123.42,123.7,85142.478
2026-01-26T21:00:00+00:00,123.7,124.81,123.52,124.52,81675.694
2026-01-26T22:00:00+00:00,124.52,124.88,124.26,124.54,47220.758
2026-01-26T23:00:00+00:00,124.53,124.87,124.13,124.24,51660.538
2026-01-27T00:00:00+00:00,124.24,124.42,123.88,124.09,35086.727
2026-01-27T01:00:00+00:00,124.09,124.58,123.73,124.34,54064.276
2026-01-27T02:00:00+00:00,124.35,125.12,124.32,125.04,74452.009
2026-01-27T03:00:00+00:00,125.04,125.17,124.4,124.51,58439.722
2026-01-27T04:00:00+00:00,124.51,125.15,124.27,124.42,48741.123
2026-01-27T05:00:00+00:00,124.43,124.53,124.15,124.47,52340.971
2026-01-27T06:00:00+00:00,124.47,124.74,124.0,124.21,36585.913
2026-01-27T07:00:00+00:00,124.22,124.65,124.04,124.52,60099.208
2026-01-27T08:00:00+00:00,124.52,124.79,123.99,124.06,73380.186
2026-01-27T09:00:00+00:00,124.06,124.08,123.57,123.74,85718.06
2026-01-27T10:00:00+00:00,123.75,124.14,123.69,123.72,32290.299
2026-01-27T11:00:00+00:00,123.72,124.29,123.61,124.12,32874.894
2026-01-27T12:00:00+00:00,124.12,124.34,123.83,123.89,38733.447
2026-01-27T13:00:00+00:00,123.89,123.93,123.12,123.2,41637.018
2026-01-27T14:00:00+00:00,123.2,124.52,123.17,123.64,118292.719
2026-01-27T15:00:00+00:00,123.65,125.06,123.45,125.01,98820.871
2026-01-27T16:00:00+00:00,125.01,126.79,124.99,126.32,241959.356
2026-01-27T17:00:00+00:00,126.31,126.33,123.55,124.05,172575.78
2026-01-27T18:00:00+00:00,124.05,126.3,123.8,125.81,132642.282
2026-01-27T19:00:00+00:00,125.82,126.27,125.4,125.85,88198.195
2026-01-27T20:00:00+00:00,125.84,127.52,125.73,127.36,213405.074
2026-01-27T21:00:00+00:00,127.36,127.84,126.93,127.06,121165.487
2026-01-27T22:00:00+00:00,127.07,127.8,126.98,127.62,67943.242
2026-01-27T23:00:00+00:00,127.62,127.65,127.12,127.19,57062.183
2026-01-28T00:00:00+00:00,127.18,127.31,126.65,127.26,69587.438
2026-01-28T01:00:00+00:00,127.26,127.52,126.71,127.09,49972.438
2026-01-28T02:00:00+00:00,127.08,127.4,126.7,127.07,41292.057
2026-01-28T03:00:00+00:00,127.07,127.25,126.71,126.96,36247.357
2026-01-28T04:00:00+00:00,126.96,127.03,126.47,126.84,54792.494
2026-01-28T05:00:00+00:00,126.84,126.99,126.45,126.77,39744.009
2026-01-28T06:00:00+00:00,126.77,127.53,126.77,127.4,48840.519
2026-01-28T07:00:00+00:00,127.41,127.54,126.95,127.1,47577.071
2026-01-28T08:00:00+00:00,127.09,127.29,126.61,126.67,60888.168
2026-01-28T09:00:00+00:00,126.68,127.61,125.97,127.6,113796.574
2026-01-28T10:00:00+00:00,127.61,128.13,127.29,127.32,71196.706
2026-01-28T11:00:00+00:00,127.32,128.34,127.17,128.17,106916.053
2026-01-28T12:00:00+00:00,128.16,128.25,127.03,127.25,93775.526
2026-01-28T13:00:00+00:00,127.25,127.87,126.87,127.35,124448.169
2026-01-28T14:00:00+00:00,127.35,127.35,126.48,126.87,138652.417
2026-01-28T15:00:00+00:00,126.86,127.17,125.52,126.07,159457.561
2026-01-28T16:00:00+00:00,126.06,126.64,125.6,126.09,77690.154
2026-01-28T17:00:00+00:00,126.09,127.04,125.26,126.53,116096.454
2026-01-28T18:00:00+00:00,126.53,126.55,125.7,126.09,75739.898
2026-01-28T19:00:00+00:00,126.09,126.72,125.3,126.01,164495.316
2026-01-28T20:00:00+00:00,126.0,126.68,125.34,125.44,117569.402
2026-01-28T21:00:00+00:00,125.44,125.84,124.78,125.48,96195.112
2026-01-28T22:00:00+00:00,125.49,125.85,125.16,125.73,37148.61
2026-01-28T23:00:00+00:00,125.73,125.78,125.07,125.35,55744.025
2026-01-29T00:00:00+00:00,125.34,125.51,124.57,125.13,54357.452
2026-01-29T01:00:00+00:00,125.12,125.24,124.13,124.33,72618.165
2026-01-29T02:00:00+00:00,124.33,124.82,123.14,123.52,146265.486
2026-01-29T03:00:00+00:00,123.51,123.79,122.7,123.07,105761.164
2026-01-29T04:00:00+00:00,123.07,123.52,122.5,123.42,57827.31
2026-01-29T05:00:00+00:00,123.42,123.82,123.15,123.26,47319.808
2026-01-29T06:00:00+00:00,123.25,123.72,123.11,123.69,37534.722
2026-01-29T07:00:00+00:00,123.69,123.98,123.65,123.78,39771.657
2026-01-29T08:00:00+00:00,123.78,123.93,123.16,123.3,54359.578
2026-01-29T09:00:00+00:00,123.3,123.38,122.96,123.03,39351.242
2026-01-29T10:00:00+00:00,123.03,123.3,122.92,123.21,40721.49
2026-01-29T11:00:00+00:00,123.21,123.3,122.66,122.76,69819.861
2026-01-29T12:00:00+00:00,122.76,123.18,122.45,122.85,57908.852
2026-01-29T13:00:00+00:00,122.85,123.34,122.68,122.91,56247.176
2026-01-29T14:00:00+00:00,122.91,123.09,120.29,120.37,214142.814
2026-01-29T15:00:00+00:00,120.38,120.44,116.12,117.69,822416.593
2026-01-29T16:00:00+00:00,117.69,118.99,116.74,118.96,373616.32
2026-01-29T17:00:00+00:00,118.95,119.96,117.68,117.91,282061.164
2026-01-29T18:00:00+00:00,117.92,118.19,115.39,115.78,407264.532
2026-01-29T19:00:00+00:00,115.77,117.21,115.43,116.84,288909.911
2026-01-29T20:00:00+00:00,116.84,117.47,116.56,116.95,181237.678
2026-01-29T21:00:00+00:00,116.95,117.72,116.92,117.45,119123.654
2026-01-29T22:00:00+00:00,117.46,117.79,117.32,117.58,70192.149
2026-01-29T23:00:00+00:00,117.58,117.91,117.27,117.82,91784.695
2026-01-30T00:00:00+00:00,117.82,118.14,117.5,117.63,72173.697
2026-01-30T01:00:00+00:00,117.64,117.91,112.14,115.22,700460.015
2026-01-30T02:00:00+00:00,115.22,115.37,112.78,114.12,304132.802
2026-01-30T03:00:00+00:00,114.12,114.68,113.55,114.43,157237.666
2026-01-30T04:00:00+00:00,114.44,115.83,114.29,115.58,206669.169
2026-01-30T05:00:00+00:00,115.58,116.1,115.44,115.46,92621.64
2026-01-30T06:00:00+00:00,115.47,115.47,113.01,113.86,186173.894
2026-01-30T07:00:00+00:00,113.87,116.13,113.87,115.78,230423.41
2026-01-30T08:00:00+00:00,115.78,116.18,115.17,115.39,98998.314
2026-01-30T09:00:00+00:00,115.39,116.04,114.67,115.37,187833.933
2026-01-30T10:00:00+00:00,115.37,115.99,115.08,115.92,135180.293
2026-01-30T11:00:00+00:00,115.91,117.28,115.77,117.08,112192.16
2026-01-30T12:00:00+00:00,117.08,117.33,115.96,116.27,125964.165
2026-01-30T13:00:00+00:00,116.28,116.4,115.21,115.81,158022.987
2026-01-30T14:00:00+00:00,115.81,117.64,115.78,116.36,205040.888
2026-01-30T15:00:00+00:00,116.36,117.14,114.58,116.8,229905.559
2026-01-30T16:00:00+00:00,116.8,117.99,116.21,117.14,197452.451
2026-01-30T17:00:00+00:00,117.14,117.77,116.55,116.64,135370.509
2026-01-30T18:00:00+00:00,116.63,118.6,114.34,118.1,407588.867
2026-01-30T19:00:00+00:00,118.1,119.12,118.1,118.3,308936.132
2026-01-30T20:00:00+00:00,118.29,118.43,116.52,117.01,287832.556
2026-01-30T21:00:00+00:00,117.01,118.0,116.86,117.38,111021.08
2026-01-30T22:00:00+00:00,117.38,117.56,116.58,117.4,51433.974
2026-01-30T23:00:00+00:00,117.39,117.63,116.9,117.59,58340.581
2026-01-31T00:00:00+00:00,117.6,117.98,117.39,117.55,74010.134
2026-01-31T01:00:00+00:00,117.54,118.37,117.54,118.17,88350.516
2026-01-31T02:00:00+00:00,118.17,118.56,117.6,118.31,91171.039
2026-01-31T03:00:00+00:00,118.31,118.66,118.18,118.39,67125.54
2026-01-31T04:00:00+00:00,118.39,118.85,118.28,118.44,71708.237
2026-01-31T05:00:00+00:00,118.44,118.77,118.01,118.62,113508.253
2026-01-31T06:00:00+00:00,118.62,118.8,117.9,118.54,127097.967
2026-01-31T07:00:00+00:00,118.55,118.6,117.2,117.37,123774.527
2026-01-31T08:00:00+00:00,117.38,117.53,114.29,115.62,515928.384
2026-01-31T09:00:00+00:00,115.62,116.83,115.39,116.36,159270.208
2026-01-31T10:00:00+00:00,116.35,116.92,116.04,116.78,95584.744
2026-01-31T11:00:00+00:00,116.79,116.79,115.97,116.05,98006.581
2026-01-31T12:00:00+00:00,116.06,116.19,115.01,115.19,149919.939
2026-01-31T13:00:00+00:00,115.19,115.23,113.61,114.16,233995.442
2026-01-31T14:00:00+00:00,114.16,114.43,108.23,109.14,1084375.261
2026-01-31T15:00:00+00:00,109.14,110.2,108.39,108.65,322151.589
2026-01-31T16:00:00+00:00,108.65,109.83,105.61,106.28,714247.32
2026-01-31T17:00:00+00:00,106.27,106.73,100.26,103.31,1607334.106
2026-01-31T18:00:00+00:00,103.3,103.88,96.4,101.96,1364930.58
2026-01-31T19:00:00+00:00,101.96,103.49,101.5,101.78,540174.932
2026-01-31T20:00:00+00:00,101.77,102.58,100.4,101.99,248996.895
2026-01-31T21:00:00+00:00,101.99,103.8,101.31,103.49,272806.794
2026-01-31T22:00:00+00:00,103.5,104.39,103.32,104.12,144380.854
2026-01-31T23:00:00+00:00,104.11,106.55,103.86,105.58,258548.484
2026-02-01T00:00:00+00:00,105.58,106.43,105.32,105.67,126041.394
2026-02-01T01:00:00+00:00,105.67,105.81,104.23,104.99,134368.769
2026-02-01T02:00:00+00:00,104.99,105.99,104.77,105.56,86468.395
2026-02-01T03:00:00+00:00,105.56,105.68,104.53,104.97,74562.008
2026-02-01T04:00:00+00:00,104.97,105.51,104.8,105.2,70836.341
2026-02-01T05:00:00+00:00,105.21,105.71,104.5,104.69,107662.538
2026-02-01T06:00:00+00:00,104.69,105.44,104.53,105.07,67431.943
2026-02-01T07:00:00+00:00,105.08,106.02,103.96,105.2,150931.224
2026-02-01T08:00:00+00:00,105.2,106.06,104.81,105.52,104946.087
2026-02-01T09:00:00+00:00,105.52,105.94,104.96,105.79,70479.476
2026-02-01T10:00:00+00:00,105.8,105.85,103.59,103.75,172599.2
2026-02-01T11:00:00+00:00,103.76,105.4,103.73,105.05,114098.12
2026-02-01T12:00:00+00:00,105.06,105.19,104.13,105.05,112117.409
2026-02-01T13:00:00+00:00,105.04,106.69,104.08,104.45,239797.437
2026-02-01T14:00:00+00:00,104.45,104.81,101.75,102.95,396592.179
2026-02-01T15:00:00+00:00,102.96,102.96,100.21,101.69,285436.953
2026-02-01T16:00:00+00:00,101.7,102.89,100.93,101.73,193048.485
2026-02-01T17:00:00+00:00,101.73,102.5,101.13,102.44,138966.924
2026-02-01T18:00:00+00:00,102.44,104.27,102.43,103.45,221112.844
2026-02-01T19:00:00+00:00,103.44,103.77,101.56,101.94,121292.53
2026-02-01T20:00:00+00:00,101.94,102.87,100.19,101.59,243862.735
2026-02-01T21:00:00+00:00,101.59,101.71,100.13,100.85,173272.634
2026-02-01T22:00:00+00:00,100.85,102.88,100.82,101.8,148936.336
2026-02-01T23:00:00+00:00,101.79,102.05,98.02,100.79,649394.09
2026-02-02T00:00:00+00:00,100.78,102.9,99.65,102.28,388170.014
2026-02-02T01:00:00+00:00,102.28,103.14,100.41,102.09,200480.789
2026-02-02T02:00:00+00:00,102.1,102.74,100.57,100.75,171221.396
2026-02-02T03:00:00+00:00,100.75,100.88,95.95,100.07,751071.305
2026-02-02T04:00:00+00:00,100.08,101.79,98.66,100.31,256969.433
2026-02-02T05:00:00+00:00,100.3,100.46,97.67,98.3,320609.52
2026-02-02T06:00:00+00:00,98.3,101.4,97.07,100.72,663349.31
2026-02-02T07:00:00+00:00,100.72,102.43,100.46,101.43,334885.952
2026-02-02T08:00:00+00:00,101.42,102.49,101.36,101.7,265638.565
2026-02-02T09:00:00+00:00,101.71,103.19,101.42,102.79,271740.85
2026-02-02T10:00:00+00:00,102.79,103.45,102.62,102.88,128297.428
2026-02-02T11:00:00+00:00,102.89,103.44,102.65,102.78,125649.771
2026-02-02T12:00:00+00:00,102.78,103.78,102.78,103.3,103997.092
2026-02-02T13:00:00+00:00,103.29,103.7,102.83,103.33,94483.569
2026-02-02T14:00:00+00:00,103.33,105.14,102.39,103.97,326326.232
2026-02-02T15:00:00+00:00,103.97,106.12,103.56,104.7,361531.853
2026-02-02T16:00:00+00:00,104.69,105.78,104.28,105.0,168382.676
2026-02-02T17:00:00+00:00,105.0,105.58,104.45,104.81,139614.847
2026-02-02T18:00:00+00:00,104.81,105.04,103.88,104.72,110398.202
2026-02-02T19:00:00+00:00,104.72,104.84,103.51,103.89,97318.24
2026-02-02T20:00:00+00:00,103.88,104.26,103.32,103.84,117301.349
2026-02-02T21:00:00+00:00,103.85,104.99,103.8,104.84,71731.119
2026-02-02T22:00:00+00:00,104.84,105.2,104.55,105.02,50345.646
2026-02-02T23:00:00+00:00,105.02,105.07,104.41,104.55,54517.523
2026-02-03T00:00:00+00:00,104.54,104.67,103.7,104.18,104401.334
2026-02-03T01:00:00+00:00,104.17,104.4,103.56,104.39,74503.014
2026-02-03T02:00:00+00:00,104.4,104.4,102.35,102.44,94235.257
2026-02-03T03:00:00+00:00,102.44,104.42,102.18,104.16,139835.881
2026-02-03T04:00:00+00:00,104.17,105.1,103.86,104.68,65013.811
2026-02-03T05:00:00+00:00,104.68,104.73,103.65,103.72,59729.763
2026-02-03T06:00:00+00:00,103.72,104.08,102.96,103.98,93535.533
2026-02-03T07:00:00+00:00,103.98,104.91,103.75,104.7,84268.477
2026-02-03T08:00:00+00:00,104.7,105.04,104.07,104.11,91071.169
2026-02-03T09:00:00+00:00,104.11,104.21,102.54,103.15,169415.452
2026-02-03T10:00:00+00:00,103.14,103.35,102.5,102.9,94786.204
2026-02-03T11:00:00+00:00,102.91,103.42,102.83,103.01,70281.313
2026-02-03T12:00:00+00:00,103.01,103.38,102.53,103.13,120153.518
2026-02-03T13:00:00+00:00,103.13,103.59,102.74,103.42,92001.779
2026-02-03T14:00:00+00:00,103.41,103.65,100.75,100.86,240476.164
2026-02-03T15:00:00+00:00,100.85,102.79,100.41,102.56,363592.435
2026-02-03T16:00:00+00:00,102.56,102.56,99.96,100.73,292972.486
2026-02-03T17:00:00+00:00,100.72,100.97,99.03,99.11,261309.985
2026-02-03T18:00:00+00:00,99.11,99.43,96.64,96.84,492016.125
2026-02-03T19:00:00+00:00,96.83,100.1,96.7,99.02,422917.456
2026-02-03T20:00:00+00:00,99.01,102.07,98.31,101.14,463864.095
2026-02-03T21:00:00+00:00,101.14,101.85,100.0,100.2,217826.199
2026-02-03T22:00:00+00:00,100.21,100.29,98.15,98.48,174220.531
2026-02-03T23:00:00+00:00,98.48,98.6,97.21,97.89,231590.134
2026-02-04T00:00:00+00:00,97.89,98.8,97.17,97.99,159961.645
2026-02-04T01:00:00+00:00,97.99,99.67,97.99,99.12,218613.585
2026-02-04T02:00:00+00:00,99.12,99.2,97.41,97.93,114405.673
2026-02-04T03:00:00+00:00,97.94,99.64,97.92,99.13,152272.144
2026-02-04T04:00:00+00:00,99.12,99.35,98.04,98.09,92965.528
2026-02-04T05:00:00+00:00,98.1,98.46,96.46,97.02,179530.995
2026-02-04T06:00:00+00:00,97.02,98.8,96.78,98.25,152204.959
2026-02-04T07:00:00+00:00,98.25,98.25,97.41,97.9,137254.97
2026-02-04T08:00:00+00:00,97.91,97.96,96.77,97.73,129646.36
2026-02-04T09:00:00+00:00,97.72,97.79,96.76,97.14,218414.914
2026-02-04T10:00:00+00:00,97.14,97.29,96.76,97.03,137721.348
2026-02-04T11:00:00+00:00,97.03,97.07,94.71,96.11,538023.224
2026-02-04T12:00:00+00:00,96.12,96.73,95.86,96.47,115606.188
2026-02-04T13:00:00+00:00,96.47,96.48,94.17,94.39,239663.684
2026-02-04T14:00:00+00:00,94.38,95.04,92.95,93.13,424135.443
2026-02-04T15:00:00+00:00,93.12,94.2,91.31,92.79,528333.294
2026-02-04T16:00:00+00:00,92.8,93.13,90.98,91.97,433203.065
2026-02-04T17:00:00+00:00,91.97,92.63,90.0,91.44,421163.314
2026-02-04T18:00:00+00:00,91.45,93.24,90.35,92.3,451732.674
2026-02-04T19:00:00+00:00,92.3,94.71,92.28,94.38,315268.825
2026-02-04T20:00:00+00:00,94.38,94.5,93.0,93.24,165959.333
2026-02-04T21:00:00+00:00,93.24,93.39,90.73,91.32,329000.461
2026-02-04T22:00:00+00:00,91.33,92.9,89.3,90.82,348795.709
2026-02-04T23:00:00+00:00,90.82,92.94,90.26,92.12,247582.036
2026-02-05T00:00:00+00:00,92.11,92.76,91.37,91.74,135956.978
2026-02-05T01:00:00+00:00,91.75,92.89,90.52,91.94,229315.953
2026-02-05T02:00:00+00:00,91.94,92.72,90.7,90.93,251723.337
2026-02-05T03:00:00+00:00,90.92,91.69,90.24,91.15,233855.042
2026-02-05T04:00:00+00:00,91.14,91.92,90.32,91.13,309041.126
2026-02-05T05:00:00+00:00,91.13,92.11,89.92,91.17,338190.784
2026-02-05T06:00:00+00:00,91.17,91.24,89.68,90.21,290107.668
2026-02-05T07:00:00+00:00,90.22,91.66,90.16,90.54,206321.3
2026-02-05T08:00:00+00:00,90.55,92.46,90.55,91.77,187136.515
2026-02-05T09:00:00+00:00,91.77,93.43,91.74,92.5,221009.002
2026-02-05T10:00:00+00:00,92.51,92.66,89.8,90.31,256513.571
2026-02-05T11:00:00+00:00,90.31,90.82,88.66,89.98,396887.146
2026-02-05T12:00:00+00:00,89.98,90.76,88.68,89.53,335956.945
2026-02-05T13:00:00+00:00,89.52,90.06,88.2,88.48,235626.321
2026-02-05T14:00:00+00:00,88.48,91.43,88.31,88.6,402176.134
2026-02-05T15:00:00+00:00,88.6,88.99,83.44,84.61,1244012.124
2026-02-05T16:00:00+00:00,84.61,86.2,83.69,85.55,620015.939
2026-02-05T17:00:00+00:00,85.55,85.73,82.44,82.7,566133.877
2026-02-05T18:00:00+00:00,82.7,83.34,81.21,82.96,519726.287
2026-02-05T19:00:00+00:00,82.96,83.31,81.41,81.68,257589.954
2026-02-05T20:00:00+00:00,81.68,82.3,77.68,78.84,1411253.151
2026-02-05T21:00:00+00:00,78.84,81.2,78.38,79.0,617082.215
2026-02-05T22:00:00+00:00,79.01,80.68,77.6,79.81,540957.902
2026-02-05T23:00:00+00:00,79.81,81.63,78.08,78.35,436766.209
2026-02-06T00:00:00+00:00,78.34,78.8,67.5,75.51,3089489.443
2026-02-06T01:00:00+00:00,75.51,79.79,75.48,79.6,700827.467
2026-02-06T02:00:00+00:00,79.6,80.3,76.4,76.95,611199.893
2026-02-06T03:00:00+00:00,76.95,77.4,75.73,76.71,456321.363
2026-02-06T04:00:00+00:00,76.71,78.03,76.22,77.76,253885.587
2026-02-06T05:00:00+00:00,77.75,81.65,77.59,81.15,395672.114
2026-02-06T06:00:00+00:00,81.15,81.6,79.39,79.5,345800.297
2026-02-06T07:00:00+00:00,79.51,80.61,78.76,79.59,322896.132
2026-02-06T08:00:00+00:00,79.6,80.23,78.67,79.07,298250.313
2026-02-06T09:00:00+00:00,79.07,81.69,78.95,81.34,275609.175
2026-02-06T10:00:00+00:00,81.34,82.04,80.74,80.81,287047.944
2026-02-06T11:00:00+00:00,80.81,81.75,80.46,81.36,193389.344
2026-02-06T12:00:00+00:00,81.36,81.96,80.85,81.89,194847.569
2026-02-06T13:00:00+00:00,81.9,83.85,81.7,83.11,478357.397
2026-02-06T14:00:00+00:00,83.11,85.19,81.9,84.18,557554.302
2026-02-06T15:00:00+00:00,84.18,85.06,83.4,84.49,474300.983
2026-02-06T16:00:00+00:00,84.48,87.23,83.66,86.74,556817.838
2026-02-06T17:00:00+00:00,86.74,88.72,86.16,86.73,528459.779
2026-02-06T18:00:00+00:00,86.73,86.87,85.23,86.17,327231.78
2026-02-06T19:00:00+00:00,86.17,87.45,85.56,87.09,321039.854
2026-02-06T20:00:00+00:00,87.09,87.96,86.63,86.92,261798.76
2026-02-06T21:00:00+00:00,86.91,88.2,86.6,88.06,222150.345
2026-02-06T22:00:00+00:00,88.07,89.84,87.95,89.17,276451.098
2026-02-06T23:00:00+00:00,89.17,89.6,87.36,87.46,381696.989
2026-02-07T00:00:00+00:00,87.45,87.47,86.1,86.57,394199.595
2026-02-07T01:00:00+00:00,86.56,87.49,85.91,87.13,171212.256
2026-02-07T02:00:00+00:00,87.12,87.61,86.81,87.35,97079.195
2026-02-07T03:00:00+00:00,87.35,88.39,87.24,88.1,156169.361
2026-02-07T04:00:00+00:00,88.09,89.04,87.29,87.73,206456.826
2026-02-07T05:00:00+00:00,87.74,88.64,87.55,87.81,141424.854
2026-02-07T06:00:00+00:00,87.8,88.25,86.22,86.25,158715.59
2026-02-07T07:00:00+00:00,86.25,86.65,84.16,85.29,469013.761
2026-02-07T08:00:00+00:00,85.29,85.74,84.75,85.36,159075.988
2026-02-07T09:00:00+00:00,85.36,85.73,84.81,85.24,105888.694
2026-02-07T10:00:00+00:00,85.23,85.48,84.51,85.0,103550.783
2026-02-07T11:00:00+00:00,85.0,85.2,84.58,84.91,80180.824
2026-02-07T12:00:00+00:00,84.9,87.2,84.85,86.22,226079.916
2026-02-07T13:00:00+00:00,86.23,86.65,85.57,86.13,108278.914
2026-02-07T14:00:00+00:00,86.13,86.61,85.51,85.77,101836.211
2026-02-07T15:00:00+00:00,85.77,86.97,85.65,86.57,133334.935
2026-02-07T16:00:00+00:00,86.56,88.12,86.17,87.05,1017602.208
2026-02-07T17:00:00+00:00,87.06,87.74,86.48,87.65,95222.813
2026-02-07T18:00:00+00:00,87.64,89.19,87.45,88.71,127323.95
2026-02-07T19:00:00+00:00,88.72,88.79,88.03,88.3,91821.874
2026-02-07T20:00:00+00:00,88.3,89.2,88.01,88.91,90428.71
2026-02-07T21:00:00+00:00,88.92,89.2,88.12,88.21,63097.957
2026-02-07T22:00:00+00:00,88.22,88.77,88.16,88.27,59206.976
2026-02-07T23:00:00+00:00,88.28,88.34,86.86,87.59,129447.289
2026-02-08T00:00:00+00:00,87.59,87.68,87.1,87.35,73903.602
2026-02-08T01:00:00+00:00,87.34,88.0,87.31,87.89,44359.781
2026-02-08T02:00:00+00:00,87.89,88.22,86.94,87.27,58486.62
2026-02-08T03:00:00+00:00,87.27,87.54,86.7,86.82,45889.843
2026-02-08T04:00:00+00:00,86.82,87.42,86.63,87.41,66781.733
2026-02-08T05:00:00+00:00,87.4,87.56,87.05,87.29,55447.452
2026-02-08T06:00:00+00:00,87.29,87.51,86.94,87.17,44402.551
2026-02-08T07:00:00+00:00,87.17,87.42,86.69,87.42,59984.483
2026-02-08T08:00:00+00:00,87.41,88.83,86.94,88.65,154801.22
2026-02-08T09:00:00+00:00,88.64,88.99,87.54,87.61,120713.8
2026-02-08T10:00:00+00:00,87.6,88.13,86.44,86.88,175698.972
2026-02-08T11:00:00+00:00,86.88,88.32,86.75,88.25,118764.394
2026-02-08T12:00:00+00:00,88.25,88.37,87.7,88.17,95469.92
2026-02-08T13:00:00+00:00,88.16,88.89,87.78,88.58,174290.127
2026-02-08T14:00:00+00:00,88.57,88.75,88.02,88.43,107095.355
2026-02-08T15:00:00+00:00,88.43,88.76,87.35,87.77,141084.42
2026-02-08T16:00:00+00:00,87.78,87.91,85.77,86.22,196433.561
2026-02-08T17:00:00+00:00,86.22,87.12,86.19,86.96,92076.564
2026-02-08T18:00:00+00:00,86.96,88.61,86.94,87.85,98751.218
2026-02-08T19:00:00+00:00,87.84,88.59,87.81,88.41,95387.48
2026-02-08T20:00:00+00:00,88.41,88.42,86.76,86.9,70417.156
2026-02-08T21:00:00+00:00,86.89,87.34,86.24,86.6,76328.524
2026-02-08T22:00:00+00:00,86.61,87.27,86.46,87.13,51261.397
2026-02-08T23:00:00+00:00,87.12,89.08,86.06,86.99,317168.51
2026-02-09T00:00:00+00:00,86.99,87.45,86.39,87.07,102967.745
2026-02-09T01:00:00+00:00,87.06,87.98,85.75,86.42,195325.89
2026-02-09T02:00:00+00:00,86.42,87.85,86.18,87.01,128571.686
2026-02-09T03:00:00+00:00,87.02,87.91,86.84,87.67,100440.097
2026-02-09T04:00:00+00:00,87.67,87.72,86.97,87.12,84272.191
2026-02-09T05:00:00+00:00,87.12,87.44,86.88,87.26,58711.37
2026-02-09T06:00:00+00:00,87.26,87.26,85.96,86.45,146133.759
2026-02-09T07:00:00+00:00,86.45,86.61,85.19,85.5,203982.039
2026-02-09T08:00:00+00:00,85.5,85.64,83.86,84.59,271738.011
2026-02-09T09:00:00+00:00,84.58,84.93,83.94,84.33,134655.899
2026-02-09T10:00:00+00:00,84.32,84.48,82.86,83.23,257658.59
2026-02-09T11:00:00+00:00,83.23,83.7,83.22,83.47,110314.269
2026-02-09T12:00:00+00:00,83.48,84.37,83.45,84.06,102588.891
2026-02-09T13:00:00+00:00,84.05,84.62,83.75,83.77,110564.323
2026-02-09T14:00:00+00:00,83.77,85.24,83.55,84.96,245510.837
2026-02-09T15:00:00+00:00,84.95,85.8,84.32,85.28,178629.671
2026-02-09T16:00:00+00:00,85.28,86.86,84.81,86.11,154239.302
2026-02-09T17:00:00+00:00,86.11,88.1,85.66,87.79,273235.271
2026-02-09T18:00:00+00:00,87.78,88.69,87.07,87.51,262915.556
2026-02-09T19:00:00+00:00,87.51,88.24,87.15,87.97,162686.06
2026-02-09T20:00:00+00:00,87.96,88.31,87.21,87.76,140702.317
2026-02-09T21:00:00+00:00,87.76,87.89,86.53,87.34,121614.992
2026-02-09T22:00:00+00:00,87.34,87.59,86.97,87.12,67695.332
2026-02-09T23:00:00+00:00,87.12,87.4,86.64,86.77,52498.318
2026-02-10T00:00:00+00:00,86.77,86.93,86.28,86.4,118024.126
2026-02-10T01:00:00+00:00,86.4,87.49,86.37,87.29,68791.578
2026-02-10T02:00:00+00:00,87.28,87.32,86.42,86.66,72507.053
2026-02-10T03:00:00+00:00,86.67,86.85,85.26,85.87,142770.777
2026-02-10T04:00:00+00:00,85.86,86.67,85.79,86.55,83242.58
2026-02-10T05:00:00+00:00,86.55,86.57,85.61,85.95,89820.775
2026-02-10T06:00:00+00:00,85.95,86.04,84.3,84.6,202106.457
2026-02-10T07:00:00+00:00,84.6,85.14,84.43,84.63,122515.72
2026-02-10T08:00:00+00:00,84.64,84.87,84.17,84.66,115043.034
2026-02-10T09:00:00+00:00,84.65,85.09,84.29,84.56,130894.323
2026-02-10T10:00:00+00:00,84.57,84.75,84.2,84.22,77557.77
2026-02-10T11:00:00+00:00,84.23,84.61,83.77,83.85,131600.576
2026-02-10T12:00:00+00:00,83.85,84.36,83.69,83.96,107970.396
2026-02-10T13:00:00+00:00,83.95,84.78,83.68,84.66,143309.204
2026-02-10T14:00:00+00:00,84.66,85.24,83.2,83.72,315991.746
2026-02-10T15:00:00+00:00,83.72,84.54,83.43,84.3,230974.292
2026-02-10T16:00:00+00:00,84.3,84.94,83.77,84.46,116870.75
2026-02-10T17:00:00+00:00,84.45,85.14,84.2,84.9,77051.791
2026-02-10T18:00:00+00:00,84.91,84.98,82.71,82.94,179135.754
2026-02-10T19:00:00+00:00,82.93,83.51,82.44,83.08,113877.097
2026-02-10T20:00:00+00:00,83.08,83.23,82.3,82.63,120681.739
2026-02-10T21:00:00+00:00,82.63,82.94,81.91,82.46,99629.768
2026-02-10T22:00:00+00:00,82.46,82.98,82.36,82.6,69493.556
2026-02-10T23:00:00+00:00,82.59,83.0,82.36,82.99,45351.243
2026-02-11T00:00:00+00:00,82.99,83.72,82.93,83.47,79371.894
2026-02-11T01:00:00+00:00,83.46,83.79,83.2,83.77,55355.406
2026-02-11T02:00:00+00:00,83.77,84.39,83.53,83.54,86466.293
2026-02-11T03:00:00+00:00,83.55,83.86,82.59,83.34,95964.203
2026-02-11T04:00:00+00:00,83.34,83.54,81.71,81.98,139916.137
2026-02-11T05:00:00+00:00,81.98,82.41,81.73,81.89,75027.228
2026-02-11T06:00:00+00:00,81.9,81.99,80.58,80.87,218295.67
2026-02-11T07:00:00+00:00,80.87,81.36,80.28,81.0,116647.419
2026-02-11T08:00:00+00:00,81.0,81.2,80.55,81.09,80687.537
2026-02-11T09:00:00+00:00,81.09,81.29,80.67,80.8,72261.512
2026-02-11T10:00:00+00:00,80.8,81.0,80.38,80.69,105679.692
2026-02-11T11:00:00+00:00,80.69,81.47,80.65,81.26,111060.386
2026-02-11T12:00:00+00:00,81.25,81.47,80.95,81.18,91871.919
2026-02-11T13:00:00+00:00,81.18,81.84,80.64,81.64,231266.273
2026-02-11T14:00:00+00:00,81.65,83.17,79.77,79.95,578985.48
2026-02-11T15:00:00+00:00,79.95,80.34,78.56,79.72,378985.364
2026-02-11T16:00:00+00:00,79.72,80.94,78.72,78.74,233965.721
2026-02-11T17:00:00+00:00,78.73,80.04,78.04,79.01,230238.077
2026-02-11T18:00:00+00:00,79.01,79.99,78.53,79.81,131164.215
2026-02-11T19:00:00+00:00,79.81,80.34,79.32,79.72,116185.105
2026-02-11T20:00:00+00:00,79.72,80.01,78.98,79.64,113579.902
2026-02-11T21:00:00+00:00,79.65,81.11,79.65,80.16,209210.482
2026-02-11T22:00:00+00:00,80.17,80.24,79.45,79.5,102730.71
2026-02-11T23:00:00+00:00,79.51,79.73,78.8,79.3,159996.695
2026-02-12T00:00:00+00:00,79.31,80.23,79.26,79.97,86837.001
2026-02-12T01:00:00+00:00,79.98,80.79,79.98,80.41,83818.559
2026-02-12T02:00:00+00:00,80.42,80.73,79.94,80.33,69932.793
2026-02-12T03:00:00+00:00,80.33,80.67,80.08,80.62,45415.33
2026-02-12T04:00:00+00:00,80.63,80.97,80.3,80.31,71039.221
2026-02-12T05:00:00+00:00,80.31,80.6,79.5,80.57,93951.902
2026-02-12T06:00:00+00:00,80.58,80.99,80.36,80.57,63036.118
2026-02-12T07:00:00+00:00,80.57,80.93,80.29,80.77,50446.913
2026-02-12T08:00:00+00:00,80.77,80.93,80.32,80.77,55309.334
2026-02-12T09:00:00+00:00,80.77,81.9,80.57,81.79,164590.192
2026-02-12T10:00:00+00:00,81.78,82.24,81.35,82.19,95299.092
2026-02-12T11:00:00+00:00,82.19,82.25,81.71,81.87,111672.457
2026-02-12T12:00:00+00:00,81.87,81.96,80.85,81.1,113537.431
2026-02-12T13:00:00+00:00,81.1,82.13,80.71,81.96,153029.622
2026-02-12T14:00:00+00:00,81.96,81.98,81.0,81.14,183356.656
2026-02-12T15:00:00+00:00,81.15,81.52,80.1,80.12,205820.62
2026-02-12T16:00:00+00:00,80.13,80.22,78.18,78.3,314768.722
2026-02-12T17:00:00+00:00,78.3,78.68,77.51,77.9,255674.986
2026-02-12T18:00:00+00:00,77.9,78.47,77.19,77.61,186122.834
2026-02-12T19:00:00+00:00,77.61,78.63,77.03,77.62,170638.998
2026-02-12T20:00:00+00:00,77.62,77.93,76.6,76.92,208229.162
2026-02-12T21:00:00+00:00,76.92,77.56,76.92,77.34,123223.726
2026-02-12T22:00:00+00:00,77.33,78.12,76.97,78.1,145773.689
2026-02-12T23:00:00+00:00,78.1,78.52,77.82,78.4,144704.759
2026-02-13T00:00:00+00:00,78.39,78.74,77.53,78.02,110301.043
2026-02-13T01:00:00+00:00,78.03,78.84,78.01,78.6,91729.391
2026-02-13T02:00:00+00:00,78.6,79.33,78.45,79.13,95492.86
2026-02-13T03:00:00+00:00,79.13,79.48,78.81,79.05,73080.767
2026-02-13T04:00:00+00:00,79.05,79.27,78.47,78.52,80656.969
2026-02-13T05:00:00+00:00,78.52,78.76,78.16,78.29,71676.813
2026-02-13T06:00:00+00:00,78.29,78.66,77.85,78.62,92542.988
2026-02-13T07:00:00+00:00,78.62,79.24,78.54,78.99,99001.667
2026-02-13T08:00:00+00:00,78.99,79.9,78.86,79.73,106610.049
2026-02-13T09:00:00+00:00,79.73,79.97,79.42,79.88,98038.407
2026-02-13T10:00:00+00:00,79.89,80.62,79.77,80.36,154228.16
2026-02-13T11:00:00+00:00,80.37,80.4,79.78,80.31,94222.824
2026-02-13T12:00:00+00:00,80.31,80.32,79.86,79.97,64462.808
2026-02-13T13:00:00+00:00,79.97,80.89,79.73,80.29,160710.406
2026-02-13T14:00:00+00:00,80.28,81.95,79.86,81.33,309083.663
2026-02-13T15:00:00+00:00,81.34,84.34,81.09,83.2,460219.895
2026-02-13T16:00:00+00:00,83.2,85.0,82.92,84.22,316097.204
2026-02-13T17:00:00+00:00,84.22,84.71,83.55,84.34,171559.211
2026-02-13T18:00:00+00:00,84.35,85.59,84.12,85.4,217189.748
2026-02-13T19:00:00+00:00,85.4,85.63,84.54,84.66,129261.793
2026-02-13T20:00:00+00:00,84.65,85.06,84.17,84.77,152466.274
2026-02-13T21:00:00+00:00,84.78,85.19,84.56,84.86,96569.039
2026-02-13T22:00:00+00:00,84.85,84.93,84.46,84.66,59567.481
2026-02-13T23:00:00+00:00,84.66,84.66,84.12,84.33,65620.812
2026-02-14T00:00:00+00:00,84.34,85.1,84.21,84.97,126493.712
2026-02-14T01:00:00+00:00,84.96,85.21,84.8,84.99,76307.854
2026-02-14T02:00:00+00:00,84.99,85.01,84.6,84.89,40875.133
2026-02-14T03:00:00+00:00,84.9,85.3,84.82,85.06,45751.698
2026-02-14T04:00:00+00:00,85.07,85.1,84.8,84.83,33782.006
2026-02-14T05:00:00+00:00,84.82,85.03,84.61,84.63,30509.027
2026-02-14T06:00:00+00:00,84.63,84.93,84.35,84.86,34098.376
2026-02-14T07:00:00+00:00,84.86,85.27,84.77,85.19,57646.016
2026-02-14T08:00:00+00:00,85.19,86.41,85.16,86.22,206117.931
2026-02-14T09:00:00+00:00,86.22,86.38,85.86,86.02,135777.29
2026-02-14T10:00:00+00:00,86.02,86.02,85.74,85.83,54543.972
2026-02-14T11:00:00+00:00,85.83,87.33,85.82,87.29,185301.487
2026-02-14T12:00:00+00:00,87.29,87.32,86.26,86.42,171277.105
2026-02-14T13:00:00+00:00,86.42,86.9,86.0,86.44,126466.074
2026-02-14T14:00:00+00:00,86.44,87.52,86.37,87.24,133167.572
2026-02-14T15:00:00+00:00,87.24,87.69,87.1,87.44,139912.192
2026-02-14T16:00:00+00:00,87.44,88.26,86.99,88.12,413681.239
2026-02-14T17:00:00+00:00,88.12,88.47,87.83,88.05,117880.869
2026-02-14T18:00:00+00:00,88.05,88.29,87.79,88.01,72250.308
2026-02-14T19:00:00+00:00,88.01,88.33,87.56,88.2,62174.191
2026-02-14T20:00:00+00:00,88.21,88.44,87.69,88.17,96214.77
2026-02-14T21:00:00+00:00,88.16,88.44,87.29,88.07,141162.593
2026-02-14T22:00:00+00:00,88.07,88.89,87.9,88.5,110421.188
2026-02-14T23:00:00+00:00,88.5,88.9,88.03,88.06,86794.612
2026-02-15T00:00:00+00:00,88.06,88.42,87.8,88.19,70896.387
2026-02-15T01:00:00+00:00,88.19,88.72,87.6,88.29,118881.755
2026-02-15T02:00:00+00:00,88.28,88.5,87.52,88.0,108281.504
2026-02-15T03:00:00+00:00,88.01,88.78,87.31,88.61,179433.756
2026-02-15T04:00:00+00:00,88.6,89.82,88.35,88.79,371609.561
2026-02-15T05:00:00+00:00,88.8,90.06,88.75,89.68,147555.926
2026-02-15T06:00:00+00:00,89.68,90.16,89.34,89.6,92915.805
2026-02-15T07:00:00+00:00,89.6,90.98,89.4,90.74,194151.756
2026-02-15T08:00:00+00:00,90.74,91.26,89.22,89.67,404018.675
2026-02-15T09:00:00+00:00,89.66,90.53,89.46,90.0,98233.197
2026-02-15T10:00:00+00:00,90.0,90.13,89.05,89.53,164520.566
2026-02-15T11:00:00+00:00,89.53,89.83,89.01,89.17,46745.316
2026-02-15T12:00:00+00:00,89.18,89.63,87.3,87.31,265700.781
2026-02-15T13:00:00+00:00,87.32,88.37,86.82,86.96,255573.237
2026-02-15T14:00:00+00:00,86.96,87.61,86.66,87.35,168435.313
2026-02-15T15:00:00+00:00,87.35,87.66,86.93,87.42,76427.197
2026-02-15T16:00:00+00:00,87.41,87.66,86.72,87.57,149135.485
2026-02-15T17:00:00+00:00,87.57,87.88,85.71,86.42,243472.742
2026-02-15T18:00:00+00:00,86.43,86.86,86.01,86.21,136623.68
2026-02-15T19:00:00+00:00,86.21,86.35,85.2,85.34,185689.095
2026-02-15T20:00:00+00:00,85.35,85.99,84.89,85.88,106170.798
2026-02-15T21:00:00+00:00,85.88,86.42,85.88,86.18,153614.578
2026-02-15T22:00:00+00:00,86.18,86.7,86.05,86.36,63866.663
2026-02-15T23:00:00+00:00,86.36,86.37,85.1,86.16,127131.627
2026-02-16T00:00:00+00:00,86.15,86.5,85.58,86.18,133823.133
2026-02-16T01:00:00+00:00,86.18,86.63,85.37,85.77,187063.25
2026-02-16T02:00:00+00:00,85.76,86.23,85.23,85.39,240728.305
2026-02-16T03:00:00+00:00,85.4,85.56,84.79,85.14,106334.62
2026-02-16T04:00:00+00:00,85.15,85.84,85.09,85.79,49206.61
2026-02-16T05:00:00+00:00,85.79,85.91,84.47,84.7,131563.44
2026-02-16T06:00:00+00:00,84.69,85.2,84.51,85.06,66270.069
2026-02-16T07:00:00+00:00,85.06,85.51,84.8,85.06,99848.793
2026-02-16T08:00:00+00:00,85.07,85.5,85.04,85.39,113252.135
2026-02-16T09:00:00+00:00,85.39,86.26,85.39,86.01,162122.104
2026-02-16T10:00:00+00:00,86.0,86.04,85.63,85.75,46255.539
2026-02-16T11:00:00+00:00,85.75,85.98,84.49,85.52,109739.962
2026-02-16T12:00:00+00:00,85.52,86.42,85.27,86.2,173623.73
2026-02-16T13:00:00+00:00,86.2,86.93,83.85,84.17,515742.022
2026-02-16T14:00:00+00:00,84.16,84.67,83.48,84.05,262924.178
2026-02-16T15:00:00+00:00,84.05,84.57,82.55,83.21,249881.349
2026-02-16T16:00:00+00:00,83.21,84.11,83.1,84.0,357526.471
2026-02-16T17:00:00+00:00,83.99,84.81,83.9,84.53,130705.835
2026-02-16T18:00:00+00:00,84.52,85.16,84.48,84.52,77790.055
2026-02-16T19:00:00+00:00,84.53,85.1,84.24,84.61,65194.526
2026-02-16T20:00:00+00:00,84.62,85.49,84.5,85.37,73557.776
2026-02-16T21:00:00+00:00,85.37,86.11,85.08,86.02,61849.75
2026-02-16T22:00:00+00:00,86.02,86.24,85.6,85.72,54887.954
2026-02-16T23:00:00+00:00,85.71,86.66,85.66,86.45,89860.205
2026-02-17T00:00:00+00:00,86.45,87.16,86.29,86.61,85239.85
2026-02-17T01:00:00+00:00,86.62,87.07,86.13,86.19,65432.977
2026-02-17T02:00:00+00:00,86.18,87.69,85.76,87.31,83152.245
2026-02-17T03:00:00+00:00,87.31,87.37,86.32,86.37,65925.978
2026-02-17T04:00:00+00:00,86.37,86.67,85.92,86.37,80243.827
2026-02-17T05:00:00+00:00,86.37,86.49,85.45,86.22,73401.601
2026-02-17T06:00:00+00:00,86.23,86.8,86.22,86.5,77082.309
2026-02-17T07:00:00+00:00,86.51,86.55,85.94,86.49,41093.593
2026-02-17T08:00:00+00:00,86.48,86.77,85.92,85.97,70839.573
2026-02-17T09:00:00+00:00,85.97,86.19,85.66,85.95,46821.882
2026-02-17T10:00:00+00:00,85.94,86.05,84.87,85.05,84069.216
2026-02-17T11:00:00+00:00,85.05,85.32,84.75,85.1,84961.365
2026-02-17T12:00:00+00:00,85.11,85.58,84.54,84.63,77392.624
2026-02-17T13:00:00+00:00,84.64,85.52,84.39,85.0,127369.734
2026-02-17T14:00:00+00:00,84.99,85.45,83.0,83.26,363335.629
2026-02-17T15:00:00+00:00,83.26,83.9,82.92,83.81,349976.833
2026-02-17T16:00:00+00:00,83.8,85.46,83.71,84.19,314713.807
2026-02-17T17:00:00+00:00,84.18,84.32,83.13,83.71,120163.969
2026-02-17T18:00:00+00:00,83.71,85.43,83.57,85.11,114345.387
2026-02-17T19:00:00+00:00,85.11,85.76,84.63,84.87,123483.638
2026-02-17T20:00:00+00:00,84.86,85.27,84.53,85.0,85926.271
2026-02-17T21:00:00+00:00,84.99,85.44,84.84,85.22,31708.674
2026-02-17T22:00:00+00:00,85.23,85.44,84.97,85.05,55020.148
2026-02-17T23:00:00+00:00,85.05,85.34,84.91,85.08,152954.735
2026-02-18T00:00:00+00:00,85.09,85.49,84.81,84.87,107156.024
2026-02-18T01:00:00+00:00,84.87,84.99,83.92,84.25,185145.996
2026-02-18T02:00:00+00:00,84.25,85.0,84.23,84.66,50033.463
2026-02-18T03:00:00+00:00,84.66,85.47,84.54,85.33,127431.56
2026-02-18T04:00:00+00:00,85.34,85.54,84.97,85.14,75408.162
2026-02-18T05:00:00+00:00,85.15,85.25,84.76,84.9,43415.72
2026-02-18T06:00:00+00:00,84.9,85.31,84.8,84.92,32175.459
2026-02-18T07:00:00+00:00,84.92,85.43,84.68,85.28,40826.308
2026-02-18T08:00:00+00:00,85.28,86.09,85.23,85.47,134800.867
2026-02-18T09:00:00+00:00,85.48,85.75,85.31,85.32,81961.472
2026-02-18T10:00:00+00:00,85.31,85.4,84.18,84.26,179190.395
2026-02-18T11:00:00+00:00,84.26,84.26,82.83,82.86,311963.454
2026-02-18T12:00:00+00:00,82.87,83.34,82.34,82.99,211396.876
2026-02-18T13:00:00+00:00,83.0,83.29,82.3,82.63,177772.307
2026-02-18T14:00:00+00:00,82.62,82.88,81.72,82.56,266550.071
2026-02-18T15:00:00+00:00,82.56,84.01,82.52,83.01,238110.505
2026-02-18T16:00:00+00:00,83.0,83.09,82.04,82.3,157893.014
2026-02-18T17:00:00+00:00,82.3,83.0,82.1,82.19,96505.62
2026-02-18T18:00:00+00:00,82.2,82.37,80.95,81.28,204133.371
2026-02-18T19:00:00+00:00,81.29,81.6,80.48,80.93,156894.548
2026-02-18T20:00:00+00:00,80.93,81.59,80.85,81.32,95827.615
2026-02-18T21:00:00+00:00,81.32,81.64,81.02,81.28,74664.371
2026-02-18T22:00:00+00:00,81.28,81.54,81.05,81.46,53028.691
2026-02-18T23:00:00+00:00,81.46,81.64,81.24,81.61,35318.101
2026-02-19T00:00:00+00:00,81.61,81.73,81.25,81.5,43694.208
2026-02-19T01:00:00+00:00,81.5,82.06,81.5,81.89,48706.878
2026-02-19T02:00:00+00:00,81.89,82.07,81.33,81.67,43497.06
2026-02-19T03:00:00+00:00,81.66,81.93,81.43,81.77,29088.966
2026-02-19T04:00:00+00:00,81.77,82.01,81.4,81.49,138914.111
2026-02-19T05:00:00+00:00,81.49,81.98,81.38,81.9,281203.419
2026-02-19T06:00:00+00:00,81.9,82.5,81.83,82.36,89615.722
2026-02-19T07:00:00+00:00,82.37,82.67,82.1,82.41,68696.609
2026-02-19T08:00:00+00:00,82.4,82.42,81.57,81.73,90896.819
2026-02-19T09:00:00+00:00,81.74,82.02,81.12,81.21,68527.31
2026-02-19T10:00:00+00:00,81.2,81.82,80.91,81.53,97193.6
2026-02-19T11:00:00+00:00,81.52,81.89,81.11,81.24,55410.356
2026-02-19T12:00:00+00:00,81.24,81.31,80.68,80.79,95673.174
2026-02-19T13:00:00+00:00,80.8,80.92,79.61,80.0,428616.614
2026-02-19T14:00:00+00:00,80.0,81.32,79.95,80.78,225631.67
2026-02-19T15:00:00+00:00,80.77,81.29,79.98,80.64,121161.857
2026-02-19T16:00:00+00:00,80.63,80.96,79.92,80.79,176840.836
2026-02-19T17:00:00+00:00,80.79,81.93,80.22,80.48,160582.562
2026-02-19T18:00:00+00:00,80.47,82.05,80.39,81.98,113875.886
2026-02-19T19:00:00+00:00,81.98,82.2,81.06,81.95,117870.548
2026-02-19T20:00:00+00:00,81.94,82.37,81.68,82.1,140401.531
2026-02-19T21:00:00+00:00,82.09,82.19,81.81,82.07,48858.068
2026-02-19T22:00:00+00:00,82.07,82.53,81.91,82.34,105272.166
2026-02-19T23:00:00+00:00,82.34,82.57,82.12,82.5,58047.52
2026-02-20T00:00:00+00:00,82.5,83.54,82.33,82.9,120222.12
2026-02-20T01:00:00+00:00,82.9,83.16,82.7,83.03,164324.481
2026-02-20T02:00:00+00:00,83.04,83.35,82.82,82.92,78544.13
2026-02-20T03:00:00+00:00,82.92,83.37,82.84,83.04,121485.01
2026-02-20T04:00:00+00:00,83.05,83.11,82.38,82.69,59130.639
2026-02-20T05:00:00+00:00,82.69,83.75,82.5,83.27,106205.749
2026-02-20T06:00:00+00:00,83.27,83.74,83.14,83.71,125188.364
2026-02-20T07:00:00+00:00,83.72,83.93,83.41,83.46,61790.619
2026-02-20T08:00:00+00:00,83.45,83.81,83.3,83.66,57741.673
2026-02-20T09:00:00+00:00,83.65,84.5,83.65,84.19,218567.794
2026-02-20T10:00:00+00:00,84.19,84.84,84.04,84.09,161186.154
2026-02-20T11:00:00+00:00,84.1,84.26,83.34,83.58,230463.511
2026-02-20T12:00:00+00:00,83.58,84.03,83.29,83.72,175772.856
2026-02-20T13:00:00+00:00,83.71,83.72,81.77,82.19,345576.132
2026-02-20T14:00:00+00:00,82.19,83.39,82.12,83.07,218020.871
2026-02-20T15:00:00+00:00,83.07,84.78,82.67,84.38,373753.235
2026-02-20T16:00:00+00:00,84.38,84.96,83.75,84.51,218411.55
2026-02-20T17:00:00+00:00,84.5,84.6,82.82,84.49,240346.921
2026-02-20T18:00:00+00:00,84.48,85.49,83.97,85.24,256544.239
2026-02-20T19:00:00+00:00,85.23,85.37,84.37,84.75,124453.494
2026-02-20T20:00:00+00:00,84.75,85.23,84.42,84.62,67691.792
2026-02-20T21:00:00+00:00,84.62,84.77,84.29,84.55,83245.866
2026-02-20T22:00:00+00:00,84.55,84.77,84.12,84.59,80010.557
2026-02-20T23:00:00+00:00,84.58,84.71,84.29,84.67,65879.002
2026-02-21T00:00:00+00:00,84.68,84.76,84.34,84.43,54224.467
2026-02-21T01:00:00+00:00,84.44,84.85,84.44,84.68,43081.387
2026-02-21T02:00:00+00:00,84.68,85.03,84.54,84.82,40717.051
2026-02-21T03:00:00+00:00,84.83,84.85,84.24,84.35,106811.642
2026-02-21T04:00:00+00:00,84.35,84.5,84.14,84.4,58569.443
2026-02-21T05:00:00+00:00,84.4,84.59,84.39,84.48,26824.47
2026-02-21T06:00:00+00:00,84.48,84.78,84.04,84.12,60721.471
2026-02-21T07:00:00+00:00,84.13,84.33,83.97,84.24,45089.608
2026-02-21T08:00:00+00:00,84.24,84.74,84.19,84.73,51193.557
2026-02-21T09:00:00+00:00,84.73,85.2,84.67,84.91,74651.134
2026-02-21T10:00:00+00:00,84.91,85.27,84.9,85.15,65325.766
2026-02-21T11:00:00+00:00,85.16,85.7,85.14,85.4,62719.668
2026-02-21T12:00:00+00:00,85.4,85.54,85.0,85.32,75619.979
2026-02-21T13:00:00+00:00,85.32,85.96,85.18,85.85,97581.645
2026-02-21T14:00:00+00:00,85.85,86.66,85.62,86.3,258760.808
2026-02-21T15:00:00+00:00,86.3,86.72,86.15,86.58,128168.873
2026-02-21T16:00:00+00:00,86.59,86.68,85.88,86.13,107614.896
2026-02-21T17:00:00+00:00,86.13,86.46,85.82,86.25,62599.483
2026-02-21T18:00:00+00:00,86.24,86.72,86.18,86.56,65021.495
2026-02-21T19:00:00+00:00,86.56,86.69,86.18,86.22,37929.422
2026-02-21T20:00:00+00:00,86.21,86.21,85.27,85.48,103043.715
2026-02-21T21:00:00+00:00,85.47,85.85,85.41,85.84,47752.849
2026-02-21T22:00:00+00:00,85.83,85.9,85.38,85.46,54844.37
2026-02-21T23:00:00+00:00,85.45,85.57,85.12,85.17,51881.663
2026-02-22T00:00:00+00:00,85.17,85.22,84.76,85.08,74021.32
2026-02-22T01:00:00+00:00,85.08,85.43,85.05,85.32,50854.018
2026-02-22T02:00:00+00:00,85.32,85.6,84.86,84.96,126960.547
2026-02-22T03:00:00+00:00,84.96,85.19,84.73,85.08,121751.36
2026-02-22T04:00:00+00:00,85.08,85.35,84.97,85.17,27421.212
2026-02-22T05:00:00+00:00,85.16,85.22,84.81,84.98,36922.673
2026-02-22T06:00:00+00:00,84.99,85.34,84.95,85.31,43248.142
2026-02-22T07:00:00+00:00,85.31,85.58,85.14,85.24,49244.192
2026-02-22T08:00:00+00:00,85.25,85.26,84.87,84.97,36499.235
2026-02-22T09:00:00+00:00,84.98,85.19,84.95,85.04,50156.975
2026-02-22T10:00:00+00:00,85.04,85.32,85.0,85.21,46454.168
2026-02-22T11:00:00+00:00,85.21,85.47,85.18,85.27,56709.875
2026-02-22T12:00:00+00:00,85.28,85.33,84.34,84.47,109332.489
2026-02-22T13:00:00+00:00,84.47,84.63,83.71,83.98,137453.229
2026-02-22T14:00:00+00:00,83.99,84.07,83.39,83.66,84243.607
2026-02-22T15:00:00+00:00,83.66,83.72,82.98,83.5,274557.201
2026-02-22T16:00:00+00:00,83.49,83.63,83.2,83.58,40111.699
2026-02-22T17:00:00+00:00,83.58,83.6,82.82,83.06,108378.921
2026-02-22T18:00:00+00:00,83.06,83.29,82.96,83.22,35315.098
2026-02-22T19:00:00+00:00,83.22,83.42,83.03,83.3,22299.872
2026-02-22T20:00:00+00:00,83.3,83.38,82.94,83.03,40025.13
2026-02-22T21:00:00+00:00,83.03,83.58,83.03,83.5,41429.271
2026-02-22T22:00:00+00:00,83.5,83.71,83.09,83.57,53500.643
2026-02-22T23:00:00+00:00,83.58,83.66,82.48,82.79,131961.719
2026-02-23T00:00:00+00:00,82.8,82.85,81.32,81.37,118857.601
2026-02-23T01:00:00+00:00,81.37,81.38,77.49,77.98,877081.558
2026-02-23T02:00:00+00:00,77.97,78.44,77.55,77.87,275282.926
2026-02-23T03:00:00+00:00,77.87,78.32,77.28,77.66,261219.915
2026-02-23T04:00:00+00:00,77.66,77.74,77.15,77.39,165695.46
2026-02-23T05:00:00+00:00,77.39,78.08,77.34,77.85,156622.615
2026-02-23T06:00:00+00:00,77.84,79.18,77.7,79.09,308057.094
2026-02-23T07:00:00+00:00,79.09,79.69,78.92,79.4,151879.318
2026-02-23T08:00:00+00:00,79.4,79.4,78.53,78.78,158251.196
2026-02-23T09:00:00+00:00,78.79,80.54,78.79,80.46,204511.433
2026-02-23T10:00:00+00:00,80.47,80.69,80.09,80.27,108150.198
2026-02-23T11:00:00+00:00,80.26,80.55,79.97,80.05,94455.404
2026-02-23T12:00:00+00:00,80.06,80.96,79.86,80.71,186479.246
2026-02-23T13:00:00+00:00,80.72,81.13,80.43,80.54,263670.212
2026-02-23T14:00:00+00:00,80.55,80.81,79.43,80.14,157576.135
2026-02-23T15:00:00+00:00,80.14,80.34,79.2,79.4,181946.589
2026-02-23T16:00:00+00:00,79.39,79.8,78.6,78.97,417556.725
2026-02-23T17:00:00+00:00,78.97,79.15,77.27,78.31,243290.422
2026-02-23T18:00:00+00:00,78.32,79.3,78.04,78.62,196182.936
2026-02-23T19:00:00+00:00,78.63,78.92,77.98,78.29,172762.062
2026-02-23T20:00:00+00:00,78.28,78.54,77.85,78.31,145213.1
2026-02-23T21:00:00+00:00,78.3,78.73,78.18,78.38,113102.338
2026-02-23T22:00:00+00:00,78.38,78.92,78.25,78.26,99015.322
2026-02-23T23:00:00+00:00,78.26,78.54,77.63,77.9,106513.578
2026-02-24T00:00:00+00:00,77.91,78.53,77.9,78.46,75549.48
2026-02-24T01:00:00+00:00,78.45,78.46,75.74,77.67,402712.065
2026-02-24T02:00:00+00:00,77.67,78.43,77.52,77.64,134695.414
2026-02-24T03:00:00+00:00,77.63,77.63,76.47,76.87,190723.342
2026-02-24T04:00:00+00:00,76.88,77.07,76.11,76.86,152910.218
2026-02-24T05:00:00+00:00,76.86,77.36,76.22,76.64,183187.832
2026-02-24T06:00:00+00:00,76.63,76.94,76.38,76.58,127034.991
2026-02-24T07:00:00+00:00,76.59,77.22,76.5,76.84,176682.179
2026-02-24T08:00:00+00:00,76.85,77.2,76.5,77.03,102429.078
2026-02-24T09:00:00+00:00,77.04,77.14,76.0,76.65,116458.467
2026-02-24T10:00:00+00:00,76.65,76.83,76.41,76.74,62757.101
2026-02-24T11:00:00+00:00,76.75,76.92,76.49,76.77,68421.691
2026-02-24T12:00:00+00:00,76.78,77.05,76.51,76.59,72628.496
2026-02-24T13:00:00+00:00,76.6,76.8,76.02,76.55,117798.608
2026-02-24T14:00:00+00:00,76.56,77.42,75.63,76.86,345026.306
2026-02-24T15:00:00+00:00,76.87,77.49,76.59,77.3,203358.619
2026-02-24T16:00:00+00:00,77.3,78.25,77.23,78.13,208260.238
2026-02-24T17:00:00+00:00,78.13,78.5,77.8,77.98,146597.856
2026-02-24T18:00:00+00:00,77.97,78.34,77.56,78.2,96135.9
2026-02-24T19:00:00+00:00,78.2,78.51,77.89,78.38,104446.059
2026-02-24T20:00:00+00:00,78.38,78.9,78.32,78.67,105886.499
2026-02-24T21:00:00+00:00,78.66,78.73,78.12,78.55,95993.794
2026-02-24T22:00:00+00:00,78.54,79.37,78.44,79.08,81885.524
2026-02-24T23:00:00+00:00,79.08,79.62,78.66,78.99,221248.619
2026-02-25T00:00:00+00:00,78.99,79.44,78.73,79.21,81825.948
2026-02-25T01:00:00+00:00,79.2,82.57,79.11,82.0,508122.846
2026-02-25T02:00:00+00:00,81.99,82.99,81.98,82.45,273959.207
2026-02-25T03:00:00+00:00,82.46,82.58,81.61,81.75,143345.966
2026-02-25T04:00:00+00:00,81.75,82.43,81.28,81.96,140884.685
2026-02-25T05:00:00+00:00,81.96,82.17,80.98,81.3,172951.112
2026-02-25T06:00:00+00:00,81.31,81.9,81.16,81.57,74149.876
2026-02-25T07:00:00+00:00,81.58,82.41,81.49,82.19,134320.151
2026-02-25T08:00:00+00:00,82.19,82.57,81.93,82.48,96711.439
2026-02-25T09:00:00+00:00,82.48,82.7,82.22,82.54,108511.321
2026-02-25T10:00:00+00:00,82.55,82.95,82.45,82.55,93382.465
2026-02-25T11:00:00+00:00,82.55,83.42,82.32,83.39,132189.725
2026-02-25T12:00:00+00:00,83.38,84.09,82.89,83.68,254791.358
2026-02-25T13:00:00+00:00,83.68,84.44,83.4,83.82,199589.367
2026-02-25T14:00:00+00:00,83.83,85.8,83.8,85.64,388123.503
2026-02-25T15:00:00+00:00,85.63,86.46,85.02,85.98,409010.451
2026-02-25T16:00:00+00:00,85.98,87.69,85.97,87.55,365316.538
2026-02-25T17:00:00+00:00,87.54,88.94,87.39,88.56,356176.325
2026-02-25T18:00:00+00:00,88.55,89.18,88.0,88.94,223810.272
2026-02-25T19:00:00+00:00,88.94,89.65,88.35,89.43,216061.213
2026-02-25T20:00:00+00:00,89.43,90.13,88.97,89.39,241956.276
2026-02-25T21:00:00+00:00,89.38,92.1,89.37,89.85,414949.239
2026-02-25T22:00:00+00:00,89.85,90.53,88.38,89.1,299198.285
2026-02-25T23:00:00+00:00,89.09,89.34,87.07,88.06,303411.847
2026-02-26T00:00:00+00:00,88.05,89.27,87.84,88.58,409326.293
2026-02-26T01:00:00+00:00,88.59,89.15,88.21,88.42,134611.582
2026-02-26T02:00:00+00:00,88.42,88.49,87.53,88.2,187611.207
2026-02-26T03:00:00+00:00,88.2,88.37,87.78,87.95,77647.584
2026-02-26T04:00:00+00:00,87.95,89.05,87.84,88.74,83438.196
2026-02-26T05:00:00+00:00,88.74,88.74,87.22,87.76,136348.94
2026-02-26T06:00:00+00:00,87.76,88.01,87.32,87.65,123465.512
2026-02-26T07:00:00+00:00,87.65,87.89,87.23,87.24,117610.302
2026-02-26T08:00:00+00:00,87.24,87.9,87.24,87.31,104405.503
2026-02-26T09:00:00+00:00,87.3,88.71,87.22,88.32,130757.499
2026-02-26T10:00:00+00:00,88.32,88.58,87.29,87.48,96781.647
2026-02-26T11:00:00+00:00,87.48,87.63,86.6,86.82,134433.791
2026-02-26T12:00:00+00:00,86.82,87.78,86.72,87.7,67291.054
2026-02-26T13:00:00+00:00,87.7,88.08,87.49,87.62,80425.654
2026-02-26T14:00:00+00:00,87.63,88.26,86.27,87.02,191870.584
2026-02-26T15:00:00+00:00,87.01,87.1,85.27,86.56,282371.45
2026-02-26T16:00:00+00:00,86.57,86.75,84.34,84.58,306813.075
2026-02-26T17:00:00+00:00,84.58,85.35,84.51,84.9,144632.11
2026-02-26T18:00:00+00:00,84.91,85.7,84.47,85.38,136890.163
2026-02-26T19:00:00+00:00,85.38,86.68,85.34,86.47,148984.542
2026-02-26T20:00:00+00:00,86.47,86.87,85.85,86.03,87967.315
2026-02-26T21:00:00+00:00,86.02,86.29,85.73,85.94,65844.67
2026-02-26T22:00:00+00:00,85.94,86.39,85.8,86.15,59388.165
2026-02-26T23:00:00+00:00,86.14,86.15,85.77,85.91,47974.141
2026-02-27T00:00:00+00:00,85.91,86.04,85.19,85.83,65899.927
2026-02-27T01:00:00+00:00,85.83,86.15,85.3,86.15,104956.584
2026-02-27T02:00:00+00:00,86.14,86.79,85.94,86.58,68245.156
2026-02-27T03:00:00+00:00,86.58,87.82,86.35,87.63,92454.352
2026-02-27T04:00:00+00:00,87.63,88.29,87.48,87.56,136999.504
2026-02-27T05:00:00+00:00,87.55,87.86,87.4,87.54,50002.725
2026-02-27T06:00:00+00:00,87.54,87.62,86.85,87.34,76062.054
2026-02-27T07:00:00+00:00,87.34,87.43,86.81,87.31,108590.58
2026-02-27T08:00:00+00:00,87.31,87.93,87.22,87.57,100570.282
2026-02-27T09:00:00+00:00,87.58,87.82,86.23,86.33,127986.348
2026-02-27T10:00:00+00:00,86.33,86.49,84.57,84.71,190310.662
2026-02-27T11:00:00+00:00,84.71,84.96,83.35,83.59,212959.421
2026-02-27T12:00:00+00:00,83.59,83.76,82.66,83.12,182726.45
2026-02-27T13:00:00+00:00,83.12,83.57,81.95,83.08,262527.389
2026-02-27T14:00:00+00:00,83.07,83.36,82.09,82.39,233201.881
2026-02-27T15:00:00+00:00,82.38,83.07,82.31,82.7,239090.631
2026-02-27T16:00:00+00:00,82.7,82.7,81.32,81.37,182220.417
2026-02-27T17:00:00+00:00,81.37,81.9,81.11,81.84,230896.953
2026-02-27T18:00:00+00:00,81.84,82.03,81.39,81.48,181403.453
2026-02-27T19:00:00+00:00,81.48,81.72,81.13,81.57,61047.867
2026-02-27T20:00:00+00:00,81.57,81.87,81.22,81.45,106110.486
2026-02-27T21:00:00+00:00,81.45,81.82,80.84,81.2,103580.315
2026-02-27T22:00:00+00:00,81.2,81.6,80.32,81.43,160408.138
2026-02-27T23:00:00+00:00,81.43,82.11,81.35,81.85,92247.784
2026-02-28T00:00:00+00:00,81.84,82.16,81.59,82.12,68148.677
2026-02-28T01:00:00+00:00,82.12,82.27,81.73,81.78,52634.384
2026-02-28T02:00:00+00:00,81.78,82.2,81.71,82.15,36102.893
2026-02-28T03:00:00+00:00,82.15,82.15,81.55,81.74,38633.497
2026-02-28T04:00:00+00:00,81.75,81.9,81.21,81.65,40144.026
2026-02-28T05:00:00+00:00,81.65,81.82,81.29,81.56,30561.614
2026-02-28T06:00:00+00:00,81.56,81.56,77.12,77.56,626752.905
2026-02-28T07:00:00+00:00,77.56,79.62,77.14,78.71,461506.489
2026-02-28T08:00:00+00:00,78.7,78.72,77.85,78.02,175889.231
2026-02-28T09:00:00+00:00,78.01,78.73,77.74,78.42,290911.836
2026-02-28T10:00:00+00:00,78.41,79.18,77.96,79.12,374608.34
2026-02-28T11:00:00+00:00,79.11,79.6,78.67,78.78,234808.293
2026-02-28T12:00:00+00:00,78.78,79.22,78.59,78.94,131033.762
2026-02-28T13:00:00+00:00,78.94,80.98,78.69,80.81,325755.481
2026-02-28T14:00:00+00:00,80.82,81.51,80.05,80.25,343475.825
2026-02-28T15:00:00+00:00,80.25,81.11,79.62,80.92,171771.595
2026-02-28T16:00:00+00:00,80.91,81.33,80.5,81.07,95032.191
2026-02-28T17:00:00+00:00,81.08,81.53,80.58,81.38,119024.385
2026-02-28T18:00:00+00:00,81.38,82.91,81.1,82.36,212809.743
2026-02-28T19:00:00+00:00,82.35,82.8,81.45,82.21,185306.016
2026-02-28T20:00:00+00:00,82.22,85.05,81.97,84.88,292696.551
2026-02-28T21:00:00+00:00,84.89,85.05,83.58,84.49,178900.729
2026-02-28T22:00:00+00:00,84.49,85.65,84.25,84.29,164278.47
2026-02-28T23:00:00+00:00,84.29,84.74,83.92,84.35,86912.946
2026-03-01T00:00:00+00:00,84.35,85.01,84.32,84.87,131648.775
2026-03-01T01:00:00+00:00,84.88,87.5,84.25,86.75,337432.973
2026-03-01T02:00:00+00:00,86.75,88.9,86.75,87.97,586949.091
2026-03-01T03:00:00+00:00,87.96,88.33,87.63,88.02,187261.099
2026-03-01T04:00:00+00:00,88.02,88.26,86.87,87.55,222644.875
2026-03-01T05:00:00+00:00,87.55,88.03,87.21,87.26,99836.252
2026-03-01T06:00:00+00:00,87.26,87.38,86.16,86.66,174048.694
2026-03-01T07:00:00+00:00,86.67,86.89,86.3,86.63,81091.31
2026-03-01T08:00:00+00:00,86.63,86.83,85.07,85.22,189397.696
2026-03-01T09:00:00+00:00,85.22,85.86,84.81,85.0,202618.012
2026-03-01T10:00:00+00:00,85.0,85.66,84.71,85.23,116787.129
2026-03-01T11:00:00+00:00,85.23,85.53,84.97,85.18,54598.691
2026-03-01T12:00:00+00:00,85.18,85.4,84.76,84.88,84942.173
2026-03-01T13:00:00+00:00,84.87,86.98,84.51,86.08,236226.073
2026-03-01T14:00:00+00:00,86.09,86.89,85.44,85.8,189323.055
2026-03-01T15:00:00+00:00,85.8,86.68,85.62,85.67,137064.714
2026-03-01T16:00:00+00:00,85.67,86.1,83.71,84.0,247189.804
2026-03-01T17:00:00+00:00,83.99,84.29,83.18,83.9,214598.992
2026-03-01T18:00:00+00:00,83.89,85.0,83.86,83.92,144492.131
2026-03-01T19:00:00+00:00,83.93,84.03,83.03,83.23,116905.642
2026-03-01T20:00:00+00:00,83.23,83.27,81.69,81.98,220988.571
2026-03-01T21:00:00+00:00,81.98,83.03,81.92,82.94,101983.632
2026-03-01T22:00:00+00:00,82.93,84.12,82.38,82.73,224264.948
2026-03-01T23:00:00+00:00,82.72,84.08,82.5,83.6,132899.89
2026-03-02T00:00:00+00:00,83.61,85.24,83.48,85.0,159855.132
2026-03-02T01:00:00+00:00,85.0,86.18,84.41,84.61,207437.533
2026-03-02T02:00:00+00:00,84.62,84.77,83.46,84.15,151023.464
2026-03-02T03:00:00+00:00,84.15,85.12,83.85,84.78,136473.161
2026-03-02T04:00:00+00:00,84.78,84.84,84.1,84.3,95021.356
2026-03-02T05:00:00+00:00,84.31,84.7,83.81,84.23,100723.258
2026-03-02T06:00:00+00:00,84.23,84.26,82.88,83.26,138586.895
2026-03-02T07:00:00+00:00,83.26,83.3,82.38,82.95,156151.547
2026-03-02T08:00:00+00:00,82.96,83.63,82.37,83.46,160168.711
2026-03-02T09:00:00+00:00,83.45,84.12,83.33,83.64,184039.558
2026-03-02T10:00:00+00:00,83.63,84.1,83.36,83.89,98182.33
2026-03-02T11:00:00+00:00,83.89,84.29,83.46,83.89,138037.013
2026-03-02T12:00:00+00:00,83.88,84.15,83.57,83.7,74341.232
2026-03-02T13:00:00+00:00,83.7,83.85,82.92,83.08,137730.457
2026-03-02T14:00:00+00:00,83.07,85.97,82.78,85.68,386730.967
2026-03-02T15:00:00+00:00,85.67,88.98,85.48,88.77,923932.639
2026-03-02T16:00:00+00:00,88.77,90.29,88.47,88.85,546975.727
2026-03-02T17:00:00+00:00,88.84,88.99,86.39,87.61,331947.693
2026-03-02T18:00:00+00:00,87.61,87.84,86.69,87.31,165832.482
2026-03-02T19:00:00+00:00,87.31,87.82,86.82,87.65,178587.242
2026-03-02T20:00:00+00:00,87.65,88.08,86.85,87.57,200371.47
2026-03-02T21:00:00+00:00,87.58,87.73,87.15,87.54,128267.282
2026-03-02T22:00:00+00:00,87.55,88.25,87.26,88.04,126832.471
2026-03-02T23:00:00+00:00,88.03,88.09,86.35,86.64,196183.64
2026-03-03T00:00:00+00:00,86.65,87.32,86.11,86.92,202803.751
2026-03-03T01:00:00+00:00,86.91,87.18,86.16,86.17,107777.62
2026-03-03T02:00:00+00:00,86.16,86.35,85.23,86.21,162023.913
2026-03-03T03:00:00+00:00,86.21,86.63,85.92,86.31,63650.226
2026-03-03T04:00:00+00:00,86.31,86.46,85.65,85.85,52045.279
2026-03-03T05:00:00+00:00,85.84,86.82,85.38,85.8,128715.142
2026-03-03T06:00:00+00:00,85.79,85.98,85.4,85.85,73478.092
2026-03-03T07:00:00+00:00,85.85,86.3,85.4,85.58,85726.162
2026-03-03T08:00:00+00:00,85.58,85.77,83.94,84.26,224449.606
2026-03-03T09:00:00+00:00,84.26,84.99,84.02,84.31,169353.491
2026-03-03T10:00:00+00:00,84.3,84.57,83.7,83.92,180132.306
2026-03-03T11:00:00+00:00,83.92,84.37,83.78,84.21,173454.71
2026-03-03T12:00:00+00:00,84.22,85.37,84.14,84.42,228272.595
2026-03-03T13:00:00+00:00,84.43,84.48,83.19,83.63,148695.546
2026-03-03T14:00:00+00:00,83.63,84.43,82.5,83.24,259349.644
2026-03-03T15:00:00+00:00,83.24,85.17,83.04,85.04,270866.792
2026-03-03T16:00:00+00:00,85.03,87.34,84.33,85.4,485838.643
2026-03-03T17:00:00+00:00,85.4,85.47,84.15,85.18,209767.166
2026-03-03T18:00:00+00:00,85.18,86.02,84.52,85.38,160362.768
2026-03-03T19:00:00+00:00,85.38,85.76,84.66,85.08,162181.143
2026-03-03T20:00:00+00:00,85.08,85.46,84.66,84.85,99547.364
2026-03-03T21:00:00+00:00,84.85,85.18,84.17,85.12,94412.0
2026-03-03T22:00:00+00:00,85.13,86.65,85.11,86.29,137630.845
2026-03-03T23:00:00+00:00,86.28,87.46,86.18,86.97,256207.941
2026-03-04T00:00:00+00:00,86.98,87.4,86.28,86.62,141520.329
2026-03-04T01:00:00+00:00,86.62,88.08,86.49,87.26,248158.755
2026-03-04T02:00:00+00:00,87.26,87.48,86.55,87.08,139814.008
2026-03-04T03:00:00+00:00,87.07,87.08,85.18,85.77,199966.81
2026-03-04T04:00:00+00:00,85.77,85.91,84.82,85.41,126615.706
2026-03-04T05:00:00+00:00,85.4,85.97,84.78,85.68,189207.735
2026-03-04T06:00:00+00:00,85.67,86.04,84.97,85.6,172474.982
2026-03-04T07:00:00+00:00,85.61,87.52,85.49,87.43,168460.773
2026-03-04T08:00:00+00:00,87.43,89.91,86.98,89.71,412975.662
2026-03-04T09:00:00+00:00,89.71,91.48,89.22,90.53,630772.451
2026-03-04T10:00:00+00:00,90.53,91.05,89.88,90.15,396349.563
2026-03-04T11:00:00+00:00,90.16,90.64,89.41,89.76,240759.072
2026-03-04T12:00:00+00:00,89.76,89.87,88.69,89.42,188477.566
2026-03-04T13:00:00+00:00,89.43,90.17,89.31,89.99,228405.655
2026-03-04T14:00:00+00:00,90.0,91.76,89.46,90.19,462161.594
2026-03-04T15:00:00+00:00,90.18,93.12,90.15,92.94,628004.227
2026-03-04T16:00:00+00:00,92.94,93.15,90.96,91.55,347104.656
2026-03-04T17:00:00+00:00,91.56,92.24,90.66,91.54,242675.044
2026-03-04T18:00:00+00:00,91.55,92.49,91.12,92.38,117698.459
2026-03-04T19:00:00+00:00,92.38,94.05,92.3,93.19,351495.314
2026-03-04T20:00:00+00:00,93.19,93.76,92.77,92.87,200947.4
2026-03-04T21:00:00+00:00,92.87,92.97,92.15,92.34,141280.842
2026-03-04T22:00:00+00:00,92.35,92.86,91.17,91.33,140163.774
2026-03-04T23:00:00+00:00,91.33,91.44,90.29,90.85,214441.006
2026-03-05T00:00:00+00:00,90.86,91.4,90.73,90.79,100752.648
2026-03-05T01:00:00+00:00,90.79,91.42,89.74,89.98,234979.468
2026-03-05T02:00:00+00:00,89.98,90.68,89.97,90.2,103989.01
2026-03-05T03:00:00+00:00,90.2,90.54,89.61,90.03,107327.882
2026-03-05T04:00:00+00:00,90.03,90.74,89.9,90.4,106178.895
2026-03-05T05:00:00+00:00,90.4,90.64,90.03,90.18,76263.798
2026-03-05T06:00:00+00:00,90.18,91.01,89.7,90.87,99631.299
2026-03-05T07:00:00+00:00,90.88,91.32,89.71,90.16,121442.563
2026-03-05T08:00:00+00:00,90.16,90.71,89.66,90.64,168240.97
2026-03-05T09:00:00+00:00,90.64,91.94,90.6,91.18,215547.403
2026-03-05T10:00:00+00:00,91.19,92.96,91.0,92.65,171459.689
2026-03-05T11:00:00+00:00,92.64,92.77,91.65,91.84,149295.806
2026-03-05T12:00:00+00:00,91.84,92.22,91.31,91.98,148899.464
2026-03-05T13:00:00+00:00,91.99,92.07,90.41,90.84,243753.037
2026-03-05T14:00:00+00:00,90.84,91.49,89.82,91.02,266760.243
2026-03-05T15:00:00+00:00,91.01,91.16,88.8,89.62,370120.94
2026-03-05T16:00:00+00:00,89.61,89.63,87.92,88.97,312745.37
2026-03-05T17:00:00+00:00,88.96,89.41,87.91,88.12,202486.142
2026-03-05T18:00:00+00:00,88.11,88.89,88.0,88.8,118414.14
2026-03-05T19:00:00+00:00,88.8,89.39,88.66,88.73,113380.729
2026-03-05T20:00:00+00:00,88.72,89.57,88.54,89.21,103317.347
2026-03-05T21:00:00+00:00,89.2,89.85,88.87,89.11,88161.86
2026-03-05T22:00:00+00:00,89.12,89.41,88.86,89.09,64208.273
2026-03-05T23:00:00+00:00,89.1,89.2,88.62,88.77,66353.632
2026-03-06T00:00:00+00:00,88.78,89.04,88.58,88.86,41864.329
2026-03-06T01:00:00+00:00,88.86,89.27,88.02,89.13,127345.128
2026-03-06T02:00:00+00:00,89.13,89.31,88.21,88.38,169714.239
2026-03-06T03:00:00+00:00,88.38,88.71,88.14,88.41,85403.014
2026-03-06T04:00:00+00:00,88.4,88.59,87.67,88.15,72672.292
2026-03-06T05:00:00+00:00,88.16,88.26,87.51,87.9,89306.888
2026-03-06T06:00:00+00:00,87.89,88.44,87.67,88.09,63691.066
2026-03-06T07:00:00+00:00,88.09,88.92,87.8,88.7,79969.977
2026-03-06T08:00:00+00:00,88.7,88.7,88.2,88.35,63024.986
2026-03-06T09:00:00+00:00,88.36,88.49,87.17,87.5,151587.21
2026-03-06T10:00:00+00:00,87.5,87.96,87.41,87.71,74854.88
2026-03-06T11:00:00+00:00,87.7,88.0,87.1,87.26,72603.4
2026-03-06T12:00:00+00:00,87.25,87.27,85.9,86.47,228893.866
2026-03-06T13:00:00+00:00,86.47,87.1,85.5,85.59,312423.089
2026-03-06T14:00:00+00:00,85.59,85.75,83.96,84.34,437630.091
2026-03-06T15:00:00+00:00,84.34,85.33,84.2,84.65,239442.022
2026-03-06T16:00:00+00:00,84.65,85.02,84.1,84.36,135800.054
2026-03-06T17:00:00+00:00,84.36,84.69,83.64,84.21,213817.73
2026-03-06T18:00:00+00:00,84.21,85.63,84.18,85.28,146510.453
2026-03-06T19:00:00+00:00,85.27,85.9,85.15,85.21,86020.068
2026-03-06T20:00:00+00:00,85.21,85.47,84.56,85.01,94338.925
2026-03-06T21:00:00+00:00,85.0,85.11,84.44,84.72,54803.483
2026-03-06T22:00:00+00:00,84.73,85.06,84.54,84.96,44413.765
2026-03-06T23:00:00+00:00,84.97,85.04,84.63,84.7,49193.687
2026-03-07T00:00:00+00:00,84.69,85.07,84.52,84.75,56964.654
2026-03-07T01:00:00+00:00,84.75,84.89,84.59,84.71,49953.609
2026-03-07T02:00:00+00:00,84.71,84.74,84.32,84.65,55038.47
2026-03-07T03:00:00+00:00,84.66,85.07,84.35,84.52,65250.121
2026-03-07T04:00:00+00:00,84.53,84.56,84.0,84.27,68614.36
2026-03-07T05:00:00+00:00,84.27,84.5,84.09,84.34,37816.816
2026-03-07T06:00:00+00:00,84.34,84.34,83.9,84.03,55763.877
2026-03-07T07:00:00+00:00,84.04,84.49,83.9,84.32,71808.806
2026-03-07T08:00:00+00:00,84.33,84.66,84.12,84.37,69394.137
2026-03-07T09:00:00+00:00,84.36,84.69,84.21,84.58,35107.135
2026-03-07T10:00:00+00:00,84.57,84.76,84.41,84.5,37536.795
2026-03-07T11:00:00+00:00,84.5,84.91,84.26,84.66,71018.17
2026-03-07T12:00:00+00:00,84.66,84.78,84.28,84.3,40233.173
2026-03-07T13:00:00+00:00,84.3,84.55,84.13,84.31,45427.014
2026-03-07T14:00:00+00:00,84.3,84.42,83.67,84.23,93764.712
2026-03-07T15:00:00+00:00,84.23,84.23,83.42,83.75,93366.76
2026-03-07T16:00:00+00:00,83.75,83.8,83.5,83.59,53769.92
2026-03-07T17:00:00+00:00,83.59,84.08,83.56,83.61,56510.733
2026-03-07T18:00:00+00:00,83.62,83.63,83.01,83.38,63067.128
2026-03-07T19:00:00+00:00,83.39,83.39,82.28,82.53,189520.722
2026-03-07T20:00:00+00:00,82.52,83.13,82.51,83.02,52748.953
2026-03-07T21:00:00+00:00,83.03,83.3,82.89,83.28,39410.388
2026-03-07T22:00:00+00:00,83.28,83.32,82.66,82.98,40735.668
2026-03-07T23:00:00+00:00,82.99,83.26,82.93,83.22,22459.6
2026-03-08T00:00:00+00:00,83.22,83.49,82.93,83.06,50570.392
2026-03-08T01:00:00+00:00,83.07,83.22,82.7,82.98,46972.021
2026-03-08T02:00:00+00:00,82.97,83.1,82.11,82.39,85729.662
2026-03-08T03:00:00+00:00,82.4,82.75,82.27,82.34,73458.716
2026-03-08T04:00:00+00:00,82.34,82.56,81.74,81.97,77784.722
2026-03-08T05:00:00+00:00,81.97,82.79,81.94,82.5,48694.47
2026-03-08T06:00:00+00:00,82.5,82.61,82.27,82.45,36024.004
2026-03-08T07:00:00+00:00,82.46,83.1,82.4,82.95,100258.788
2026-03-08T08:00:00+00:00,82.95,83.12,82.51,83.1,52426.94
2026-03-08T09:00:00+00:00,83.1,83.39,82.78,83.17,86398.009
2026-03-08T10:00:00+00:00,83.16,84.13,83.16,83.67,112462.162
2026-03-08T11:00:00+00:00,83.66,83.66,82.64,82.81,88942.843
2026-03-08T12:00:00+00:00,82.81,83.01,81.61,82.31,158953.223
2026-03-08T13:00:00+00:00,82.32,82.47,81.18,82.08,172664.234
2026-03-08T14:00:00+00:00,82.09,82.37,81.95,82.32,54763.253
2026-03-08T15:00:00+00:00,82.31,82.41,81.83,82.06,58026.408
2026-03-08T16:00:00+00:00,82.06,82.17,81.36,81.52,71633.842
2026-03-08T17:00:00+00:00,81.53,82.0,81.38,81.69,52595.734
2026-03-08T18:00:00+00:00,81.69,81.8,81.31,81.6,37246.073
2026-03-08T19:00:00+00:00,81.6,82.65,81.5,82.49,81555.493
2026-03-08T20:00:00+00:00,82.48,82.96,82.11,82.33,62872.965
2026-03-08T21:00:00+00:00,82.34,82.44,81.71,82.25,57079.305
2026-03-08T22:00:00+00:00,82.26,82.51,80.26,81.99,326683.312
2026-03-08T23:00:00+00:00,81.99,82.44,81.48,81.59,109169.116
2026-03-09T00:00:00+00:00,81.6,83.29,81.54,82.35,129493.989
2026-03-09T01:00:00+00:00,82.35,82.9,81.86,82.1,129359.924
2026-03-09T02:00:00+00:00,82.11,82.93,81.65,82.67,112144.389
2026-03-09T03:00:00+00:00,82.67,84.5,82.62,83.16,217327.042
2026-03-09T04:00:00+00:00,83.16,83.89,83.09,83.19,97069.2
2026-03-09T05:00:00+00:00,83.2,84.61,83.13,84.27,176351.987
2026-03-09T06:00:00+00:00,84.28,84.31,83.1,83.13,85824.206
2026-03-09T07:00:00+00:00,83.13,83.3,82.33,83.18,111173.413
2026-03-09T08:00:00+00:00,83.18,83.86,82.94,83.73,93188.375
2026-03-09T09:00:00+00:00,83.73,84.6,83.32,84.05,193765.658
2026-03-09T10:00:00+00:00,84.05,84.26,83.49,83.75,147705.72
2026-03-09T11:00:00+00:00,83.75,83.93,83.12,83.59,67034.301
2026-03-09T12:00:00+00:00,83.58,84.22,83.41,84.0,96561.37
2026-03-09T13:00:00+00:00,84.01,85.75,83.98,85.16,299402.248
2026-03-09T14:00:00+00:00,85.15,85.71,84.56,85.3,235679.216
2026-03-09T15:00:00+00:00,85.3,85.45,84.62,85.05,108533.49
2026-03-09T16:00:00+00:00,85.05,85.63,84.7,85.14,115404.62
2026-03-09T17:00:00+00:00,85.14,85.42,84.26,85.09,132680.561
2026-03-09T18:00:00+00:00,85.09,85.58,84.48,85.19,166065.752
2026-03-09T19:00:00+00:00,85.18,87.06,85.07,85.97,312517.042
2026-03-09T20:00:00+00:00,85.97,86.18,85.28,85.81,108352.279
2026-03-09T21:00:00+00:00,85.8,86.36,85.69,86.0,97905.622
2026-03-09T22:00:00+00:00,86.01,86.3,85.59,85.74,167508.306
2026-03-09T23:00:00+00:00,85.73,86.02,84.84,84.96,193008.579
2026-03-10T00:00:00+00:00,84.95,85.96,84.83,85.57,116446.234
2026-03-10T01:00:00+00:00,85.56,85.97,85.11,85.74,76889.233
2026-03-10T02:00:00+00:00,85.73,86.91,85.46,86.62,175054.95
2026-03-10T03:00:00+00:00,86.62,86.75,85.5,85.55,168758.239
2026-03-10T04:00:00+00:00,85.56,86.65,85.41,86.54,105860.265
2026-03-10T05:00:00+00:00,86.54,86.99,86.34,86.4,117416.609
2026-03-10T06:00:00+00:00,86.41,86.69,85.99,86.35,74998.15
2026-03-10T07:00:00+00:00,86.36,86.9,86.2,86.7,172974.509
2026-03-10T08:00:00+00:00,86.71,87.43,86.58,86.71,193604.098
2026-03-10T09:00:00+00:00,86.71,87.48,86.64,87.24,141536.366
2026-03-10T10:00:00+00:00,87.23,87.67,86.8,87.09,108806.993
2026-03-10T11:00:00+00:00,87.1,87.2,86.62,86.79,88893.352
2026-03-10T12:00:00+00:00,86.8,86.86,86.29,86.7,85702.794
2026-03-10T13:00:00+00:00,86.7,87.3,85.75,86.08,189494.756
2026-03-10T14:00:00+00:00,86.09,88.23,84.91,88.1,432043.456
2026-03-10T15:00:00+00:00,88.1,88.61,87.26,88.33,279778.807
2026-03-10T16:00:00+00:00,88.34,88.7,87.65,88.39,201728.708
2026-03-10T17:00:00+00:00,88.39,88.8,87.63,87.94,136159.122
2026-03-10T18:00:00+00:00,87.94,88.0,86.1,86.25,226753.453
2026-03-10T19:00:00+00:00,86.25,86.46,85.66,86.02,138125.915
2026-03-10T20:00:00+00:00,86.01,86.4,85.94,86.24,79585.123
2026-03-10T21:00:00+00:00,86.24,86.44,85.25,85.71,125270.051
2026-03-10T22:00:00+00:00,85.7,85.84,85.01,85.53,138552.299
2026-03-10T23:00:00+00:00,85.52,85.89,85.35,85.88,69461.652
2026-03-11T00:00:00+00:00,85.88,86.24,85.59,86.01,102258.222
2026-03-11T01:00:00+00:00,86.02,86.28,85.66,86.09,59592.891
2026-03-11T02:00:00+00:00,86.09,86.21,85.48,85.92,75527.398
2026-03-11T03:00:00+00:00,85.92,86.18,85.53,85.63,48879.48
2026-03-11T04:00:00+00:00,85.63,86.84,85.49,86.72,107119.153
2026-03-11T05:00:00+00:00,86.71,86.88,85.6,85.72,132761.619
2026-03-11T06:00:00+00:00,85.72,86.17,85.66,86.02,63478.709
2026-03-11T07:00:00+00:00,86.03,86.15,85.14,85.45,72691.017
2026-03-11T08:00:00+00:00,85.44,85.61,85.09,85.5,93396.321
2026-03-11T09:00:00+00:00,85.49,85.6,84.72,84.88,88856.511
2026-03-11T10:00:00+00:00,84.88,85.53,84.84,85.25,71848.529
2026-03-11T11:00:00+00:00,85.25,85.32,84.39,84.55,149408.535
2026-03-11T12:00:00+00:00,84.54,85.72,84.36,85.2,153299.061
2026-03-11T13:00:00+00:00,85.2,87.4,85.12,85.98,400330.804
2026-03-11T14:00:00+00:00,85.97,87.2,85.75,86.53,262382.483
2026-03-11T15:00:00+00:00,86.54,86.65,84.57,85.4,181137.704
2026-03-11T16:00:00+00:00,85.41,86.59,85.3,86.44,123270.968
2026-03-11T17:00:00+00:00,86.45,87.84,86.44,87.27,286565.248
2026-03-11T18:00:00+00:00,87.26,88.09,87.15,87.81,258288.118
2026-03-11T19:00:00+00:00,87.82,87.86,87.02,87.29,164934.031
2026-03-11T20:00:00+00:00,87.28,87.43,87.01,87.29,66407.715
2026-03-11T21:00:00+00:00,87.28,87.61,87.14,87.52,69125.113
2026-03-11T22:00:00+00:00,87.53,87.94,86.84,87.05,79215.466
2026-03-11T23:00:00+00:00,87.04,87.22,86.46,86.58,71400.643
2026-03-12T00:00:00+00:00,86.58,86.78,86.37,86.68,44398.309
2026-03-12T01:00:00+00:00,86.68,86.71,85.95,86.05,77895.522
2026-03-12T02:00:00+00:00,86.05,86.16,85.17,85.21,122155.34
2026-03-12T03:00:00+00:00,85.21,85.43,84.72,85.01,113250.614
2026-03-12T04:00:00+00:00,85.02,85.42,84.9,85.11,84621.659
2026-03-12T05:00:00+00:00,85.11,85.33,84.89,85.13,59426.88
2026-03-12T06:00:00+00:00,85.13,85.42,84.97,85.39,61922.485
2026-03-12T07:00:00+00:00,85.39,85.9,85.0,85.82,113800.472
2026-03-12T08:00:00+00:00,85.82,86.16,85.39,85.96,101054.374
2026-03-12T09:00:00+00:00,85.95,86.7,85.45,86.18,103503.89
2026-03-12T10:00:00+00:00,86.19,87.04,86.04,86.76,143733.523
2026-03-12T11:00:00+00:00,86.76,87.13,86.63,86.79,100204.367
2026-03-12T12:00:00+00:00,86.8,87.51,86.55,87.25,167183.352
2026-03-12T13:00:00+00:00,87.25,87.69,86.34,86.74,277091.076
2026-03-12T14:00:00+00:00,86.75,87.66,85.2,85.54,301206.294
2026-03-12T15:00:00+00:00,85.54,87.03,85.12,86.58,241985.719
2026-03-12T16:00:00+00:00,86.57,87.09,85.8,86.79,171667.75
2026-03-12T17:00:00+00:00,86.8,86.99,86.33,86.59,127410.46
2026-03-12T18:00:00+00:00,86.6,86.82,85.81,85.86,100155.805
2026-03-12T19:00:00+00:00,85.86,86.94,85.68,86.8,108672.039
2026-03-12T20:00:00+00:00,86.79,86.96,86.42,86.45,65879.289
2026-03-12T21:00:00+00:00,86.45,86.68,86.18,86.54,43379.749
2026-03-12T22:00:00+00:00,86.54,86.6,85.96,86.3,65974.118
2026-03-12T23:00:00+00:00,86.3,87.23,86.28,86.84,117108.062
2026-03-13T00:00:00+00:00,86.83,91.14,86.71,89.78,781802.591
2026-03-13T01:00:00+00:00,89.77,90.74,89.77,90.45,292699.981
2026-03-13T02:00:00+00:00,90.46,90.59,88.93,89.09,203686.501
2026-03-13T03:00:00+00:00,89.08,89.98,88.89,89.69,141724.039
2026-03-13T04:00:00+00:00,89.7,89.74,89.19,89.35,73707.147
2026-03-13T05:00:00+00:00,89.34,89.47,88.87,89.09,128059.749
2026-03-13T06:00:00+00:00,89.09,89.22,88.27,88.4,121530.81
2026-03-13T07:00:00+00:00,88.41,88.97,88.15,88.68,163550.146
2026-03-13T08:00:00+00:00,88.68,89.67,88.32,89.16,158340.177
2026-03-13T09:00:00+00:00,89.15,89.65,88.79,89.5,94880.868
2026-03-13T10:00:00+00:00,89.5,90.31,89.46,90.19,218252.637
2026-03-13T11:00:00+00:00,90.2,90.45,89.97,90.33,117541.108
2026-03-13T12:00:00+00:00,90.32,91.38,90.14,91.0,224030.936
2026-03-13T13:00:00+00:00,91.0,92.31,90.92,91.87,386101.366
2026-03-13T14:00:00+00:00,91.88,92.98,90.46,90.69,567469.055
2026-03-13T15:00:00+00:00,90.7,91.24,89.3,89.49,275507.331
2026-03-13T16:00:00+00:00,89.49,89.96,88.84,89.61,177846.091
2026-03-13T17:00:00+00:00,89.6,90.15,88.58,88.87,185337.804
2026-03-13T18:00:00+00:00,88.88,89.14,88.37,88.82,126803.537
2026-03-13T19:00:00+00:00,88.82,89.05,88.39,88.92,121476.693
2026-03-13T20:00:00+00:00,88.91,89.11,88.54,88.91,102313.043
2026-03-13T21:00:00+00:00,88.91,89.16,88.34,88.56,74797.538
2026-03-13T22:00:00+00:00,88.56,88.66,87.73,88.01,142064.468
2026-03-13T23:00:00+00:00,88.01,88.26,87.8,88.18,60855.001
2026-03-14T00:00:00+00:00,88.17,88.39,87.84,87.94,71977.285
2026-03-14T01:00:00+00:00,87.94,88.38,87.79,88.23,110581.474
2026-03-14T02:00:00+00:00,88.24,88.32,88.0,88.23,40175.898
2026-03-14T03:00:00+00:00,88.23,88.62,88.23,88.4,54063.118
2026-03-14T04:00:00+00:00,88.4,88.71,88.21,88.25,73146.138
2026-03-14T05:00:00+00:00,88.26,88.41,87.89,88.08,65563.426
2026-03-14T06:00:00+00:00,88.08,88.1,86.92,87.25,133158.293
2026-03-14T07:00:00+00:00,87.26,87.45,87.18,87.33,60006.169
2026-03-14T08:00:00+00:00,87.32,87.55,87.08,87.15,72572.647
2026-03-14T09:00:00+00:00,87.16,87.31,86.65,86.85,77235.994
2026-03-14T10:00:00+00:00,86.84,86.93,86.51,86.65,62019.555
2026-03-14T11:00:00+00:00,86.65,87.01,86.64,86.96,71648.582
2026-03-14T12:00:00+00:00,86.95,87.13,86.81,87.11,67799.127
2026-03-14T13:00:00+00:00,87.1,87.36,87.03,87.11,45078.876
2026-03-14T14:00:00+00:00,87.11,87.24,86.63,86.72,82438.383
2026-03-14T15:00:00+00:00,86.72,86.92,86.63,86.72,48750.061
2026-03-14T16:00:00+00:00,86.72,87.13,86.62,87.07,38599.297
2026-03-14T17:00:00+00:00,87.07,87.09,86.84,86.9,24472.038
2026-03-14T18:00:00+00:00,86.89,87.11,86.79,87.04,25019.028
2026-03-14T19:00:00+00:00,87.03,87.1,86.9,87.0,34686.957
2026-03-14T20:00:00+00:00,87.01,87.18,86.87,87.08,30651.475
2026-03-14T21:00:00+00:00,87.09,87.35,86.87,87.28,33747.697
2026-03-14T22:00:00+00:00,87.29,87.46,87.22,87.31,53866.103
2026-03-14T23:00:00+00:00,87.32,88.16,87.32,88.03,120885.418
2026-03-15T00:00:00+00:00,88.04,88.21,87.67,87.76,55005.092
2026-03-15T01:00:00+00:00,87.75,87.92,87.58,87.69,33332.202
2026-03-15T02:00:00+00:00,87.69,88.65,87.68,88.3,119402.83
2026-03-15T03:00:00+00:00,88.3,88.43,87.7,87.86,64498.478
2026-03-15T04:00:00+00:00,87.86,88.33,87.85,88.32,43304.159
2026-03-15T05:00:00+00:00,88.32,88.66,88.11,88.31,107511.493
2026-03-15T06:00:00+00:00,88.32,88.59,88.09,88.35,87223.295
2026-03-15T07:00:00+00:00,88.35,88.53,88.11,88.22,46860.933
2026-03-15T08:00:00+00:00,88.22,88.52,88.14,88.5,57963.047
2026-03-15T09:00:00+00:00,88.49,88.88,88.42,88.54,62813.234
2026-03-15T10:00:00+00:00,88.55,88.71,88.38,88.47,29081.054
2026-03-15T11:00:00+00:00,88.48,88.68,88.24,88.55,40797.882
2026-03-15T12:00:00+00:00,88.56,88.56,88.19,88.26,38350.67
2026-03-15T13:00:00+00:00,88.27,88.4,87.36,87.85,142377.54
2026-03-15T14:00:00+00:00,87.84,88.0,87.57,87.97,48107.156
2026-03-15T15:00:00+00:00,87.98,88.12,87.77,87.9,29254.385
2026-03-15T16:00:00+00:00,87.9,88.05,87.45,87.55,46110.269
2026-03-15T17:00:00+00:00,87.55,88.8,87.5,88.43,62720.93
2026-03-15T18:00:00+00:00,88.44,88.69,87.85,87.92,101328.805
2026-03-15T19:00:00+00:00,87.92,88.29,87.82,88.19,55175.366
2026-03-15T20:00:00+00:00,88.19,89.0,87.98,88.76,84397.3
2026-03-15T21:00:00+00:00,88.76,90.3,88.56,90.0,162489.769
2026-03-15T22:00:00+00:00,90.0,92.93,89.84,92.64,658611.089
2026-03-15T23:00:00+00:00,92.65,93.23,91.61,92.3,437830.127
2026-03-16T00:00:00+00:00,92.31,93.06,91.88,92.01,259086.705
2026-03-16T01:00:00+00:00,92.02,92.25,91.49,92.11,180226.11
2026-03-16T02:00:00+00:00,92.11,92.28,91.18,91.48,116121.238
2026-03-16T03:00:00+00:00,91.48,94.0,91.27,93.16,458891.09
2026-03-16T04:00:00+00:00,93.17,94.24,92.94,93.62,312953.898
2026-03-16T05:00:00+00:00,93.63,94.32,93.21,94.04,292011.033
2026-03-16T06:00:00+00:00,94.05,94.05,93.15,93.4,224747.841
2026-03-16T07:00:00+00:00,93.41,93.86,93.32,93.56,145371.565
2026-03-16T08:00:00+00:00,93.56,94.02,92.57,92.86,167100.649
2026-03-16T09:00:00+00:00,92.86,93.47,92.73,93.29,97496.348
2026-03-16T10:00:00+00:00,93.3,93.96,93.26,93.9,109568.569
2026-03-16T11:00:00+00:00,93.9,93.99,93.53,93.75,78824.842
2026-03-16T12:00:00+00:00,93.75,94.2,93.4,93.77,226479.987
2026-03-16T13:00:00+00:00,93.78,95.13,93.43,93.68,390863.053
2026-03-16T14:00:00+00:00,93.68,94.54,92.37,93.6,521940.608
2026-03-16T15:00:00+00:00,93.61,94.35,93.09,93.2,384587.906
2026-03-16T16:00:00+00:00,93.2,94.06,93.13,93.81,248258.917
2026-03-16T17:00:00+00:00,93.82,94.4,93.7,94.08,150409.15
2026-03-16T18:00:00+00:00,94.08,95.09,94.05,94.38,226550.375
2026-03-16T19:00:00+00:00,94.39,95.48,94.16,95.21,207797.032
2026-03-16T20:00:00+00:00,95.21,95.97,95.06,95.78,158562.836
2026-03-16T21:00:00+00:00,95.77,96.88,95.5,96.17,233033.253
2026-03-16T22:00:00+00:00,96.17,97.68,96.17,96.37,244973.655
2026-03-16T23:00:00+00:00,96.36,96.47,95.41,96.2,185793.961
2026-03-17T00:00:00+00:00,96.19,96.95,95.13,95.49,283437.372
2026-03-17T01:00:00+00:00,95.49,96.09,94.95,95.72,222433.889
2026-03-17T02:00:00+00:00,95.72,95.77,94.88,95.15,103613.227
2026-03-17T03:00:00+00:00,95.14,95.29,93.71,94.07,214697.28
2026-03-17T04:00:00+00:00,94.07,94.28,93.2,93.8,138298.247
2026-03-17T05:00:00+00:00,93.8,94.1,93.36,93.8,82496.31
2026-03-17T06:00:00+00:00,93.8,94.3,93.47,93.89,90874.811
2026-03-17T07:00:00+00:00,93.9,94.66,93.87,94.44,78265.31
2026-03-17T08:00:00+00:00,94.43,94.95,94.29,94.41,84102.321
2026-03-17T09:00:00+00:00,94.41,95.09,93.69,93.9,150777.279
2026-03-17T10:00:00+00:00,93.9,94.06,93.25,93.57,96721.233
2026-03-17T11:00:00+00:00,93.58,93.91,93.4,93.66,82684.117
2026-03-17T12:00:00+00:00,93.67,94.08,93.15,93.42,82757.453
2026-03-17T13:00:00+00:00,93.41,94.56,93.35,93.8,149522.224
2026-03-17T14:00:00+00:00,93.8,94.68,93.5,94.5,123788.354
2026-03-17T15:00:00+00:00,94.5,95.13,93.25,93.82,167269.698
2026-03-17T16:00:00+00:00,93.82,94.79,93.72,94.39,111228.548
2026-03-17T17:00:00+00:00,94.39,94.72,94.15,94.57,73681.594
2026-03-17T18:00:00+00:00,94.57,95.59,94.45,95.32,111610.271
2026-03-17T19:00:00+00:00,95.33,95.57,94.61,94.67,99645.456
2026-03-17T20:00:00+00:00,94.66,95.03,94.41,94.9,57213.595
2026-03-17T21:00:00+00:00,94.89,95.46,94.84,95.26,47584.894
2026-03-17T22:00:00+00:00,95.27,95.62,94.59,95.33,114073.088
2026-03-17T23:00:00+00:00,95.32,95.44,94.58,94.62,66781.015
2026-03-18T00:00:00+00:00,94.61,94.93,94.1,94.53,83553.595
2026-03-18T01:00:00+00:00,94.54,94.93,94.32,94.43,53801.001
2026-03-18T02:00:00+00:00,94.43,95.23,94.41,94.94,60158.536
2026-03-18T03:00:00+00:00,94.94,95.65,94.82,95.05,57186.508
2026-03-18T04:00:00+00:00,95.06,95.12,94.0,94.13,122330.349
2026-03-18T05:00:00+00:00,94.13,94.39,93.72,93.92,94114.902
2026-03-18T06:00:00+00:00,93.92,94.64,93.92,94.21,32296.467
2026-03-18T07:00:00+00:00,94.22,94.3,93.83,93.95,77208.886
2026-03-18T08:00:00+00:00,93.95,94.26,93.94,94.04,143876.437
2026-03-18T09:00:00+00:00,94.04,94.44,93.95,94.28,41873.834
2026-03-18T10:00:00+00:00,94.28,94.43,93.51,93.86,61539.605
2026-03-18T11:00:00+00:00,93.85,94.08,91.82,92.0,398489.14
2026-03-18T12:00:00+00:00,92.0,92.03,90.31,90.43,329039.565
2026-03-18T13:00:00+00:00,90.43,90.75,89.9,90.32,224420.912
2026-03-18T14:00:00+00:00,90.32,90.4,88.85,88.96,316126.804
2026-03-18T15:00:00+00:00,88.95,89.49,88.55,89.37,252007.921
2026-03-18T16:00:00+00:00,89.36,89.36,88.61,88.97,152656.968
2026-03-18T17:00:00+00:00,88.97,90.36,88.83,89.94,223980.805
2026-03-18T18:00:00+00:00,89.94,90.86,89.38,89.58,185763.514
2026-03-18T19:00:00+00:00,89.58,90.07,89.44,89.71,72107.455
2026-03-18T20:00:00+00:00,89.7,90.13,88.99,89.99,109988.962
2026-03-18T21:00:00+00:00,89.99,90.62,89.94,90.47,62582.031
2026-03-18T22:00:00+00:00,90.46,90.48,89.92,90.02,90116.209
2026-03-18T23:00:00+00:00,90.02,90.16,89.69,90.08,48641.152
2026-03-19T00:00:00+00:00,90.07,90.3,89.82,90.11,46120.613
2026-03-19T01:00:00+00:00,90.11,90.38,89.92,90.19,48869.649
2026-03-19T02:00:00+00:00,90.18,90.39,89.79,89.99,37552.218
2026-03-19T03:00:00+00:00,89.99,91.41,89.92,90.74,139276.39
2026-03-19T04:00:00+00:00,90.74,90.74,89.75,89.91,110340.258
2026-03-19T05:00:00+00:00,89.91,90.11,89.66,89.76,59591.973
2026-03-19T06:00:00+00:00,89.77,90.12,89.52,89.86,75452.788
2026-03-19T07:00:00+00:00,89.87,90.05,88.63,89.42,202158.079
2026-03-19T08:00:00+00:00,89.41,89.64,89.09,89.34,75679.599
2026-03-19T09:00:00+00:00,89.35,90.39,89.17,90.2,143688.439
2026-03-19T10:00:00+00:00,90.19,90.48,89.78,89.81,76729.913
2026-03-19T11:00:00+00:00,89.81,90.03,89.47,89.62,52020.688
2026-03-19T12:00:00+00:00,89.62,89.62,88.03,88.11,163403.702
2026-03-19T13:00:00+00:00,88.11,88.74,87.55,88.52,300882.59
2026-03-19T14:00:00+00:00,88.52,88.9,87.45,88.23,135406.721
2026-03-19T15:00:00+00:00,88.23,88.76,87.15,87.63,169527.342
2026-03-19T16:00:00+00:00,87.63,87.8,87.0,87.69,152916.464
2026-03-19T17:00:00+00:00,87.68,88.35,87.07,88.14,125746.156
2026-03-19T18:00:00+00:00,88.13,88.32,87.66,88.13,71688.212
2026-03-19T19:00:00+00:00,88.13,89.26,88.12,88.72,171099.084
2026-03-19T20:00:00+00:00,88.71,89.21,88.66,88.99,47285.133
2026-03-19T21:00:00+00:00,88.98,89.32,88.88,89.11,50451.599
2026-03-19T22:00:00+00:00,89.12,89.17,88.37,88.76,67142.826
2026-03-19T23:00:00+00:00,88.77,89.19,88.59,88.89,86512.488
2026-03-20T00:00:00+00:00,88.9,89.43,88.87,89.41,115517.781
2026-03-20T01:00:00+00:00,89.41,89.8,89.33,89.47,86311.253
2026-03-20T02:00:00+00:00,89.47,89.6,88.88,89.31,76719.431
2026-03-20T03:00:00+00:00,89.31,89.71,89.24,89.57,46905.05
2026-03-20T04:00:00+00:00,89.57,89.75,88.73,89.28,58282.758
2026-03-20T05:00:00+00:00,89.28,89.55,88.87,89.36,85138.884
2026-03-20T06:00:00+00:00,89.36,89.36,88.94,89.09,50121.692
2026-03-20T07:00:00+00:00,89.1,89.5,88.5,89.37,87659.839
2026-03-20T08:00:00+00:00,89.38,90.45,89.32,89.78,183448.656
2026-03-20T09:00:00+00:00,89.78,89.78,88.65,88.97,195400.219
2026-03-20T10:00:00+00:00,88.97,89.49,88.61,89.33,68618.617
2026-03-20T11:00:00+00:00,89.33,89.6,88.88,89.15,80571.353
2026-03-20T12:00:00+00:00,89.15,89.53,89.02,89.15,61257.87
2026-03-20T13:00:00+00:00,89.15,89.64,88.61,88.82,139694.376
2026-03-20T14:00:00+00:00,88.81,89.73,88.51,88.92,169226.971
2026-03-20T15:00:00+00:00,88.92,89.32,88.61,88.94,169038.847
2026-03-20T16:00:00+00:00,88.94,89.23,88.62,88.9,63508.936
2026-03-20T17:00:00+00:00,88.91,89.04,88.13,88.89,87589.258
2026-03-20T18:00:00+00:00,88.89,89.0,88.16,88.56,64131.638
2026-03-20T19:00:00+00:00,88.56,89.06,88.22,88.99,42811.993
2026-03-20T20:00:00+00:00,88.99,89.36,88.65,89.01,62913.671
2026-03-20T21:00:00+00:00,89.01,90.04,88.92,89.6,95606.756
2026-03-20T22:00:00+00:00,89.59,90.26,89.59,90.1,74316.501
2026-03-20T23:00:00+00:00,90.09,90.13,89.72,89.84,36619.188
2026-03-21T00:00:00+00:00,89.85,90.24,89.84,90.02,41496.784
2026-03-21T01:00:00+00:00,90.01,90.34,89.73,89.87,37421.316
2026-03-21T02:00:00+00:00,89.86,90.65,89.76,90.47,49011.324
2026-03-21T03:00:00+00:00,90.47,90.6,90.33,90.45,33767.296
2026-03-21T04:00:00+00:00,90.45,90.81,90.16,90.28,53147.882
2026-03-21T05:00:00+00:00,90.29,90.52,89.96,89.97,38471.726
2026-03-21T06:00:00+00:00,89.97,90.32,89.91,90.16,29966.894
2026-03-21T07:00:00+00:00,90.17,90.4,89.93,90.12,122405.536
2026-03-21T08:00:00+00:00,90.12,90.13,89.81,90.0,48027.382
2026-03-21T09:00:00+00:00,89.99,90.4,89.97,90.19,52752.409
2026-03-21T10:00:00+00:00,90.2,90.24,89.89,89.97,31107.833
2026-03-21T11:00:00+00:00,89.97,90.02,89.82,89.94,21826.21
2026-03-21T12:00:00+00:00,89.95,90.2,89.88,90.2,29812.595
2026-03-21T13:00:00+00:00,90.19,90.29,89.98,90.04,36310.601
2026-03-21T14:00:00+00:00,90.04,90.42,89.66,89.67,51739.307
2026-03-21T15:00:00+00:00,89.68,89.94,89.39,89.82,57434.723
2026-03-21T16:00:00+00:00,89.83,90.0,89.57,89.69,38519.26
2026-03-21T17:00:00+00:00,89.69,89.71,89.41,89.56,37345.038
2026-03-21T18:00:00+00:00,89.55,89.95,89.55,89.78,25053.877
2026-03-21T19:00:00+00:00,89.77,89.91,89.7,89.79,13022.281
2026-03-21T20:00:00+00:00,89.8,90.29,89.78,90.16,33931.329
2026-03-21T21:00:00+00:00,90.16,90.22,89.92,90.01,30285.664
2026-03-21T22:00:00+00:00,90.0,90.07,89.82,89.9,24057.518
2026-03-21T23:00:00+00:00,89.9,89.9,87.14,87.56,304930.44
2026-03-22T00:00:00+00:00,87.55,87.78,86.26,87.33,339154.713
2026-03-22T01:00:00+00:00,87.32,87.72,86.96,87.45,96494.182
2026-03-22T02:00:00+00:00,87.46,88.48,87.36,88.16,102700.819
2026-03-22T03:00:00+00:00,88.15,89.17,87.77,88.68,158878.58
2026-03-22T04:00:00+00:00,88.67,89.2,88.6,89.03,110061.941
2026-03-22T05:00:00+00:00,89.02,89.02,88.44,88.48,52610.097
2026-03-22T06:00:00+00:00,88.48,88.48,88.14,88.2,51616.173
2026-03-22T07:00:00+00:00,88.2,88.33,87.67,87.7,56190.27
2026-03-22T08:00:00+00:00,87.7,87.74,86.85,87.38,120066.892
2026-03-22T09:00:00+00:00,87.37,87.66,87.19,87.32,57757.205
2026-03-22T10:00:00+00:00,87.32,87.51,87.23,87.34,33476.888
2026-03-22T11:00:00+00:00,87.34,87.51,86.84,86.85,92663.715
2026-03-22T12:00:00+00:00,86.84,87.47,86.82,87.27,77026.59
2026-03-22T13:00:00+00:00,87.27,87.74,87.01,87.33,55735.335
2026-03-22T14:00:00+00:00,87.32,87.6,87.04,87.21,34427.89
2026-03-22T15:00:00+00:00,87.2,87.59,87.17,87.57,38789.341
2026-03-22T16:00:00+00:00,87.58,87.71,87.26,87.48,46686.867
2026-03-22T17:00:00+00:00,87.48,87.56,87.2,87.26,35622.948
2026-03-22T18:00:00+00:00,87.26,87.32,86.51,87.01,68498.263
2026-03-22T19:00:00+00:00,87.01,87.02,86.57,86.86,46219.433
2026-03-22T20:00:00+00:00,86.87,87.19,86.55,86.58,39894.334
2026-03-22T21:00:00+00:00,86.58,86.64,85.14,85.99,227010.73
2026-03-22T22:00:00+00:00,86.0,86.77,85.51,86.75,134319.981
2026-03-22T23:00:00+00:00,86.75,87.02,86.01,86.2,62183.944
2026-03-23T00:00:00+00:00,86.21,86.61,85.47,85.9,95776.646
2026-03-23T01:00:00+00:00,85.9,86.61,85.74,86.09,73802.008
2026-03-23T02:00:00+00:00,86.1,86.98,86.05,86.7,77009.926
2026-03-23T03:00:00+00:00,86.71,87.22,86.38,86.4,72226.015
2026-03-23T04:00:00+00:00,86.39,86.92,86.32,86.91,75312.646
2026-03-23T05:00:00+00:00,86.9,87.33,86.85,87.19,150192.718
2026-03-23T06:00:00+00:00,87.18,87.18,85.44,85.75,121269.028
2026-03-23T07:00:00+00:00,85.75,86.23,85.11,85.99,148108.547
2026-03-23T08:00:00+00:00,86.0,86.46,85.85,85.95,72114.435
2026-03-23T09:00:00+00:00,85.96,86.02,85.19,85.76,64088.273
2026-03-23T10:00:00+00:00,85.76,86.32,85.66,86.06,69860.499
2026-03-23T11:00:00+00:00,86.06,91.93,86.05,88.78,1261151.171
2026-03-23T12:00:00+00:00,88.78,90.5,88.33,90.23,243562.245
2026-03-23T13:00:00+00:00,90.24,91.49,89.9,91.34,278888.197
2026-03-23T14:00:00+00:00,91.34,91.73,91.04,91.51,255223.122
2026-03-23T15:00:00+00:00,91.52,92.26,89.8,89.95,369568.413
2026-03-23T16:00:00+00:00,89.96,90.47,89.4,90.35,228912.646
2026-03-23T17:00:00+00:00,90.35,91.44,89.7,91.28,325650.2
2026-03-23T18:00:00+00:00,91.28,91.8,90.93,91.62,149681.925
2026-03-23T19:00:00+00:00,91.61,91.9,91.24,91.39,97938.154
2026-03-23T20:00:00+00:00,91.38,92.02,91.24,91.79,94180.832
2026-03-23T21:00:00+00:00,91.79,91.97,91.51,91.62,66820.345
2026-03-23T22:00:00+00:00,91.62,91.9,91.17,91.52,109154.989
2026-03-23T23:00:00+00:00,91.52,91.57,90.98,91.43,61213.408
2026-03-24T00:00:00+00:00,91.44,91.68,90.6,91.0,102391.064
2026-03-24T01:00:00+00:00,90.99,91.05,90.14,90.41,70453.471
2026-03-24T02:00:00+00:00,90.41,90.76,90.12,90.16,73422.54
2026-03-24T03:00:00+00:00,90.15,90.35,89.96,90.35,77268.912
2026-03-24T04:00:00+00:00,90.34,90.82,90.14,90.34,48977.891
2026-03-24T05:00:00+00:00,90.35,90.41,89.99,90.13,106395.582
2026-03-24T06:00:00+00:00,90.13,90.53,90.06,90.47,71939.711
2026-03-24T07:00:00+00:00,90.47,91.89,90.4,91.72,143786.298
2026-03-24T08:00:00+00:00,91.71,91.95,91.26,91.58,125737.523
2026-03-24T09:00:00+00:00,91.57,92.15,91.12,92.11,132029.602
2026-03-24T10:00:00+00:00,92.12,92.22,91.74,91.86,99413.836
2026-03-24T11:00:00+00:00,91.86,92.17,91.36,91.77,150059.549
2026-03-24T12:00:00+00:00,91.78,91.86,91.36,91.59,77407.943
2026-03-24T13:00:00+00:00,91.58,91.75,89.54,89.86,413859.265
2026-03-24T14:00:00+00:00,89.86,90.23,88.7,89.57,353590.373
2026-03-24T15:00:00+00:00,89.57,90.3,89.51,89.74,141150.91
2026-03-24T16:00:00+00:00,89.74,89.98,89.09,89.28,100063.621
2026-03-24T17:00:00+00:00,89.29,89.4,88.72,89.18,133600.759
2026-03-24T18:00:00+00:00,89.18,89.69,88.89,88.9,107610.072
2026-03-24T19:00:00+00:00,88.91,89.31,88.42,88.52,109765.428
2026-03-24T20:00:00+00:00,88.53,90.24,88.51,90.04,175031.153
2026-03-24T21:00:00+00:00,90.04,90.6,89.69,90.39,83945.162
2026-03-24T22:00:00+00:00,90.39,90.77,90.07,90.32,74457.469
2026-03-24T23:00:00+00:00,90.32,91.13,90.23,90.8,113684.392
2026-03-25T00:00:00+00:00,90.8,91.62,90.71,91.32,101137.968
2026-03-25T01:00:00+00:00,91.32,91.47,90.94,90.94,84865.272
2026-03-25T02:00:00+00:00,90.95,91.5,90.82,91.13,68514.385
2026-03-25T03:00:00+00:00,91.13,91.95,90.79,91.69,117772.064
2026-03-25T04:00:00+00:00,91.69,92.11,91.59,92.05,76104.695
2026-03-25T05:00:00+00:00,92.06,92.96,91.97,92.42,185267.194
2026-03-25T06:00:00+00:00,92.42,92.93,92.27,92.39,183879.63
2026-03-25T07:00:00+00:00,92.4,92.5,91.76,91.81,191315.001
2026-03-25T08:00:00+00:00,91.82,92.74,91.82,92.36,200647.47
2026-03-25T09:00:00+00:00,92.36,92.67,92.13,92.55,93647.34
2026-03-25T10:00:00+00:00,92.54,92.7,92.39,92.65,68796.195
2026-03-25T11:00:00+00:00,92.64,93.47,92.45,92.99,148705.129
2026-03-25T12:00:00+00:00,92.99,93.43,92.34,93.04,110254.029
2026-03-25T13:00:00+00:00,93.04,93.41,92.69,92.74,112467.542
2026-03-25T14:00:00+00:00,92.74,92.91,91.92,91.95,196999.622
2026-03-25T15:00:00+00:00,91.95,92.07,91.0,91.77,147975.747
2026-03-25T16:00:00+00:00,91.77,92.73,91.59,92.21,124790.117
2026-03-25T17:00:00+00:00,92.21,92.34,91.6,91.71,65953.776
2026-03-25T18:00:00+00:00,91.71,92.19,91.46,91.69,61214.826
2026-03-25T19:00:00+00:00,91.69,91.99,91.4,91.75,68043.82
2026-03-25T20:00:00+00:00,91.76,91.78,91.1,91.48,82448.824
2026-03-25T21:00:00+00:00,91.48,91.62,91.16,91.27,42763.554
2026-03-25T22:00:00+00:00,91.27,91.96,91.03,91.75,91198.167
2026-03-25T23:00:00+00:00,91.74,91.84,91.47,91.7,27772.431
2026-03-26T00:00:00+00:00,91.7,91.98,91.49,91.7,51535.06
2026-03-26T01:00:00+00:00,91.7,91.96,91.6,91.84,35941.924
2026-03-26T02:00:00+00:00,91.83,91.85,90.67,90.96,92459.774
2026-03-26T03:00:00+00:00,90.95,91.16,90.61,91.07,58450.865
2026-03-26T04:00:00+00:00,91.07,91.08,90.68,90.82,48628.506
2026-03-26T05:00:00+00:00,90.82,90.85,89.12,89.26,277728.842
2026-03-26T06:00:00+00:00,89.25,89.31,88.81,89.05,329412.575
2026-03-26T07:00:00+00:00,89.06,89.36,88.81,89.1,168076.562
2026-03-26T08:00:00+00:00,89.1,89.11,88.65,88.88,138024.485
2026-03-26T09:00:00+00:00,88.88,89.02,87.73,88.12,240968.725
2026-03-26T10:00:00+00:00,88.12,88.34,87.79,87.94,121539.491
2026-03-26T11:00:00+00:00,87.95,88.13,87.45,87.58,121574.105
2026-03-26T12:00:00+00:00,87.58,87.81,87.41,87.56,112669.299
2026-03-26T13:00:00+00:00,87.56,88.24,87.33,87.92,198994.361
2026-03-26T14:00:00+00:00,87.93,88.19,87.17,87.54,118178.539
2026-03-26T15:00:00+00:00,87.54,87.81,86.73,87.54,178122.496
2026-03-26T16:00:00+00:00,87.53,87.73,87.14,87.2,84015.702
2026-03-26T17:00:00+00:00,87.2,87.49,86.51,86.63,163673.469
2026-03-26T18:00:00+00:00,86.62,86.82,85.73,86.06,196675.941
2026-03-26T19:00:00+00:00,86.06,86.08,85.45,85.48,126627.532
2026-03-26T20:00:00+00:00,85.48,87.12,85.45,86.34,343432.645
2026-03-26T21:00:00+00:00,86.35,87.14,86.22,86.84,133063.293
2026-03-26T22:00:00+00:00,86.83,86.89,86.22,86.81,84572.706
2026-03-26T23:00:00+00:00,86.82,86.96,86.19,86.53,141825.839
2026-03-27T00:00:00+00:00,86.52,86.8,86.19,86.55,84026.558
2026-03-27T01:00:00+00:00,86.54,86.9,86.44,86.88,45844.148
2026-03-27T02:00:00+00:00,86.89,87.04,86.53,86.7,50701.692
2026-03-27T03:00:00+00:00,86.69,86.79,86.35,86.42,53449.298
2026-03-27T04:00:00+00:00,86.42,86.44,85.74,86.17,81989.63
2026-03-27T05:00:00+00:00,86.16,86.75,85.93,86.1,82267.303
2026-03-27T06:00:00+00:00,86.1,86.39,85.89,86.07,115810.021
2026-03-27T07:00:00+00:00,86.07,86.34,85.69,85.92,156251.618
2026-03-27T08:00:00+00:00,85.92,86.14,84.38,85.12,332021.293
2026-03-27T09:00:00+00:00,85.12,85.26,84.42,85.08,131235.962
2026-03-27T10:00:00+00:00,85.08,85.15,82.66,83.02,335210.803
2026-03-27T11:00:00+00:00,83.02,83.64,82.63,83.39,142067.094
2026-03-27T12:00:00+00:00,83.39,83.44,83.06,83.1,133674.647
2026-03-27T13:00:00+00:00,83.11,83.56,82.5,82.95,154175.508
2026-03-27T14:00:00+00:00,82.94,83.36,82.6,83.18,161801.571
2026-03-27T15:00:00+00:00,83.17,84.03,82.98,83.35,150423.916
2026-03-27T16:00:00+00:00,83.36,83.38,82.66,83.03,118104.972
2026-03-27T17:00:00+00:00,83.02,83.44,82.09,82.23,146042.935
2026-03-27T18:00:00+00:00,82.24,82.5,81.86,82.39,93955.977
2026-03-27T19:00:00+00:00,82.39,82.91,82.08,82.81,70084.519
2026-03-27T20:00:00+00:00,82.81,82.98,82.38,82.77,65976.801
2026-03-27T21:00:00+00:00,82.77,83.07,82.69,82.76,61047.984
2026-03-27T22:00:00+00:00,82.75,82.84,82.54,82.73,32997.509
2026-03-27T23:00:00+00:00,82.74,83.14,82.48,83.11,41400.311
2026-03-28T00:00:00+00:00,83.11,83.11,82.72,82.86,57245.309
2026-03-28T01:00:00+00:00,82.85,82.87,82.25,82.66,44813.065
2026-03-28T02:00:00+00:00,82.66,82.91,82.38,82.56,40076.714
2026-03-28T03:00:00+00:00,82.57,82.73,82.52,82.6,24901.154
2026-03-28T04:00:00+00:00,82.6,82.79,82.4,82.58,50335.614
2026-03-28T05:00:00+00:00,82.58,82.79,82.38,82.75,55267.935
2026-03-28T06:00:00+00:00,82.75,83.27,82.66,83.18,70444.576
2026-03-28T07:00:00+00:00,83.18,83.67,83.17,83.62,50900.791
2026-03-28T08:00:00+00:00,83.62,83.73,83.38,83.4,84802.586
2026-03-28T09:00:00+00:00,83.4,83.4,82.94,83.06,48143.767
2026-03-28T10:00:00+00:00,83.05,83.33,82.69,83.01,102770.307
2026-03-28T11:00:00+00:00,83.01,83.06,82.9,82.94,58113.804
2026-03-28T12:00:00+00:00,82.94,83.2,82.6,82.68,81112.283
2026-03-28T13:00:00+00:00,82.68,84.12,82.67,83.38,225595.857
2026-03-28T14:00:00+00:00,83.37,83.55,83.0,83.24,118941.947
2026-03-28T15:00:00+00:00,83.23,84.29,83.19,83.83,162336.37
2026-03-28T16:00:00+00:00,83.84,83.95,83.49,83.57,69669.772
2026-03-28T17:00:00+00:00,83.57,83.74,83.14,83.32,38740.195
2026-03-28T18:00:00+00:00,83.32,83.54,83.3,83.39,20910.23
2026-03-28T19:00:00+00:00,83.38,83.43,83.04,83.28,29415.302
2026-03-28T20:00:00+00:00,83.28,83.52,83.28,83.42,33498.062
2026-03-28T21:00:00+00:00,83.41,83.45,82.36,82.72,78766.36
2026-03-28T22:00:00+00:00,82.71,82.91,82.47,82.8,44094.896
2026-03-28T23:00:00+00:00,82.8,82.8,81.69,82.09,76113.203
2026-03-29T00:00:00+00:00,82.09,82.28,81.87,82.21,51595.123
2026-03-29T01:00:00+00:00,82.21,82.53,82.1,82.48,49552.709
2026-03-29T02:00:00+00:00,82.48,82.84,82.42,82.78,35965.477
2026-03-29T03:00:00+00:00,82.77,83.24,82.7,83.0,44557.145
2026-03-29T04:00:00+00:00,83.01,83.04,82.73,82.79,34134.855
2026-03-29T05:00:00+00:00,82.78,82.88,82.41,82.73,68245.478
2026-03-29T06:00:00+00:00,82.72,82.84,82.3,82.5,79316.849
2026-03-29T07:00:00+00:00,82.5,82.62,82.23,82.45,26674.436
2026-03-29T08:00:00+00:00,82.45,82.61,82.34,82.47,29135.411
2026-03-29T09:00:00+00:00,82.47,82.54,82.17,82.36,40111.786
2026-03-29T10:00:00+00:00,82.35,82.35,81.98,82.12,79816.919
2026-03-29T11:00:00+00:00,82.13,82.84,82.12,82.58,39523.09
2026-03-29T12:00:00+00:00,82.59,82.65,82.23,82.44,22024.176
2026-03-29T13:00:00+00:00,82.45,82.47,81.7,81.92,69929.335
2026-03-29T14:00:00+00:00,81.92,82.44,81.72,81.93,75078.311
2026-03-29T15:00:00+00:00,81.94,82.15,81.36,81.81,75435.12
2026-03-29T16:00:00+00:00,81.82,82.12,81.63,81.71,37772.353
2026-03-29T17:00:00+00:00,81.71,81.86,81.12,81.56,52785.709
2026-03-29T18:00:00+00:00,81.56,81.92,81.4,81.81,43402.023
2026-03-29T19:00:00+00:00,81.81,81.88,81.56,81.62,25961.521
2026-03-29T20:00:00+00:00,81.62,82.23,81.6,81.94,35772.079
2026-03-29T21:00:00+00:00,81.93,82.21,81.84,82.16,38375.802
2026-03-29T22:00:00+00:00,82.15,82.15,78.96,80.94,410570.719
2026-03-29T23:00:00+00:00,80.94,81.71,80.9,81.44,158937.049
2026-03-30T00:00:00+00:00,81.45,83.02,81.15,81.89,201566.907
2026-03-30T01:00:00+00:00,81.89,82.89,81.89,82.71,97142.913
2026-03-30T02:00:00+00:00,82.72,83.94,82.46,83.35,190107.21
2026-03-30T03:00:00+00:00,83.34,83.56,82.92,83.27,208885.27
2026-03-30T04:00:00+00:00,83.27,83.86,83.26,83.77,113016.083
2026-03-30T05:00:00+00:00,83.76,84.18,83.47,83.64,153389.765
2026-03-30T06:00:00+00:00,83.63,83.87,83.41,83.47,92004.223
2026-03-30T07:00:00+00:00,83.47,84.26,83.34,84.02,89788.412
2026-03-30T08:00:00+00:00,84.01,84.88,84.0,84.52,186065.17
2026-03-30T09:00:00+00:00,84.52,84.52,84.11,84.14,93614.904
2026-03-30T10:00:00+00:00,84.14,84.21,83.55,83.92,111879.965
2026-03-30T11:00:00+00:00,83.92,84.68,83.85,84.24,122130.83
2026-03-30T12:00:00+00:00,84.25,84.61,84.12,84.49,77978.031
2026-03-30T13:00:00+00:00,84.5,84.99,83.93,84.01,165967.554
2026-03-30T14:00:00+00:00,84.01,84.64,83.65,84.39,171840.32
2026-03-30T15:00:00+00:00,84.4,84.76,83.88,84.51,95252.597
2026-03-30T16:00:00+00:00,84.5,84.55,83.93,84.22,75791.355
2026-03-30T17:00:00+00:00,84.22,84.42,83.08,83.26,147393.075
2026-03-30T18:00:00+00:00,83.25,83.43,82.45,82.69,95755.724
2026-03-30T19:00:00+00:00,82.68,82.7,81.96,82.39,192899.919
2026-03-30T20:00:00+00:00,82.38,82.9,82.36,82.79,70569.422
2026-03-30T21:00:00+00:00,82.79,83.68,82.69,83.15,122870.066
2026-03-30T22:00:00+00:00,83.16,83.5,82.65,82.81,68184.857
2026-03-30T23:00:00+00:00,82.81,82.82,82.14,82.54,81760.115
2026-03-31T00:00:00+00:00,82.55,82.96,82.15,82.72,126644.711
2026-03-31T01:00:00+00:00,82.73,84.62,82.6,83.85,193362.99
2026-03-31T02:00:00+00:00,83.85,84.07,83.59,83.83,62943.331
2026-03-31T03:00:00+00:00,83.82,83.92,83.28,83.6,61472.044
2026-03-31T04:00:00+00:00,83.6,83.91,83.28,83.34,71785.547
2026-03-31T05:00:00+00:00,83.33,83.77,82.9,83.77,92075.74
2026-03-31T06:00:00+00:00,83.76,83.83,83.05,83.41,154631.335
2026-03-31T07:00:00+00:00,83.41,83.44,82.68,83.1,96262.538
2026-03-31T08:00:00+00:00,83.1,83.35,82.24,82.25,111641.931
2026-03-31T09:00:00+00:00,82.25,82.47,80.08,80.55,315942.656
2026-03-31T10:00:00+00:00,80.55,80.94,80.33,80.47,308094.472
2026-03-31T11:00:00+00:00,80.47,80.98,80.28,80.85,598514.137
2026-03-31T12:00:00+00:00,80.85,81.09,80.4,80.78,160227.835
2026-03-31T13:00:00+00:00,80.78,82.04,80.74,81.86,227823.557
2026-03-31T14:00:00+00:00,81.85,82.59,80.4,80.63,316619.553
2026-03-31T15:00:00+00:00,80.63,81.68,80.63,80.86,224959.964
2026-03-31T16:00:00+00:00,80.87,82.9,80.87,82.39,230192.279
2026-03-31T17:00:00+00:00,82.39,83.47,82.18,82.37,338534.6
2026-03-31T18:00:00+00:00,82.38,83.09,82.38,82.9,96879.037
2026-03-31T19:00:00+00:00,82.89,82.97,82.47,82.7,108873.806
2026-03-31T20:00:00+00:00,82.7,83.4,82.61,83.16,108571.274
2026-03-31T21:00:00+00:00,83.17,83.19,82.63,82.86,64304.631
2026-03-31T22:00:00+00:00,82.86,82.91,82.33,82.76,103145.473
2026-03-31T23:00:00+00:00,82.77,83.26,82.67,83.2,99063.985
2026-04-01T00:00:00+00:00,83.19,83.58,82.85,83.4,116027.246
2026-04-01T01:00:00+00:00,83.41,83.47,82.72,82.73,110495.773
2026-04-01T02:00:00+00:00,82.74,82.91,82.48,82.65,88838.454
2026-04-01T03:00:00+00:00,82.65,83.49,82.65,83.43,85944.144
2026-04-01T04:00:00+00:00,83.44,83.86,83.26,83.74,88247.889
2026-04-01T05:00:00+00:00,83.75,84.32,83.36,84.14,167165.592
2026-04-01T06:00:00+00:00,84.14,84.74,84.02,84.45,177830.249
2026-04-01T07:00:00+00:00,84.46,84.74,83.81,83.84,145404.671
2026-04-01T08:00:00+00:00,83.84,84.06,83.43,83.62,146907.27
2026-04-01T09:00:00+00:00,83.63,83.77,83.14,83.38,109881.683
2026-04-01T10:00:00+00:00,83.38,83.5,83.07,83.38,81067.595
2026-04-01T11:00:00+00:00,83.37,83.58,83.17,83.37,74746.573
2026-04-01T12:00:00+00:00,83.37,83.73,82.8,83.03,199960.544
2026-04-01T13:00:00+00:00,83.04,83.44,82.4,82.67,218718.109
2026-04-01T14:00:00+00:00,82.66,83.56,82.51,83.39,129609.47
2026-04-01T15:00:00+00:00,83.39,83.88,83.09,83.63,145917.338
2026-04-01T16:00:00+00:00,83.62,85.33,83.08,85.26,390123.785
2026-04-01T17:00:00+00:00,85.25,86.65,84.25,84.44,616272.702
2026-04-01T18:00:00+00:00,84.43,84.49,83.55,83.66,216910.208
2026-04-01T19:00:00+00:00,83.65,84.43,83.64,83.82,112939.113
2026-04-01T20:00:00+00:00,83.83,83.88,82.3,82.57,316647.927
2026-04-01T21:00:00+00:00,82.57,83.18,81.42,81.86,326505.001
2026-04-01T22:00:00+00:00,81.85,81.94,80.77,81.17,463686.526
2026-04-01T23:00:00+00:00,81.17,81.45,81.02,81.18,146888.258
2026-04-02T00:00:00+00:00,81.19,81.77,80.92,81.63,198692.283
2026-04-02T01:00:00+00:00,81.63,81.63,78.97,79.34,702613.936
2026-04-02T02:00:00+00:00,79.34,79.34,78.3,78.87,302770.452
2026-04-02T03:00:00+00:00,78.87,79.41,78.69,79.01,215221.874
2026-04-02T04:00:00+00:00,79.01,79.19,78.75,78.82,167055.798
2026-04-02T05:00:00+00:00,78.83,79.43,78.62,79.26,157478.908
2026-04-02T06:00:00+00:00,79.26,79.43,78.95,79.12,86802.46
2026-04-02T07:00:00+00:00,79.13,79.67,79.0,79.65,105177.822
2026-04-02T08:00:00+00:00,79.64,79.64,79.04,79.12,90547.611
2026-04-02T09:00:00+00:00,79.12,79.36,78.93,79.26,93954.137
2026-04-02T10:00:00+00:00,79.27,79.32,78.8,78.9,78991.595
2026-04-02T11:00:00+00:00,78.9,78.99,78.2,78.31,148254.603
2026-04-02T12:00:00+00:00,78.32,78.59,77.9,77.97,197811.948
2026-04-02T13:00:00+00:00,77.96,78.25,76.7,77.74,382868.641
2026-04-02T14:00:00+00:00,77.74,79.73,77.51,79.07,364053.235
2026-04-02T15:00:00+00:00,79.07,79.25,78.35,79.03,155636.865
2026-04-02T16:00:00+00:00,79.03,79.88,78.71,79.43,158990.839
2026-04-02T17:00:00+00:00,79.42,79.67,78.55,78.59,142495.533
2026-04-02T18:00:00+00:00,78.59,79.28,78.43,79.13,107582.843
2026-04-02T19:00:00+00:00,79.13,79.25,78.7,78.98,90831.436
2026-04-02T20:00:00+00:00,78.99,79.37,78.77,79.16,89222.859
2026-04-02T21:00:00+00:00,79.17,79.24,78.63,78.97,60590.981
2026-04-02T22:00:00+00:00,78.96,79.14,78.73,78.99,57726.551
2026-04-02T23:00:00+00:00,78.99,79.15,78.8,78.94,54651.053
2026-04-03T00:00:00+00:00,78.95,79.38,78.87,79.23,78128.319
2026-04-03T01:00:00+00:00,79.23,79.79,79.0,79.17,92445.152
2026-04-03T02:00:00+00:00,79.18,79.6,78.85,79.34,99358.891
2026-04-03T03:00:00+00:00,79.34,79.45,78.99,79.0,97247.356
2026-04-03T04:00:00+00:00,79.0,79.53,78.99,79.32,111135.402
2026-04-03T05:00:00+00:00,79.32,79.65,79.06,79.33,63190.817
2026-04-03T06:00:00+00:00,79.33,79.71,79.2,79.65,49213.313
2026-04-03T07:00:00+00:00,79.65,80.16,79.45,79.96,134713.467
2026-04-03T08:00:00+00:00,79.96,80.17,79.64,79.77,87758.295
2026-04-03T09:00:00+00:00,79.77,80.21,79.65,79.96,117351.42
2026-04-03T10:00:00+00:00,79.96,80.2,79.69,80.15,89581.143
2026-04-03T11:00:00+00:00,80.16,80.47,79.89,80.18,91553.87
2026-04-03T12:00:00+00:00,80.18,80.91,79.23,79.34,165855.35
2026-04-03T13:00:00+00:00,79.34,79.62,79.17,79.6,104138.368
2026-04-03T14:00:00+00:00,79.6,80.33,79.43,80.25,99555.591
2026-04-03T15:00:00+00:00,80.24,80.65,80.14,80.33,131705.256
2026-04-03T16:00:00+00:00,80.33,80.67,80.23,80.56,125165.993
2026-04-03T17:00:00+00:00,80.55,80.56,79.89,80.2,69415.87
2026-04-03T18:00:00+00:00,80.19,80.45,80.08,80.13,85158.765
2026-04-03T19:00:00+00:00,80.13,80.3,79.87,80.21,74087.112
2026-04-03T20:00:00+00:00,80.21,80.33,80.16,80.2,44248.261
2026-04-03T21:00:00+00:00,80.2,80.73,80.12,80.4,84658.953
2026-04-03T22:00:00+00:00,80.41,80.5,79.92,80.15,69753.543
2026-04-03T23:00:00+00:00,80.16,80.54,80.13,80.4,65419.233
2026-04-04T00:00:00+00:00,80.39,80.42,80.15,80.24,56986.549
2026-04-04T01:00:00+00:00,80.23,80.34,80.06,80.14,54973.599
2026-04-04T02:00:00+00:00,80.14,80.34,80.07,80.19,65160.808
2026-04-04T03:00:00+00:00,80.18,80.29,80.16,80.18,29018.663
2026-04-04T04:00:00+00:00,80.18,80.32,80.15,80.26,19975.281
2026-04-04T05:00:00+00:00,80.26,80.3,80.11,80.2,57290.303
2026-04-04T06:00:00+00:00,80.19,80.54,80.14,80.46,26493.465
2026-04-04T07:00:00+00:00,80.47,80.49,80.21,80.32,26720.191
2026-04-04T08:00:00+00:00,80.32,80.4,79.93,79.99,21625.421
2026-04-04T09:00:00+00:00,79.98,80.1,79.92,80.04,32317.567
2026-04-04T10:00:00+00:00,80.04,80.29,80.02,80.24,48628.483
2026-04-04T11:00:00+00:00,80.23,80.29,80.04,80.21,43563.575
2026-04-04T12:00:00+00:00,80.2,80.25,80.01,80.1,23509.011
2026-04-04T13:00:00+00:00,80.11,80.26,79.93,80.03,42115.386
2026-04-04T14:00:00+00:00,80.03,80.37,79.57,80.36,79005.693
2026-04-04T15:00:00+00:00,80.35,81.61,80.27,81.1,300533.562
2026-04-04T16:00:00+00:00,81.1,81.35,80.7,80.74,135478.508
2026-04-04T17:00:00+00:00,80.75,81.03,80.61,80.93,59516.434
2026-04-04T18:00:00+00:00,80.93,81.13,80.7,80.84,55736.89
2026-04-04T19:00:00+00:00,80.84,81.32,80.75,80.85,80586.312
2026-04-04T20:00:00+00:00,80.86,80.87,80.62,80.81,42197.014
2026-04-04T21:00:00+00:00,80.8,81.04,80.76,80.92,194621.832
2026-04-04T22:00:00+00:00,80.93,81.06,80.88,81.0,39947.849
2026-04-04T23:00:00+00:00,81.0,81.0,80.7,80.83,26928.371
2026-04-05T00:00:00+00:00,80.84,80.85,80.54,80.7,32065.423
2026-04-05T01:00:00+00:00,80.7,80.79,80.49,80.51,32829.588
2026-04-05T02:00:00+00:00,80.5,80.64,80.37,80.59,42963.308
2026-04-05T03:00:00+00:00,80.59,80.62,80.41,80.55,14283.619
2026-04-05T04:00:00+00:00,80.55,80.58,80.29,80.33,44259.412
2026-04-05T05:00:00+00:00,80.33,80.43,80.14,80.31,49078.887
2026-04-05T06:00:00+00:00,80.3,80.38,79.41,79.59,153896.649
2026-04-05T07:00:00+00:00,79.59,79.88,79.51,79.6,70495.297
2026-04-05T08:00:00+00:00,79.59,79.71,79.54,79.62,52925.655
2026-04-05T09:00:00+00:00,79.62,79.88,79.62,79.84,26469.593
2026-04-05T10:00:00+00:00,79.83,80.24,79.78,79.84,47152.197
2026-04-05T11:00:00+00:00,79.84,79.92,79.75,79.9,31689.336
2026-04-05T12:00:00+00:00,79.91,79.95,78.8,79.0,102171.653
2026-04-05T13:00:00+00:00,79.01,79.25,78.52,79.21,101430.707
2026-04-05T14:00:00+00:00,79.21,79.48,79.13,79.29,39060.526
2026-04-05T15:00:00+00:00,79.29,80.33,79.0,79.6,146587.812
2026-04-05T16:00:00+00:00,79.59,79.82,79.39,79.46,54565.511
2026-04-05T17:00:00+00:00,79.47,79.93,79.37,79.9,45366.939
2026-04-05T18:00:00+00:00,79.89,80.14,79.71,79.95,60124.344
2026-04-05T19:00:00+00:00,79.96,80.23,79.54,79.83,45422.467
2026-04-05T20:00:00+00:00,79.83,80.22,79.81,80.16,42413.324
2026-04-05T21:00:00+00:00,80.16,80.19,79.51,79.75,59461.943
2026-04-05T22:00:00+00:00,79.74,80.69,79.1,80.58,153206.215
2026-04-05T23:00:00+00:00,80.58,82.13,80.46,81.89,284518.153
2026-04-06T00:00:00+00:00,81.89,82.97,81.89,82.32,321786.17
2026-04-06T01:00:00+00:00,82.33,82.42,81.68,81.69,124398.736
2026-04-06T02:00:00+00:00,81.7,82.8,81.66,82.41,126010.624
2026-04-06T03:00:00+00:00,82.41,82.48,81.94,82.11,111803.749
2026-04-06T04:00:00+00:00,82.11,82.34,81.79,82.0,57686.355
2026-04-06T05:00:00+00:00,81.99,82.08,81.84,81.91,44096.808
2026-04-06T06:00:00+00:00,81.9,82.14,80.97,81.5,143148.261
2026-04-06T07:00:00+00:00,81.5,81.97,81.35,81.82,98203.568
2026-04-06T08:00:00+00:00,81.83,82.26,81.71,82.0,84426.12
2026-04-06T09:00:00+00:00,81.99,83.2,81.88,82.47,234322.449
2026-04-06T10:00:00+00:00,82.47,82.9,82.47,82.68,121346.888
2026-04-06T11:00:00+00:00,82.68,82.68,82.31,82.45,57661.294
2026-04-06T12:00:00+00:00,82.44,82.53,82.21,82.3,73258.953
2026-04-06T13:00:00+00:00,82.3,82.67,82.18,82.46,95528.561
2026-04-06T14:00:00+00:00,82.46,82.81,81.73,82.23,156260.225
2026-04-06T15:00:00+00:00,82.22,82.46,82.0,82.27,102517.598
2026-04-06T16:00:00+00:00,82.28,82.48,81.58,81.59,102812.704
2026-04-06T17:00:00+00:00,81.6,81.79,81.19,81.64,107304.443
2026-04-06T18:00:00+00:00,81.64,82.22,81.55,81.88,73543.381
2026-04-06T19:00:00+00:00,81.87,81.98,81.56,81.9,64721.552
2026-04-06T20:00:00+00:00,81.91,82.15,81.81,82.0,51548.968
2026-04-06T21:00:00+00:00,82.0,82.0,81.38,81.49,59480.883
2026-04-06T22:00:00+00:00,81.48,81.51,80.16,80.17,113072.878
2026-04-06T23:00:00+00:00,80.17,80.29,79.6,80.03,205429.396
2026-04-07T00:00:00+00:00,80.03,80.23,79.6,79.91,149835.743
2026-04-07T01:00:00+00:00,79.91,80.14,79.38,79.53,106294.911
2026-04-07T02:00:00+00:00,79.53,79.9,79.47,79.72,55004.435
2026-04-07T03:00:00+00:00,79.73,79.91,79.7,79.8,49909.679
2026-04-07T04:00:00+00:00,79.8,80.17,79.67,79.92,53054.294
2026-04-07T05:00:00+00:00,79.93,79.97,79.46,79.61,82943.275
2026-04-07T06:00:00+00:00,79.6,79.65,79.31,79.53,67709.244
2026-04-07T07:00:00+00:00,79.54,79.94,79.45,79.87,100102.499
2026-04-07T08:00:00+00:00,79.87,80.36,79.82,80.14,109240.9
2026-04-07T09:00:00+00:00,80.15,80.59,80.15,80.39,89717.173
2026-04-07T10:00:00+00:00,80.38,80.46,79.22,79.37,157809.51
2026-04-07T11:00:00+00:00,79.37,79.55,78.95,79.21,140332.818
2026-04-07T12:00:00+00:00,79.22,79.39,78.69,79.14,184497.579
2026-04-07T13:00:00+00:00,79.14,79.24,78.83,78.87,101290.58
2026-04-07T14:00:00+00:00,78.88,79.06,78.4,78.59,126202.778
2026-04-07T15:00:00+00:00,78.59,78.99,78.38,78.86,119576.027
2026-04-07T16:00:00+00:00,78.86,79.19,78.65,78.89,81371.024
2026-04-07T17:00:00+00:00,78.89,81.0,78.83,80.07,304322.388
2026-04-07T18:00:00+00:00,80.07,80.23,79.51,79.94,118328.064
2026-04-07T19:00:00+00:00,79.93,81.83,79.89,81.63,347574.855
2026-04-07T20:00:00+00:00,81.63,82.41,81.63,81.93,257327.643
2026-04-07T21:00:00+00:00,81.94,83.24,81.87,82.91,234588.311
2026-04-07T22:00:00+00:00,82.92,85.24,82.91,85.24,560183.244
2026-04-07T23:00:00+00:00,85.24,87.02,85.1,85.56,715381.546
2026-04-08T00:00:00+00:00,85.56,85.9,84.26,84.76,247016.521
2026-04-08T01:00:00+00:00,84.77,84.98,84.45,84.69,113515.967
2026-04-08T02:00:00+00:00,84.68,84.97,84.4,84.61,104830.334
2026-04-08T03:00:00+00:00,84.6,84.68,84.37,84.56,115037.839
2026-04-08T04:00:00+00:00,84.56,85.03,84.49,84.49,134212.641
2026-04-08T05:00:00+00:00,84.5,84.76,84.16,84.22,91747.558
2026-04-08T06:00:00+00:00,84.22,84.71,83.89,84.55,111881.628
2026-04-08T07:00:00+00:00,84.55,84.71,84.21,84.5,113837.134
2026-04-08T08:00:00+00:00,84.51,84.88,84.43,84.86,85905.278
2026-04-08T09:00:00+00:00,84.86,84.98,84.53,84.66,60955.449
2026-04-08T10:00:00+00:00,84.66,84.8,84.49,84.5,70221.602
2026-04-08T11:00:00+00:00,84.5,84.83,84.11,84.45,176098.964
2026-04-08T12:00:00+00:00,84.46,84.69,84.09,84.54,132750.31
2026-04-08T13:00:00+00:00,84.54,84.98,83.92,84.05,261365.715
2026-04-08T14:00:00+00:00,84.05,84.16,82.51,82.9,311306.469
2026-04-08T15:00:00+00:00,82.9,83.46,82.8,83.34,168179.445
2026-04-08T16:00:00+00:00,83.33,83.6,83.05,83.48,71291.389
2026-04-08T17:00:00+00:00,83.49,84.18,83.3,83.97,91151.921
2026-04-08T18:00:00+00:00,83.98,84.03,82.82,82.93,114437.642
2026-04-08T19:00:00+00:00,82.93,83.24,82.77,83.19,64469.381
2026-04-08T20:00:00+00:00,83.19,83.38,83.02,83.28,49413.962
2026-04-08T21:00:00+00:00,83.27,83.61,83.18,83.4,43964.375
2026-04-08T22:00:00+00:00,83.4,83.44,82.6,82.63,72635.81
2026-04-08T23:00:00+00:00,82.63,83.02,82.24,82.57,146531.214
2026-04-09T00:00:00+00:00,82.56,82.67,82.08,82.21,132005.336
2026-04-09T01:00:00+00:00,82.21,82.35,81.7,82.22,183222.124
2026-04-09T02:00:00+00:00,82.23,82.44,82.06,82.12,64351.478
2026-04-09T03:00:00+00:00,82.12,82.18,81.87,82.03,87386.518
2026-04-09T04:00:00+00:00,82.02,82.03,81.82,81.84,61470.349
2026-04-09T05:00:00+00:00,81.83,82.33,81.74,82.17,73144.19
2026-04-09T06:00:00+00:00,82.17,82.37,81.85,82.18,52778.678
2026-04-09T07:00:00+00:00,82.18,82.48,82.18,82.29,48643.217
2026-04-09T08:00:00+00:00,82.29,82.65,82.16,82.48,45985.479
2026-04-09T09:00:00+00:00,82.47,82.69,82.11,82.61,64800.188
2026-04-09T10:00:00+00:00,82.6,82.66,82.37,82.58,45852.282
2026-04-09T11:00:00+00:00,82.58,82.71,82.03,82.18,71393.516
2026-04-09T12:00:00+00:00,82.18,82.39,81.94,82.28,72628.786
2026-04-09T13:00:00+00:00,82.28,82.42,81.57,81.87,82373.589
2026-04-09T14:00:00+00:00,81.87,82.32,81.4,82.19,92354.179
2026-04-09T15:00:00+00:00,82.19,83.94,81.91,83.75,278939.123
2026-04-09T16:00:00+00:00,83.75,84.24,82.92,83.68,193520.175
2026-04-09T17:00:00+00:00,83.68,84.69,83.66,84.65,217434.93
2026-04-09T18:00:00+00:00,84.65,84.7,83.45,83.83,179510.685
2026-04-09T19:00:00+00:00,83.83,84.31,83.41,84.17,153751.565
2026-04-09T20:00:00+00:00,84.16,84.53,84.09,84.27,80470.024
2026-04-09T21:00:00+00:00,84.26,84.72,84.13,84.27,122337.751
2026-04-09T22:00:00+00:00,84.27,85.95,83.95,83.99,268929.047
2026-04-09T23:00:00+00:00,83.99,84.06,83.15,83.33,102644.42
2026-04-10T00:00:00+00:00,83.33,83.39,82.89,83.13,106076.789
2026-04-10T01:00:00+00:00,83.12,83.79,82.82,83.16,97896.814
2026-04-10T02:00:00+00:00,83.16,83.46,83.03,83.25,58872.216
2026-04-10T03:00:00+00:00,83.25,83.27,82.62,82.9,74110.812
2026-04-10T04:00:00+00:00,82.89,83.53,82.87,83.36,78773.173
2026-04-10T05:00:00+00:00,83.35,83.59,83.12,83.39,54937.26
2026-04-10T06:00:00+00:00,83.39,83.47,83.1,83.2,70158.703
2026-04-10T07:00:00+00:00,83.2,83.27,82.86,82.95,47465.298
2026-04-10T08:00:00+00:00,82.95,83.11,82.7,82.92,133201.202
2026-04-10T09:00:00+00:00,82.92,83.59,82.9,83.53,99364.007
2026-04-10T10:00:00+00:00,83.52,83.54,83.11,83.31,65271.587
2026-04-10T11:00:00+00:00,83.31,83.74,83.3,83.52,134945.208
2026-04-10T12:00:00+00:00,83.52,84.42,83.36,84.11,183460.869
2026-04-10T13:00:00+00:00,84.11,84.4,83.59,84.27,133036.049
2026-04-10T14:00:00+00:00,84.27,85.24,84.19,85.08,216425.387
2026-04-10T15:00:00+00:00,85.08,85.58,84.07,84.24,160429.166
2026-04-10T16:00:00+00:00,84.25,84.91,84.14,84.84,85238.65
2026-04-10T17:00:00+00:00,84.84,84.9,84.45,84.87,52014.464
2026-04-10T18:00:00+00:00,84.88,85.27,84.62,85.21,57375.278
2026-04-10T19:00:00+00:00,85.21,85.47,85.11,85.44,60754.567
2026-04-10T20:00:00+00:00,85.45,85.67,85.05,85.45,69761.568
2026-04-10T21:00:00+00:00,85.44,85.45,84.97,85.23,52339.232
2026-04-10T22:00:00+00:00,85.24,85.28,84.65,84.87,59124.251
2026-04-10T23:00:00+00:00,84.87,84.95,84.75,84.83,35045.793
2026-04-11T00:00:00+00:00,84.83,84.85,84.52,84.68,28546.48
2026-04-11T01:00:00+00:00,84.68,84.73,84.38,84.67,36725.165
2026-04-11T02:00:00+00:00,84.68,84.93,84.59,84.8,39096.639
2026-04-11T03:00:00+00:00,84.81,84.9,84.31,84.4,47538.694
2026-04-11T04:00:00+00:00,84.4,84.62,84.21,84.38,49222.32
2026-04-11T05:00:00+00:00,84.38,84.4,84.05,84.09,63764.293
2026-04-11T06:00:00+00:00,84.09,84.19,83.87,84.13,49293.301
2026-04-11T07:00:00+00:00,84.13,84.35,84.07,84.28,33463.684
2026-04-11T08:00:00+00:00,84.27,84.43,84.17,84.17,34965.904
2026-04-11T09:00:00+00:00,84.16,84.8,84.14,84.5,59388.343
2026-04-11T10:00:00+00:00,84.49,84.53,83.95,84.05,60670.402
2026-04-11T11:00:00+00:00,84.06,84.28,83.8,84.24,51201.767
2026-04-11T12:00:00+00:00,84.24,84.57,84.06,84.24,64550.743
2026-04-11T13:00:00+00:00,84.23,84.32,83.84,84.11,48225.853
2026-04-11T14:00:00+00:00,84.11,84.42,84.02,84.38,82096.424
2026-04-11T15:00:00+00:00,84.38,84.88,84.21,84.66,113695.962
2026-04-11T16:00:00+00:00,84.67,85.4,84.6,84.98,69762.016
2026-04-11T17:00:00+00:00,84.98,85.01,84.68,84.8,44810.654
2026-04-11T18:00:00+00:00,84.8,85.8,84.64,85.48,166783.803
2026-04-11T19:00:00+00:00,85.48,86.26,85.42,86.01,132164.509
2026-04-11T20:00:00+00:00,86.01,86.08,85.12,85.4,79054.72
2026-04-11T21:00:00+00:00,85.41,85.54,85.2,85.34,37853.411
2026-04-11T22:00:00+00:00,85.33,86.19,85.05,85.28,114525.568
2026-04-11T23:00:00+00:00,85.28,85.28,84.52,84.93,63501.228
2026-04-12T00:00:00+00:00,84.94,85.0,84.7,84.9,45244.297
2026-04-12T01:00:00+00:00,84.89,84.98,82.04,82.31,308493.583
2026-04-12T02:00:00+00:00,82.3,83.03,81.84,82.67,184059.696
2026-04-12T03:00:00+00:00,82.67,82.79,82.32,82.33,92852.066
2026-04-12T04:00:00+00:00,82.32,82.46,82.15,82.21,65456.673
2026-04-12T05:00:00+00:00,82.22,82.49,82.06,82.4,73411.845
2026-04-12T06:00:00+00:00,82.4,82.5,82.2,82.27,56546.412
2026-04-12T07:00:00+00:00,82.27,82.45,82.23,82.27,36842.001
2026-04-12T08:00:00+00:00,82.28,82.31,82.15,82.29,46663.041
2026-04-12T09:00:00+00:00,82.29,82.41,82.13,82.21,60498.182
2026-04-12T10:00:00+00:00,82.21,82.34,81.93,82.04,54315.175
2026-04-12T11:00:00+00:00,82.04,82.36,81.92,82.22,98856.386
2026-04-12T12:00:00+00:00,82.21,82.56,81.88,82.02,130758.907
2026-04-12T13:00:00+00:00,82.01,82.23,81.77,81.89,116659.083
2026-04-12T14:00:00+00:00,81.89,82.1,81.29,81.56,184978.182
2026-04-12T15:00:00+00:00,81.57,81.82,81.27,81.59,86391.835
2026-04-12T16:00:00+00:00,81.59,81.88,81.53,81.88,39104.614
2026-04-12T17:00:00+00:00,81.88,82.3,81.75,82.18,55990.852
2026-04-12T18:00:00+00:00,82.19,82.32,82.04,82.13,44304.43
2026-04-12T19:00:00+00:00,82.14,82.32,81.92,81.99,27307.161
2026-04-12T20:00:00+00:00,81.98,82.88,81.94,82.67,82141.459
2026-04-12T21:00:00+00:00,82.68,82.88,82.44,82.8,62715.437
2026-04-12T22:00:00+00:00,82.79,82.82,81.37,81.98,153139.809
2026-04-12T23:00:00+00:00,81.98,81.98,81.27,81.53,68060.74
2026-04-13T00:00:00+00:00,81.54,82.22,81.4,82.15,82279.657
2026-04-13T01:00:00+00:00,82.15,82.35,81.97,82.33,65671.911
2026-04-13T02:00:00+00:00,82.33,82.44,81.89,81.94,56634.826
2026-04-13T03:00:00+00:00,81.95,82.07,81.73,81.91,40186.906
2026-04-13T04:00:00+00:00,81.9,82.25,81.85,81.9,29772.844
2026-04-13T05:00:00+00:00,81.91,81.99,81.54,81.85,37385.636
2026-04-13T06:00:00+00:00,81.85,82.6,81.81,82.36,90795.839
2026-04-13T07:00:00+00:00,82.36,82.41,81.86,82.17,58374.445
2026-04-13T08:00:00+00:00,82.17,82.32,81.74,81.86,95661.88
2026-04-13T09:00:00+00:00,81.87,82.22,81.76,81.86,92083.043
2026-04-13T10:00:00+00:00,81.86,81.97,81.64,81.73,53558.163
2026-04-13T11:00:00+00:00,81.73,82.05,81.69,81.86,50123.555
2026-04-13T12:00:00+00:00,81.86,82.79,81.82,82.54,100934.57
2026-04-13T13:00:00+00:00,82.54,83.67,82.29,83.6,232735.151
2026-04-13T14:00:00+00:00,83.6,83.81,82.76,83.77,203777.822
2026-04-13T15:00:00+00:00,83.76,83.82,82.35,82.65,144120.079
2026-04-13T16:00:00+00:00,82.66,83.62,82.34,83.35,148206.824
2026-04-13T17:00:00+00:00,83.35,83.84,83.01,83.05,82216.637
2026-04-13T18:00:00+00:00,83.05,83.27,82.58,83.22,78705.864
2026-04-13T19:00:00+00:00,83.21,84.25,83.1,84.09,183354.551
2026-04-13T20:00:00+00:00,84.09,84.36,83.81,83.93,148194.596
2026-04-13T21:00:00+00:00,83.93,84.14,83.83,83.95,71960.207
2026-04-13T22:00:00+00:00,83.95,86.47,83.94,86.22,440130.762
2026-04-13T23:00:00+00:00,86.22,86.81,85.91,86.51,363524.647
2026-04-14T00:00:00+00:00,86.51,86.75,85.37,85.91,332884.834
2026-04-14T01:00:00+00:00,85.9,86.12,85.67,85.95,121817.323
2026-04-14T02:00:00+00:00,85.96,86.39,85.8,86.22,156685.606
2026-04-14T03:00:00+00:00,86.21,86.27,85.98,86.05,65868.901
2026-04-14T04:00:00+00:00,86.05,86.06,85.56,85.89,96691.973
2026-04-14T05:00:00+00:00,85.89,85.92,85.43,85.5,56679.203
2026-04-14T06:00:00+00:00,85.5,86.09,85.5,85.94,78580.524
2026-04-14T07:00:00+00:00,85.95,86.2,85.79,85.88,133553.61
2026-04-14T08:00:00+00:00,85.88,86.38,85.72,86.12,100718.988
2026-04-14T09:00:00+00:00,86.13,86.26,85.97,86.08,72971.6
2026-04-14T10:00:00+00:00,86.08,86.56,86.0,86.01,105853.747
2026-04-14T11:00:00+00:00,86.01,86.11,85.6,85.78,174896.812
2026-04-14T12:00:00+00:00,85.78,86.0,85.6,85.96,96400.846
2026-04-14T13:00:00+00:00,85.96,87.41,85.92,87.29,300261.898
2026-04-14T14:00:00+00:00,87.3,87.67,86.01,86.02,365845.854
2026-04-14T15:00:00+00:00,86.02,86.32,85.25,85.95,229750.816
2026-04-14T16:00:00+00:00,85.95,86.17,84.77,85.04,190450.408
2026-04-14T17:00:00+00:00,85.04,85.45,84.7,85.24,98970.165
2026-04-14T18:00:00+00:00,85.25,85.42,83.89,84.08,133156.722
2026-04-14T19:00:00+00:00,84.08,84.32,83.71,83.95,148166.867
2026-04-14T20:00:00+00:00,83.94,84.14,83.41,83.61,125333.732
2026-04-14T21:00:00+00:00,83.61,83.95,83.54,83.82,75895.949
2026-04-14T22:00:00+00:00,83.81,83.94,83.3,83.51,159541.969
2026-04-14T23:00:00+00:00,83.51,84.06,83.46,83.72,112006.345
2026-04-15T00:00:00+00:00,83.72,84.06,83.53,83.78,191698.643
2026-04-15T01:00:00+00:00,83.78,84.03,83.55,83.91,132604.639
2026-04-15T02:00:00+00:00,83.92,84.02,83.13,83.4,129297.803
2026-04-15T03:00:00+00:00,83.4,83.52,83.29,83.45,39882.139
2026-04-15T04:00:00+00:00,83.45,83.66,83.32,83.61,53482.98
2026-04-15T05:00:00+00:00,83.6,83.79,82.95,83.14,129880.496
2026-04-15T06:00:00+00:00,83.13,83.14,82.86,83.01,66020.402
2026-04-15T07:00:00+00:00,83.01,83.22,82.65,82.92,114464.794
2026-04-15T08:00:00+00:00,82.92,83.29,82.71,83.14,81498.952
2026-04-15T09:00:00+00:00,83.14,83.24,82.87,83.16,73375.286
2026-04-15T10:00:00+00:00,83.16,83.66,82.9,83.15,93362.487
2026-04-15T11:00:00+00:00,83.16,83.68,83.06,83.61,98363.239
2026-04-15T12:00:00+00:00,83.6,83.89,83.38,83.72,100348.268
2026-04-15T13:00:00+00:00,83.71,83.81,83.21,83.63,120686.845
2026-04-15T14:00:00+00:00,83.63,84.49,83.41,84.3,157451.702
2026-04-15T15:00:00+00:00,84.31,84.47,83.5,84.0,141872.258
2026-04-15T16:00:00+00:00,84.0,84.7,83.9,84.54,128392.206
2026-04-15T17:00:00+00:00,84.54,85.14,84.44,84.69,129574.96
2026-04-15T18:00:00+00:00,84.7,85.06,84.59,85.03,78508.136
2026-04-15T19:00:00+00:00,85.03,85.83,84.93,85.51,151069.121
2026-04-15T20:00:00+00:00,85.51,85.56,84.63,84.79,135827.107
2026-04-15T21:00:00+00:00,84.79,84.89,84.18,84.78,92419.998
2026-04-15T22:00:00+00:00,84.78,85.59,84.73,85.02,93709.131
2026-04-15T23:00:00+00:00,85.02,85.03,84.62,84.9,68657.001
2026-04-16T00:00:00+00:00,84.9,85.06,84.48,84.92,60078.792
2026-04-16T01:00:00+00:00,84.93,84.93,84.45,84.85,48658.324
2026-04-16T02:00:00+00:00,84.84,85.58,84.71,85.1,87837.026
2026-04-16T03:00:00+00:00,85.1,85.5,85.08,85.28,73354.387
2026-04-16T04:00:00+00:00,85.29,85.56,84.99,85.24,61129.352
2026-04-16T05:00:00+00:00,85.23,85.52,85.06,85.4,46915.043
2026-04-16T06:00:00+00:00,85.41,85.54,85.18,85.47,41697.542
2026-04-16T07:00:00+00:00,85.48,85.71,85.11,85.21,92560.619
2026-04-16T08:00:00+00:00,85.21,85.31,84.9,85.03,101991.841
2026-04-16T09:00:00+00:00,85.04,85.51,84.96,85.2,112014.378
2026-04-16T10:00:00+00:00,85.2,85.25,84.64,85.04,98249.506
2026-04-16T11:00:00+00:00,85.04,85.17,84.94,85.07,45443.987
2026-04-16T12:00:00+00:00,85.07,85.5,85.06,85.38,56250.489
2026-04-16T13:00:00+00:00,85.38,86.28,83.8,84.79,288961.169
2026-04-16T14:00:00+00:00,84.79,85.7,84.06,85.39,274478.216
2026-04-16T15:00:00+00:00,85.39,87.13,85.29,86.62,437622.235
2026-04-16T16:00:00+00:00,86.62,87.09,85.63,85.94,202425.784
2026-04-16T17:00:00+00:00,85.93,86.78,85.69,86.64,161999.536
2026-04-16T18:00:00+00:00,86.65,89.09,86.5,89.01,631298.726
2026-04-16T19:00:00+00:00,89.01,90.16,88.66,90.1,365517.148
2026-04-16T20:00:00+00:00,90.1,90.53,89.24,89.59,267119.39
2026-04-16T21:00:00+00:00,89.59,89.77,88.72,88.93,165612.123
2026-04-16T22:00:00+00:00,88.94,89.46,88.87,89.0,130240.874
2026-04-16T23:00:00+00:00,88.99,89.22,88.81,89.05,88834.854
2026-04-17T00:00:00+00:00,89.06,89.19,88.58,88.82,85258.251
2026-04-17T01:00:00+00:00,88.81,89.01,87.91,88.24,112178.836
2026-04-17T02:00:00+00:00,88.24,88.36,87.55,87.86,107658.676
2026-04-17T03:00:00+00:00,87.87,87.97,87.48,87.72,61419.594
2026-04-17T04:00:00+00:00,87.73,88.28,87.69,88.0,69680.33
2026-04-17T05:00:00+00:00,88.01,88.01,87.41,87.41,111655.176
2026-04-17T06:00:00+00:00,87.41,88.1,87.36,88.0,50926.291
2026-04-17T07:00:00+00:00,88.01,88.47,87.96,88.12,118752.079
2026-04-17T08:00:00+00:00,88.13,89.08,88.11,88.93,175046.303
2026-04-17T09:00:00+00:00,88.94,89.53,88.3,88.72,170811.533
2026-04-17T10:00:00+00:00,88.71,88.74,87.34,87.67,225418.915
2026-04-17T11:00:00+00:00,87.67,88.33,87.62,88.21,80354.03
2026-04-17T12:00:00+00:00,88.22,88.92,87.91,88.89,153748.485
2026-04-17T13:00:00+00:00,88.89,90.51,88.57,90.12,1359556.702
2026-04-17T14:00:00+00:00,90.13,90.73,89.63,90.03,343923.808
2026-04-17T15:00:00+00:00,90.03,90.19,89.49,89.95,232735.556
2026-04-17T16:00:00+00:00,89.95,90.59,89.89,90.42,159251.06
2026-04-17T17:00:00+00:00,90.43,90.43,89.08,89.74,152668.559
2026-04-17T18:00:00+00:00,89.74,89.83,88.88,89.17,112300.511
2026-04-17T19:00:00+00:00,89.17,89.51,88.92,89.23,65089.358
2026-04-17T20:00:00+00:00,89.24,89.37,88.51,89.0,93772.743
2026-04-17T21:00:00+00:00,89.0,89.27,88.8,89.13,60853.085
2026-04-17T22:00:00+00:00,89.12,89.47,88.94,89.22,58243.112
2026-04-17T23:00:00+00:00,89.22,89.22,88.5,88.76,75905.395
2026-04-18T00:00:00+00:00,88.77,89.14,88.66,88.96,48970.671
2026-04-18T01:00:00+00:00,88.97,89.16,88.69,88.86,44592.735
2026-04-18T02:00:00+00:00,88.86,89.1,88.67,88.94,32482.357
2026-04-18T03:00:00+00:00,88.93,88.93,88.23,88.33,71580.668
2026-04-18T04:00:00+00:00,88.34,88.55,88.24,88.36,72227.132
2026-04-18T05:00:00+00:00,88.35,88.64,88.16,88.4,127683.444
2026-04-18T06:00:00+00:00,88.4,88.62,88.3,88.5,56816.064
2026-04-18T07:00:00+00:00,88.51,88.55,88.3,88.45,50042.388
2026-04-18T08:00:00+00:00,88.45,88.5,87.1,87.56,232918.0
2026-04-18T09:00:00+00:00,87.55,87.68,87.14,87.62,98947.072
2026-04-18T10:00:00+00:00,87.62,87.63,86.77,86.97,151899.767
2026-04-18T11:00:00+00:00,86.96,86.97,86.28,86.53,146972.063
2026-04-18T12:00:00+00:00,86.54,86.96,86.51,86.91,98586.978
2026-04-18T13:00:00+00:00,86.9,86.98,86.41,86.74,80883.184
2026-04-18T14:00:00+00:00,86.73,86.86,86.43,86.82,57419.544
2026-04-18T15:00:00+00:00,86.83,86.96,86.57,86.75,59070.871
2026-04-18T16:00:00+00:00,86.75,86.98,86.43,86.7,74388.825
2026-04-18T17:00:00+00:00,86.69,86.84,86.5,86.74,38873.484
2026-04-18T18:00:00+00:00,86.74,86.75,85.78,85.95,121979.48
2026-04-18T19:00:00+00:00,85.95,86.29,85.93,86.13,43439.191
2026-04-18T20:00:00+00:00,86.12,86.3,86.0,86.18,35078.483
2026-04-18T21:00:00+00:00,86.18,86.27,86.03,86.23,34183.22
2026-04-18T22:00:00+00:00,86.23,86.36,85.92,86.3,75875.502
2026-04-18T23:00:00+00:00,86.29,86.46,86.13,86.16,38279.42
2026-04-19T00:00:00+00:00,86.15,86.38,85.86,86.01,57223.942
2026-04-19T01:00:00+00:00,86.02,86.23,85.6,85.76,48997.978
2026-04-19T02:00:00+00:00,85.76,85.86,85.24,85.53,83467.12
2026-04-19T03:00:00+00:00,85.53,85.79,85.3,85.6,41129.482
2026-04-19T04:00:00+00:00,85.6,85.96,85.14,85.58,82555.978
2026-04-19T05:00:00+00:00,85.57,85.8,85.4,85.48,66328.951
2026-04-19T06:00:00+00:00,85.49,85.66,85.14,85.45,83883.28
2026-04-19T07:00:00+00:00,85.45,85.45,84.43,84.88,197613.905
2026-04-19T08:00:00+00:00,84.88,85.14,84.62,84.8,119645.852
2026-04-19T09:00:00+00:00,84.8,85.08,84.57,84.59,132055.579
2026-04-19T10:00:00+00:00,84.59,84.9,84.44,84.79,62625.263
2026-04-19T11:00:00+00:00,84.79,85.71,84.76,85.6,141872.079
2026-04-19T12:00:00+00:00,85.61,85.96,85.55,85.79,96077.579
2026-04-19T13:00:00+00:00,85.79,86.96,85.76,86.33,152065.711
2026-04-19T14:00:00+00:00,86.34,87.12,85.98,86.53,164411.61
2026-04-19T15:00:00+00:00,86.53,86.67,85.59,86.36,140416.061
2026-04-19T16:00:00+00:00,86.35,86.5,85.72,85.86,73020.466
2026-04-19T17:00:00+00:00,85.85,85.99,85.0,85.13,120654.588
2026-04-19T18:00:00+00:00,85.14,85.3,84.88,85.11,92210.061
2026-04-19T19:00:00+00:00,85.1,85.55,85.1,85.33,63856.716
2026-04-19T20:00:00+00:00,85.33,85.35,84.72,84.94,98797.167
2026-04-19T21:00:00+00:00,84.95,85.24,84.61,84.7,50887.136
2026-04-19T22:00:00+00:00,84.69,84.69,82.94,83.77,315408.322
2026-04-19T23:00:00+00:00,83.76,83.77,83.32,83.47,109644.239
2026-04-20T00:00:00+00:00,83.47,84.19,83.34,84.0,141045.714
2026-04-20T01:00:00+00:00,84.0,84.56,83.96,84.35,86913.604
2026-04-20T02:00:00+00:00,84.36,84.39,83.72,84.21,62274.31
2026-04-20T03:00:00+00:00,84.21,84.62,84.13,84.59,38416.721
2026-04-20T04:00:00+00:00,84.59,84.62,84.26,84.58,45116.899
2026-04-20T05:00:00+00:00,84.58,84.59,83.75,83.87,80771.681
2026-04-20T06:00:00+00:00,83.88,84.75,83.78,84.46,87312.487
2026-04-20T07:00:00+00:00,84.47,85.76,84.44,84.73,172846.754
2026-04-20T08:00:00+00:00,84.74,85.14,84.57,84.69,84844.806
2026-04-20T09:00:00+00:00,84.68,85.26,84.64,85.08,68420.163
2026-04-20T10:00:00+00:00,85.08,85.4,84.82,84.86,71989.163
2026-04-20T11:00:00+00:00,84.85,85.37,84.78,85.07,79807.506
2026-04-20T12:00:00+00:00,85.06,85.54,84.85,85.32,94827.027
2026-04-20T13:00:00+00:00,85.32,85.54,84.87,85.31,126381.106
2026-04-20T14:00:00+00:00,85.31,85.81,84.54,84.8,211847.287
2026-04-20T15:00:00+00:00,84.8,85.88,84.42,85.86,191197.267
2026-04-20T16:00:00+00:00,85.86,85.88,85.26,85.31,71216.643
2026-04-20T17:00:00+00:00,85.31,86.12,85.25,85.69,78669.488
2026-04-20T18:00:00+00:00,85.7,86.22,85.7,86.07,170230.155
2026-04-20T19:00:00+00:00,86.07,86.11,85.77,85.8,54551.552
2026-04-20T20:00:00+00:00,85.8,86.17,85.66,85.95,84584.866
2026-04-20T21:00:00+00:00,85.95,86.21,85.58,85.79,58847.703
2026-04-20T22:00:00+00:00,85.8,86.07,85.6,85.7,46906.985
2026-04-20T23:00:00+00:00,85.71,85.71,85.21,85.28,91326.863
2026-04-21T00:00:00+00:00,85.29,85.77,85.22,85.66,60105.1
2026-04-21T01:00:00+00:00,85.66,85.83,85.35,85.43,34346.207
2026-04-21T02:00:00+00:00,85.44,85.46,85.17,85.27,53373.23
2026-04-21T03:00:00+00:00,85.26,85.55,85.0,85.17,108159.268
2026-04-21T04:00:00+00:00,85.17,85.47,85.02,85.44,69685.661
2026-04-21T05:00:00+00:00,85.43,85.83,85.41,85.67,100744.595
2026-04-21T06:00:00+00:00,85.68,85.95,85.19,85.67,82830.908
2026-04-21T07:00:00+00:00,85.68,85.98,85.41,85.71,65624.687
2026-04-21T08:00:00+00:00,85.71,86.38,85.63,85.81,91833.757
2026-04-21T09:00:00+00:00,85.8,85.91,85.52,85.89,48774.102
2026-04-21T10:00:00+00:00,85.89,86.32,85.84,86.16,55031.485
2026-04-21T11:00:00+00:00,86.16,86.17,85.72,85.85,61157.727
2026-04-21T12:00:00+00:00,85.85,86.04,85.17,85.52,100889.045
2026-04-21T13:00:00+00:00,85.51,85.85,85.3,85.81,74144.263
2026-04-21T14:00:00+00:00,85.82,86.89,85.61,85.76,173602.333
2026-04-21T15:00:00+00:00,85.77,86.28,85.4,86.05,100946.108
2026-04-21T16:00:00+00:00,86.05,86.3,85.66,85.69,98335.232
2026-04-21T17:00:00+00:00,85.7,85.8,84.73,85.31,152884.363
2026-04-21T18:00:00+00:00,85.32,85.39,84.73,85.25,89556.45
2026-04-21T19:00:00+00:00,85.24,85.72,84.31,84.57,100723.14
2026-04-21T20:00:00+00:00,84.57,85.75,84.43,85.42,177588.999
2026-04-21T21:00:00+00:00,85.42,85.59,85.01,85.16,57815.667
2026-04-21T22:00:00+00:00,85.15,85.45,84.99,85.36,60127.15
2026-04-21T23:00:00+00:00,85.35,86.13,85.34,86.03,93307.792
2026-04-22T00:00:00+00:00,86.04,86.51,86.01,86.48,127542.216
2026-04-22T01:00:00+00:00,86.49,86.53,86.09,86.27,72415.9
2026-04-22T02:00:00+00:00,86.27,87.57,86.2,87.42,253231.316
2026-04-22T03:00:00+00:00,87.42,87.87,87.12,87.24,131610.959
2026-04-22T04:00:00+00:00,87.25,87.33,86.97,87.08,58817.761
2026-04-22T05:00:00+00:00,87.08,88.33,87.01,88.02,276098.053
2026-04-22T06:00:00+00:00,88.02,88.19,87.79,87.96,142534.286
2026-04-22T07:00:00+00:00,87.96,88.27,87.7,88.05,138120.081
2026-04-22T08:00:00+00:00,88.06,88.29,87.6,88.01,129429.894
2026-04-22T09:00:00+00:00,88.0,88.88,87.83,88.3,167123.192
2026-04-22T10:00:00+00:00,88.3,88.43,88.13,88.33,59553.373
2026-04-22T11:00:00+00:00,88.34,88.5,88.16,88.31,52236.225
2026-04-22T12:00:00+00:00,88.31,88.67,88.22,88.58,128408.464
2026-04-22T13:00:00+00:00,88.58,89.18,88.44,89.1,226273.151
2026-04-22T14:00:00+00:00,89.1,89.32,88.47,88.75,254829.985
2026-04-22T15:00:00+00:00,88.74,88.81,87.99,88.18,220060.944
2026-04-22T16:00:00+00:00,88.19,88.46,87.53,87.65,177009.728
2026-04-22T17:00:00+00:00,87.65,88.02,87.63,87.83,102242.707
2026-04-22T18:00:00+00:00,87.83,88.37,87.8,87.81,78895.429
2026-04-22T19:00:00+00:00,87.82,87.83,87.09,87.37,142486.93
2026-04-22T20:00:00+00:00,87.38,87.49,87.09,87.14,51156.841
2026-04-22T21:00:00+00:00,87.14,87.67,87.12,87.6,38391.914
2026-04-22T22:00:00+00:00,87.59,87.72,87.3,87.43,42600.277
2026-04-22T23:00:00+00:00,87.43,87.47,86.81,86.87,83802.209
2026-04-23T00:00:00+00:00,86.86,87.18,85.97,86.86,172699.667
2026-04-23T01:00:00+00:00,86.87,86.87,86.12,86.44,91214.741
2026-04-23T02:00:00+00:00,86.43,86.44,85.73,85.95,106182.202
2026-04-23T03:00:00+00:00,85.94,86.09,85.48,85.79,73218.061
2026-04-23T04:00:00+00:00,85.78,86.0,85.65,85.96,64355.955
2026-04-23T05:00:00+00:00,85.96,86.13,85.51,85.87,98369.178
2026-04-23T06:00:00+00:00,85.87,86.23,85.84,86.18,74788.939
2026-04-23T07:00:00+00:00,86.19,86.24,85.86,85.9,70942.293
2026-04-23T08:00:00+00:00,85.91,85.94,85.54,85.69,95461.864
2026-04-23T09:00:00+00:00,85.68,85.69,85.25,85.51,75732.373
2026-04-23T10:00:00+00:00,85.51,85.6,85.2,85.41,73948.867
2026-04-23T11:00:00+00:00,85.42,85.9,85.36,85.81,84102.281
2026-04-23T12:00:00+00:00,85.82,86.1,85.69,85.97,80870.776
2026-04-23T13:00:00+00:00,85.97,86.04,85.57,85.77,122926.006
2026-04-23T14:00:00+00:00,85.76,86.19,85.55,86.06,115785.777
2026-04-23T15:00:00+00:00,86.05,86.66,85.81,86.35,268215.498
2026-04-23T16:00:00+00:00,86.36,86.42,85.78,85.81,162577.292
2026-04-23T17:00:00+00:00,85.82,85.88,84.48,85.34,382435.06
2026-04-23T18:00:00+00:00,85.35,85.68,85.23,85.26,158433.075
2026-04-23T19:00:00+00:00,85.26,85.58,85.15,85.3,188600.339
2026-04-23T20:00:00+00:00,85.3,85.85,85.29,85.61,106937.598
2026-04-23T21:00:00+00:00,85.61,86.01,85.52,85.79,63174.881
2026-04-23T22:00:00+00:00,85.8,86.25,85.8,85.97,100121.322
2026-04-23T23:00:00+00:00,85.96,86.2,85.58,86.12,63569.194
2026-04-24T00:00:00+00:00,86.12,86.36,86.04,86.19,58919.73
2026-04-24T01:00:00+00:00,86.19,86.32,85.82,86.28,43107.554
2026-04-24T02:00:00+00:00,86.28,86.36,85.78,85.89,30027.976
2026-04-24T03:00:00+00:00,85.89,85.94,85.4,85.69,92613.027
2026-04-24T04:00:00+00:00,85.69,85.71,85.14,85.32,53578.907
2026-04-24T05:00:00+00:00,85.31,85.82,85.15,85.7,102036.139
2026-04-24T06:00:00+00:00,85.7,85.73,85.33,85.44,43334.762
2026-04-24T07:00:00+00:00,85.44,85.62,85.34,85.51,88411.579
2026-04-24T08:00:00+00:00,85.5,85.73,85.29,85.34,84858.035
2026-04-24T09:00:00+00:00,85.35,85.48,84.92,85.48,91687.327
2026-04-24T10:00:00+00:00,85.47,85.76,85.18,85.71,71177.265
2026-04-24T11:00:00+00:00,85.72,86.28,85.71,86.19,153894.168
2026-04-24T12:00:00+00:00,86.2,86.79,86.06,86.33,163867.002
2026-04-24T13:00:00+00:00,86.34,86.6,85.86,86.09,109644.856
2026-04-24T14:00:00+00:00,86.08,86.23,85.67,86.05,89286.631
2026-04-24T15:00:00+00:00,86.05,86.56,85.53,86.52,106778.777
2026-04-24T16:00:00+00:00,86.52,86.58,86.09,86.35,74474.282
2026-04-24T17:00:00+00:00,86.34,86.56,86.12,86.49,55769.856
2026-04-24T18:00:00+00:00,86.49,86.54,85.95,86.36,36132.27
2026-04-24T19:00:00+00:00,86.37,86.53,86.25,86.33,43896.721
2026-04-24T20:00:00+00:00,86.32,86.9,86.22,86.85,104016.015
2026-04-24T21:00:00+00:00,86.85,86.94,86.36,86.46,54955.947
2026-04-24T22:00:00+00:00,86.45,86.46,86.1,86.17,43500.124
2026-04-24T23:00:00+00:00,86.18,86.3,86.15,86.18,22605.713
2026-04-25T00:00:00+00:00,86.18,86.26,86.03,86.23,28986.536
2026-04-25T01:00:00+00:00,86.23,86.36,86.13,86.27,24186.905
2026-04-25T02:00:00+00:00,86.28,86.4,86.16,86.29,22169.588
2026-04-25T03:00:00+00:00,86.28,86.5,86.27,86.46,21495.799
2026-04-25T04:00:00+00:00,86.46,86.51,86.29,86.34,20095.541
2026-04-25T05:00:00+00:00,86.34,86.34,86.11,86.2,38638.35
2026-04-25T06:00:00+00:00,86.2,86.66,86.19,86.45,42154.635
2026-04-25T07:00:00+00:00,86.45,86.51,86.25,86.36,58814.025
2026-04-25T08:00:00+00:00,86.36,86.8,86.3,86.63,74414.269
2026-04-25T09:00:00+00:00,86.62,86.8,86.57,86.58,35097.574
2026-04-25T10:00:00+00:00,86.58,86.73,86.57,86.63,23513.249
2026-04-25T11:00:00+00:00,86.63,86.64,86.25,86.36,47570.775
2026-04-25T12:00:00+00:00,86.36,86.43,86.23,86.39,35887.945
2026-04-25T13:00:00+00:00,86.39,86.67,86.38,86.61,33820.926
2026-04-25T14:00:00+00:00,86.61,86.66,86.46,86.47,30516.351
2026-04-25T15:00:00+00:00,86.46,86.64,86.1,86.22,34293.686
2026-04-25T16:00:00+00:00,86.22,86.33,85.61,85.88,90095.578
2026-04-25T17:00:00+00:00,85.88,85.88,85.55,85.57,65893.504
2026-04-25T18:00:00+00:00,85.56,85.82,85.53,85.7,132658.504
2026-04-25T19:00:00+00:00,85.69,85.72,85.55,85.68,47083.529
2026-04-25T20:00:00+00:00,85.68,85.92,85.61,85.9,19049.104
2026-04-25T21:00:00+00:00,85.9,86.11,85.74,85.91,60195.901
2026-04-25T22:00:00+00:00,85.91,86.18,85.86,86.11,26636.799
2026-04-25T23:00:00+00:00,86.11,86.2,86.04,86.18,20663.363
2026-04-26T00:00:00+00:00,86.19,86.22,85.93,86.03,21382.919
2026-04-26T01:00:00+00:00,86.03,86.13,85.97,85.97,20257.17
2026-04-26T02:00:00+00:00,85.97,86.4,85.97,86.4,41425.667
2026-04-26T03:00:00+00:00,86.4,86.46,85.84,85.99,79527.902
2026-04-26T04:00:00+00:00,85.99,86.73,85.92,86.45,94667.561
2026-04-26T05:00:00+00:00,86.44,86.7,86.15,86.45,142921.579
2026-04-26T06:00:00+00:00,86.44,86.59,86.38,86.5,22622.752
2026-04-26T07:00:00+00:00,86.5,86.63,86.44,86.62,22892.858
2026-04-26T08:00:00+00:00,86.63,86.76,86.51,86.57,37931.668
2026-04-26T09:00:00+00:00,86.57,86.59,86.46,86.55,21834.957
2026-04-26T10:00:00+00:00,86.54,86.61,86.42,86.48,33217.87
2026-04-26T11:00:00+00:00,86.47,86.64,86.46,86.48,29754.692
2026-04-26T12:00:00+00:00,86.49,86.49,85.9,86.09,109065.477
2026-04-26T13:00:00+00:00,86.09,86.27,85.97,86.12,97003.615
2026-04-26T14:00:00+00:00,86.12,86.5,86.06,86.42,59997.046
2026-04-26T15:00:00+00:00,86.42,86.59,86.36,86.56,58213.931
2026-04-26T16:00:00+00:00,86.55,86.6,86.38,86.41,36339.705
2026-04-26T17:00:00+00:00,86.42,86.59,86.27,86.53,22387.757
2026-04-26T18:00:00+00:00,86.53,86.99,86.43,86.82,82390.927
2026-04-26T19:00:00+00:00,86.82,87.2,86.68,86.88,64929.569
2026-04-26T20:00:00+00:00,86.89,86.94,86.6,86.68,39823.078
2026-04-26T21:00:00+00:00,86.69,87.14,86.19,86.83,149837.103
2026-04-26T22:00:00+00:00,86.82,87.32,86.33,86.73,105092.204
2026-04-26T23:00:00+00:00,86.73,87.17,86.53,86.93,59983.445
2026-04-27T00:00:00+00:00,86.93,87.4,86.53,87.35,449528.698
2026-04-27T01:00:00+00:00,87.34,87.87,87.25,87.82,173120.482
2026-04-27T02:00:00+00:00,87.82,88.08,87.36,87.81,107886.372
2026-04-27T03:00:00+00:00,87.81,88.07,87.69,87.72,71272.346
2026-04-27T04:00:00+00:00,87.72,87.84,87.41,87.51,50545.411
2026-04-27T05:00:00+00:00,87.52,87.54,85.8,85.95,334055.439
2026-04-27T06:00:00+00:00,85.95,86.06,85.42,85.72,143088.86
2026-04-27T07:00:00+00:00,85.72,85.79,85.26,85.27,131489.492
2026-04-27T08:00:00+00:00,85.27,85.53,85.05,85.51,144091.352
2026-04-27T09:00:00+00:00,85.51,85.63,85.15,85.49,121837.239
2026-04-27T10:00:00+00:00,85.48,85.58,85.15,85.18,137125.637
2026-04-27T11:00:00+00:00,85.19,85.28,85.07,85.26,47605.485
2026-04-27T12:00:00+00:00,85.26,85.26,84.91,85.09,94824.519
2026-04-27T13:00:00+00:00,85.09,85.38,84.72,85.13,107504.866
2026-04-27T14:00:00+00:00,85.13,85.83,85.0,85.23,128931.463
2026-04-27T15:00:00+00:00,85.23,85.24,83.63,84.17,280239.463
2026-04-27T16:00:00+00:00,84.17,84.4,84.04,84.29,87373.324
2026-04-27T17:00:00+00:00,84.28,84.69,84.27,84.47,69647.055
2026-04-27T18:00:00+00:00,84.47,84.7,84.42,84.57,35052.616
2026-04-27T19:00:00+00:00,84.57,84.66,83.83,84.19,103227.317
2026-04-27T20:00:00+00:00,84.18,84.35,84.14,84.29,45598.606
2026-04-27T21:00:00+00:00,84.28,84.51,84.11,84.27,36976.65
2026-04-27T22:00:00+00:00,84.27,84.61,84.19,84.54,43183.23
2026-04-27T23:00:00+00:00,84.53,84.9,84.46,84.82,64895.769
2026-04-28T00:00:00+00:00,84.82,84.93,84.59,84.83,38462.116
2026-04-28T01:00:00+00:00,84.82,84.87,84.39,84.4,33356.184
2026-04-28T02:00:00+00:00,84.4,84.64,83.9,84.18,77933.314
2026-04-28T03:00:00+00:00,84.17,84.2,84.02,84.17,32325.583
2026-04-28T04:00:00+00:00,84.18,84.43,83.79,84.06,309426.202
2026-04-28T05:00:00+00:00,84.06,84.43,84.02,84.2,91923.26
2026-04-28T06:00:00+00:00,84.21,84.31,83.68,83.95,64058.079
2026-04-28T07:00:00+00:00,83.95,84.06,83.65,84.02,62941.48
2026-04-28T08:00:00+00:00,84.01,84.19,83.76,83.95,41869.254
2026-04-28T09:00:00+00:00,83.95,83.97,83.42,83.64,55070.64
2026-04-28T10:00:00+00:00,83.64,83.82,83.63,83.82,27404.109
2026-04-28T11:00:00+00:00,83.82,83.85,83.3,83.42,61291.254
2026-04-28T12:00:00+00:00,83.42,83.74,83.25,83.69,85949.186
2026-04-28T13:00:00+00:00,83.68,84.0,83.2,83.55,86257.387
2026-04-28T14:00:00+00:00,83.54,83.54,82.98,83.4,133500.132
2026-04-28T15:00:00+00:00,83.41,83.51,83.22,83.46,65377.952
2026-04-28T16:00:00+00:00,83.46,83.69,83.32,83.59,57718.7
2026-04-28T17:00:00+00:00,83.58,83.81,83.37,83.61,44206.38
2026-04-28T18:00:00+00:00,83.61,83.83,83.59,83.81,38978.859
2026-04-28T19:00:00+00:00,83.81,84.02,83.7,83.89,34416.77
2026-04-28T20:00:00+00:00,83.89,83.99,83.78,83.79,27939.98
2026-04-28T21:00:00+00:00,83.78,83.95,83.62,83.73,39232.45
2026-04-28T22:00:00+00:00,83.73,83.99,83.58,83.72,67692.395
2026-04-28T23:00:00+00:00,83.72,84.15,83.65,84.06,87062.777
2026-04-29T00:00:00+00:00,84.06,84.19,83.82,84.07,106617.569
2026-04-29T01:00:00+00:00,84.06,84.22,83.81,84.1,33665.298
2026-04-29T02:00:00+00:00,84.1,84.22,83.93,84.06,26097.629
2026-04-29T03:00:00+00:00,84.05,84.74,84.05,84.59,71307.94
2026-04-29T04:00:00+00:00,84.6,85.06,84.45,84.95,79560.488
2026-04-29T05:00:00+00:00,84.96,85.0,84.71,84.85,66751.668
2026-04-29T06:00:00+00:00,84.84,85.0,84.54,84.63,74304.658
2026-04-29T07:00:00+00:00,84.63,84.86,84.6,84.71,55474.771
2026-04-29T08:00:00+00:00,84.71,84.75,84.36,84.52,44525.874
2026-04-29T09:00:00+00:00,84.51,85.56,83.2,85.29,281886.947
2026-04-29T10:00:00+00:00,85.3,85.55,85.13,85.14,123673.971
2026-04-29T11:00:00+00:00,85.14,85.16,84.8,84.91,127030.9
2026-04-29T12:00:00+00:00,84.91,84.92,83.93,84.24,164587.676
2026-04-29T13:00:00+00:00,84.24,84.28,83.65,84.0,109132.317
2026-04-29T14:00:00+00:00,84.01,84.05,83.65,83.85,85181.818
2026-04-29T15:00:00+00:00,83.85,83.93,83.0,83.26,207594.129
2026-04-29T16:00:00+00:00,83.25,83.65,82.97,83.13,110938.654
2026-04-29T17:00:00+00:00,83.14,83.37,82.74,83.36,94361.898
2026-04-29T18:00:00+00:00,83.36,83.44,81.4,82.3,381086.939
2026-04-29T19:00:00+00:00,82.3,82.36,82.0,82.19,98013.991
2026-04-29T20:00:00+00:00,82.2,82.81,82.17,82.62,87281.454
2026-04-29T21:00:00+00:00,82.62,83.22,82.52,82.91,71149.844
2026-04-29T22:00:00+00:00,82.91,83.13,82.81,83.07,38321.764
2026-04-29T23:00:00+00:00,83.07,83.11,82.82,83.04,37515.399
2026-04-30T00:00:00+00:00,83.05,84.01,83.05,83.81,135602.644
2026-04-30T01:00:00+00:00,83.8,84.0,83.66,83.75,60974.874
2026-04-30T02:00:00+00:00,83.75,83.96,82.7,82.98,87928.988
2026-04-30T03:00:00+00:00,82.98,83.24,82.86,83.06,34343.423
2026-04-30T04:00:00+00:00,83.06,83.09,82.37,82.39,65352.698
2026-04-30T05:00:00+00:00,82.4,82.79,82.16,82.57,55332.06
2026-04-30T06:00:00+00:00,82.57,83.05,82.53,82.94,41984.122
2026-04-30T07:00:00+00:00,82.95,83.39,82.9,83.35,95647.335
2026-04-30T08:00:00+00:00,83.35,83.43,83.12,83.13,69631.313
2026-04-30T09:00:00+00:00,83.12,83.55,83.06,83.15,41720.703
2026-04-30T10:00:00+00:00,83.14,83.22,82.92,83.0,39540.488
2026-04-30T11:00:00+00:00,83.01,83.39,82.79,83.01,60285.662
2026-04-30T12:00:00+00:00,83.01,83.48,82.99,83.22,51331.05
2026-04-30T13:00:00+00:00,83.22,83.56,82.88,83.21,61084.358
2026-04-30T14:00:00+00:00,83.22,83.42,82.69,83.23,88355.98
2026-04-30T15:00:00+00:00,83.23,83.83,83.03,83.36,87142.858
2026-04-30T16:00:00+00:00,83.36,83.43,82.94,83.02,36573.768
2026-04-30T17:00:00+00:00,83.02,83.14,82.87,83.04,56559.868
2026-04-30T18:00:00+00:00,83.03,83.31,82.98,83.07,33383.341
2026-04-30T19:00:00+00:00,83.06,83.29,83.0,83.04,45383.691
2026-04-30T20:00:00+00:00,83.04,83.19,82.97,83.09,38846.046
2026-04-30T21:00:00+00:00,83.1,83.14,82.83,82.85,31868.216
2026-04-30T22:00:00+00:00,82.86,83.04,82.78,82.85,32161.667
2026-04-30T23:00:00+00:00,82.85,83.09,82.85,83.09,21556.458
2026-05-01T00:00:00+00:00,83.09,83.41,83.08,83.2,51546.849
2026-05-01T01:00:00+00:00,83.2,83.69,83.19,83.61,59634.38
2026-05-01T02:00:00+00:00,83.62,83.84,83.45,83.63,64650.931
2026-05-01T03:00:00+00:00,83.62,84.38,83.56,83.89,87729.797
2026-05-01T04:00:00+00:00,83.9,84.06,83.69,83.82,47884.731
2026-05-01T05:00:00+00:00,83.81,84.23,83.74,84.05,78248.94
2026-05-01T06:00:00+00:00,84.06,84.18,83.69,83.85,40771.811
2026-05-01T07:00:00+00:00,83.86,83.97,83.67,83.96,122847.45
2026-05-01T08:00:00+00:00,83.96,84.3,83.9,84.18,54059.797
2026-05-01T09:00:00+00:00,84.18,84.19,83.89,83.97,63899.282
2026-05-01T10:00:00+00:00,83.96,84.08,83.69,83.95,60312.684
2026-05-01T11:00:00+00:00,83.96,84.22,83.87,84.01,36212.26
2026-05-01T12:00:00+00:00,84.01,84.59,83.92,84.27,116975.373
2026-05-01T13:00:00+00:00,84.27,84.86,84.24,84.6,145848.957
2026-05-01T14:00:00+00:00,84.61,84.73,83.89,84.22,138280.496
2026-05-01T15:00:00+00:00,84.21,84.62,84.01,84.47,116591.916
2026-05-01T16:00:00+00:00,84.46,84.63,83.98,83.99,115466.218
2026-05-01T17:00:00+00:00,83.99,84.28,83.92,84.23,49346.915
2026-05-01T18:00:00+00:00,84.23,84.31,83.98,83.99,40359.454
2026-05-01T19:00:00+00:00,83.99,84.07,83.79,83.9,60624.482
2026-05-01T20:00:00+00:00,83.9,83.93,83.33,83.49,92171.086
2026-05-01T21:00:00+00:00,83.48,83.8,83.41,83.72,46962.007
2026-05-01T22:00:00+00:00,83.72,83.89,83.57,83.75,32960.377
2026-05-01T23:00:00+00:00,83.74,83.9,83.56,83.76,74681.766
2026-05-02T00:00:00+00:00,83.76,83.87,83.44,83.82,61212.615
2026-05-02T01:00:00+00:00,83.83,84.05,83.77,84.03,25991.794
2026-05-02T02:00:00+00:00,84.04,84.18,83.86,83.95,49527.08
2026-05-02T03:00:00+00:00,83.94,83.98,83.7,83.82,29877.082
2026-05-02T04:00:00+00:00,83.82,83.83,83.56,83.64,37522.792
2026-05-02T05:00:00+00:00,83.64,83.75,83.54,83.7,25771.131
2026-05-02T06:00:00+00:00,83.71,83.85,83.58,83.82,21004.553
2026-05-02T07:00:00+00:00,83.83,83.86,83.72,83.74,26716.019
2026-05-02T08:00:00+00:00,83.73,83.89,83.64,83.85,29367.366
2026-05-02T09:00:00+00:00,83.85,84.17,83.83,84.0,70287.552
2026-05-02T10:00:00+00:00,84.01,84.01,83.87,83.95,21697.186
2026-05-02T11:00:00+00:00,83.94,83.94,83.52,83.7,44369.801
2026-05-02T12:00:00+00:00,83.7,84.11,83.67,83.86,87564.944
2026-05-02T13:00:00+00:00,83.87,84.08,83.86,83.94,40917.139
2026-05-02T14:00:00+00:00,83.95,84.1,83.91,83.98,33210.793
2026-05-02T15:00:00+00:00,83.98,84.07,83.93,84.04,21754.158
2026-05-02T16:00:00+00:00,84.04,84.28,84.02,84.2,50881.054
2026-05-02T17:00:00+00:00,84.2,84.21,84.0,84.05,23075.26
2026-05-02T18:00:00+00:00,84.04,84.22,83.95,84.19,37581.454
2026-05-02T19:00:00+00:00,84.2,84.31,84.17,84.22,18693.443
2026-05-02T20:00:00+00:00,84.23,84.23,84.09,84.18,20752.4
2026-05-02T21:00:00+00:00,84.19,84.97,84.15,84.55,103689.076
2026-05-02T22:00:00+00:00,84.55,84.64,84.07,84.46,67579.887
2026-05-02T23:00:00+00:00,84.45,84.51,84.22,84.26,78714.92
2026-05-03T00:00:00+00:00,84.26,84.31,83.83,84.08,101338.345
2026-05-03T01:00:00+00:00,84.08,84.08,83.72,83.75,58510.077
2026-05-03T02:00:00+00:00,83.74,83.81,83.6,83.66,52438.389
2026-05-03T03:00:00+00:00,83.66,83.74,83.58,83.67,34615.225
2026-05-03T04:00:00+00:00,83.66,83.76,83.58,83.7,32617.709
2026-05-03T05:00:00+00:00,83.7,83.86,83.67,83.76,21761.705
2026-05-03T06:00:00+00:00,83.75,83.88,83.6,83.76,18777.997
2026-05-03T07:00:00+00:00,83.76,84.02,83.75,83.88,64858.189
2026-05-03T08:00:00+00:00,83.88,84.03,83.83,83.9,22629.474
2026-05-03T09:00:00+00:00,83.89,84.11,83.88,84.06,41813.889
2026-05-03T10:00:00+00:00,84.06,84.06,83.82,83.83,29559.325
2026-05-03T11:00:00+00:00,83.82,84.2,83.75,83.96,69335.383
2026-05-03T12:00:00+00:00,83.96,84.24,83.95,84.11,48345.212
2026-05-03T13:00:00+00:00,84.11,84.22,83.99,84.1,31560.695
2026-05-03T14:00:00+00:00,84.1,84.45,84.1,84.37,64998.685
2026-05-03T15:00:00+00:00,84.37,84.44,84.11,84.16,54564.086
2026-05-03T16:00:00+00:00,84.16,84.29,84.01,84.14,31005.07
2026-05-03T17:00:00+00:00,84.15,84.33,84.0,84.2,30425.714
2026-05-03T18:00:00+00:00,84.2,84.32,84.11,84.26,28205.499
2026-05-03T19:00:00+00:00,84.26,84.5,84.24,84.38,30787.892
2026-05-03T20:00:00+00:00,84.37,84.73,84.25,84.34,68290.012
2026-05-03T21:00:00+00:00,84.34,84.46,83.88,84.14,69229.503
2026-05-03T22:00:00+00:00,84.14,84.97,84.14,84.68,158795.948
2026-05-03T23:00:00+00:00,84.67,84.79,83.87,83.91,104183.499
2026-05-04T00:00:00+00:00,83.91,83.91,83.35,83.78,165599.525
2026-05-04T01:00:00+00:00,83.78,84.93,83.43,84.77,191189.929
2026-05-04T02:00:00+00:00,84.77,85.67,84.74,85.26,476617.468
2026-05-04T03:00:00+00:00,85.26,85.58,85.11,85.41,115290.625
2026-05-04T04:00:00+00:00,85.4,85.9,85.38,85.76,160903.883
2026-05-04T05:00:00+00:00,85.77,85.8,85.28,85.38,173760.356
2026-05-04T06:00:00+00:00,85.39,85.41,84.51,84.88,190382.531
2026-05-04T07:00:00+00:00,84.88,85.01,84.68,84.87,46693.478
2026-05-04T08:00:00+00:00,84.87,84.91,84.62,84.77,49877.782
2026-05-04T09:00:00+00:00,84.77,85.2,84.68,85.03,73486.254
2026-05-04T10:00:00+00:00,85.04,85.07,83.23,84.04,445109.106
2026-05-04T11:00:00+00:00,84.04,84.15,83.83,83.95,82837.539
2026-05-04T12:00:00+00:00,83.96,84.16,83.85,83.9,62536.146
2026-05-04T13:00:00+00:00,83.89,84.34,83.59,84.0,109750.127
2026-05-04T14:00:00+00:00,84.0,85.32,83.78,84.99,233613.631
2026-05-04T15:00:00+00:00,84.99,85.18,83.99,84.47,299820.756
2026-05-04T16:00:00+00:00,84.47,84.8,83.98,84.49,139026.599
2026-05-04T17:00:00+00:00,84.48,85.19,84.48,84.93,149784.075
2026-05-04T18:00:00+00:00,84.94,85.04,84.58,84.74,62608.745
2026-05-04T19:00:00+00:00,84.74,84.76,84.36,84.44,43262.994
2026-05-04T20:00:00+00:00,84.45,84.47,84.06,84.09,44687.272
2026-05-04T21:00:00+00:00,84.09,84.51,84.08,84.43,37653.762
2026-05-04T22:00:00+00:00,84.42,84.56,84.18,84.22,69935.771
2026-05-04T23:00:00+00:00,84.22,84.23,84.02,84.1,44878.864
2026-05-05T00:00:00+00:00,84.11,84.38,84.04,84.33,51790.398
2026-05-05T01:00:00+00:00,84.33,84.47,84.14,84.41,49635.65
2026-05-05T02:00:00+00:00,84.41,84.8,84.34,84.51,70518.814
2026-05-05T03:00:00+00:00,84.51,84.97,84.41,84.78,86025.606
2026-05-05T04:00:00+00:00,84.77,84.9,84.59,84.78,102045.589
2026-05-05T05:00:00+00:00,84.78,85.12,84.72,84.92,168216.623
2026-05-05T06:00:00+00:00,84.93,85.0,84.54,84.98,98845.991
2026-05-05T07:00:00+00:00,84.99,85.06,84.78,84.87,96601.692
2026-05-05T08:00:00+00:00,84.88,84.91,84.69,84.78,45117.104
2026-05-05T09:00:00+00:00,84.79,84.8,84.45,84.53,69999.896
2026-05-05T10:00:00+00:00,84.54,84.93,84.43,84.9,58350.434
2026-05-05T11:00:00+00:00,84.9,85.01,84.7,84.97,62103.596
2026-05-05T12:00:00+00:00,84.97,85.35,84.9,85.31,92374.563
2026-05-05T13:00:00+00:00,85.31,86.1,85.31,85.63,352521.907
2026-05-05T14:00:00+00:00,85.63,85.75,85.19,85.48,121684.766
2026-05-05T15:00:00+00:00,85.47,85.88,85.35,85.5,97097.35
2026-05-05T16:00:00+00:00,85.5,85.7,85.0,85.31,122049.347
2026-05-05T17:00:00+00:00,85.32,85.53,85.12,85.45,27753.307
2026-05-05T18:00:00+00:00,85.46,85.88,85.43,85.87,79396.672
2026-05-05T19:00:00+00:00,85.87,86.56,85.8,86.49,187643.313
2026-05-05T20:00:00+00:00,86.49,86.9,86.42,86.64,125495.392
2026-05-05T21:00:00+00:00,86.65,86.93,86.26,86.72,119579.796
2026-05-05T22:00:00+00:00,86.71,86.98,86.2,86.58,132342.519
2026-05-05T23:00:00+00:00,86.57,86.67,86.17,86.29,61697.801
2026-05-06T00:00:00+00:00,86.29,86.55,86.1,86.38,104611.407
2026-05-06T01:00:00+00:00,86.38,87.0,86.31,86.86,75423.278
2026-05-06T02:00:00+00:00,86.86,86.93,86.39,86.88,70600.83
2026-05-06T03:00:00+00:00,86.89,87.51,86.88,87.33,207414.477
2026-05-06T04:00:00+00:00,87.34,87.43,86.67,86.81,97077.211
2026-05-06T05:00:00+00:00,86.8,87.46,86.75,87.41,139765.495
2026-05-06T06:00:00+00:00,87.4,87.54,87.17,87.49,97202.093
2026-05-06T07:00:00+00:00,87.49,87.89,87.46,87.7,95164.615
2026-05-06T08:00:00+00:00,87.71,89.22,87.64,89.02,327673.23
2026-05-06T09:00:00+00:00,89.02,89.54,88.59,89.48,315441.475
2026-05-06T10:00:00+00:00,89.48,89.69,89.21,89.38,200162.046
2026-05-06T11:00:00+00:00,89.38,90.03,89.31,89.87,182888.347
2026-05-06T12:00:00+00:00,89.87,89.97,89.5,89.66,170431.869
2026-05-06T13:00:00+00:00,89.66,89.66,88.07,88.33,368445.253
2026-05-06T14:00:00+00:00,88.33,88.85,87.47,88.4,277070.483
2026-05-06T15:00:00+00:00,88.4,89.06,88.3,88.97,123948.238
2026-05-06T16:00:00+00:00,88.97,89.51,88.59,89.18,132083.21
2026-05-06T17:00:00+00:00,89.18,89.44,88.53,88.83,107139.948
2026-05-06T18:00:00+00:00,88.83,89.15,88.5,88.99,69118.327
2026-05-06T19:00:00+00:00,88.98,89.32,88.9,89.27,57644.028
2026-05-06T20:00:00+00:00,89.27,89.62,88.92,89.19,70319.086
2026-05-06T21:00:00+00:00,89.19,89.6,89.07,89.47,86317.304
2026-05-06T22:00:00+00:00,89.48,89.57,89.01,89.07,49468.004
2026-05-06T23:00:00+00:00,89.07,89.18,88.65,89.16,57845.776
2026-05-07T00:00:00+00:00,89.16,89.27,88.21,88.32,104627.917
2026-05-07T01:00:00+00:00,88.32,88.53,87.9,88.31,88913.852
2026-05-07T02:00:00+00:00,88.31,88.37,87.8,88.15,68125.633
2026-05-07T03:00:00+00:00,88.14,88.15,87.63,87.75,73538.971
2026-05-07T04:00:00+00:00,87.75,88.38,87.69,88.36,68645.444
2026-05-07T05:00:00+00:00,88.37,88.91,88.32,88.65,121904.461
2026-05-07T06:00:00+00:00,88.66,89.28,88.22,89.27,130700.692
2026-05-07T07:00:00+00:00,89.28,90.44,89.14,90.16,257393.823
2026-05-07T08:00:00+00:00,90.17,90.27,89.48,89.58,141624.926
2026-05-07T09:00:00+00:00,89.59,89.6,89.2,89.46,102478.322
2026-05-07T10:00:00+00:00,89.46,89.53,88.76,89.17,113606.736
2026-05-07T11:00:00+00:00,89.17,89.69,89.17,89.57,105833.654
2026-05-07T12:00:00+00:00,89.56,90.1,89.52,89.77,155489.056
2026-05-07T13:00:00+00:00,89.76,89.76,88.38,88.68,276171.168
2026-05-07T14:00:00+00:00,88.67,88.91,87.83,88.15,226519.289
2026-05-07T15:00:00+00:00,88.15,88.58,87.79,88.32,129699.977
2026-05-07T16:00:00+00:00,88.32,88.79,88.08,88.43,148766.934
2026-05-07T17:00:00+00:00,88.44,88.86,87.96,88.8,83796.641
2026-05-07T18:00:00+00:00,88.8,89.05,88.24,88.58,96654.086
2026-05-07T19:00:00+00:00,88.58,88.74,88.22,88.45,59544.974
2026-05-07T20:00:00+00:00,88.45,88.88,88.04,88.07,67246.743
2026-05-07T21:00:00+00:00,88.07,88.23,87.67,87.97,96637.174
2026-05-07T22:00:00+00:00,87.97,88.22,87.68,88.1,142223.352
2026-05-07T23:00:00+00:00,88.09,88.48,88.06,88.42,32036.676
2026-05-08T00:00:00+00:00,88.43,88.65,88.1,88.27,58894.192
2026-05-08T01:00:00+00:00,88.27,88.37,87.92,88.13,41582.039
2026-05-08T02:00:00+00:00,88.14,88.35,87.6,88.06,94579.379
2026-05-08T03:00:00+00:00,88.06,88.37,87.63,88.22,79053.405
2026-05-08T04:00:00+00:00,88.23,88.37,88.01,88.18,51039.65
2026-05-08T05:00:00+00:00,88.17,88.42,88.05,88.05,50154.667
2026-05-08T06:00:00+00:00,88.05,88.29,87.83,88.05,84278.015
2026-05-08T07:00:00+00:00,88.05,88.23,87.65,88.22,154934.557
2026-05-08T08:00:00+00:00,88.23,88.63,88.01,88.38,174012.249
2026-05-08T09:00:00+00:00,88.38,88.72,88.23,88.44,74514.978
2026-05-08T10:00:00+00:00,88.44,89.1,88.28,88.63,95571.514
2026-05-08T11:00:00+00:00,88.64,88.74,88.47,88.64,63391.816
2026-05-08T12:00:00+00:00,88.64,88.87,88.37,88.46,73483.086
2026-05-08T13:00:00+00:00,88.47,88.56,88.01,88.34,89404.778
2026-05-08T14:00:00+00:00,88.34,89.38,88.34,89.15,139037.71
2026-05-08T15:00:00+00:00,89.16,89.6,88.43,89.59,98944.292
2026-05-08T16:00:00+00:00,89.6,89.79,89.34,89.59,95968.23
2026-05-08T17:00:00+00:00,89.6,91.95,89.56,91.65,397485.869
2026-05-08T18:00:00+00:00,91.66,92.56,91.65,92.32,224383.484
2026-05-08T19:00:00+00:00,92.32,92.8,92.04,92.6,169394.778
2026-05-08T20:00:00+00:00,92.61,92.67,92.01,92.11,110211.486
2026-05-08T21:00:00+00:00,92.12,92.39,91.75,92.3,83725.389
2026-05-08T22:00:00+00:00,92.31,92.71,92.25,92.3,70571.616
2026-05-08T23:00:00+00:00,92.3,92.3,91.73,92.01,69817.68
2026-05-09T00:00:00+00:00,92.02,92.62,91.85,92.48,69972.009
2026-05-09T01:00:00+00:00,92.48,93.91,92.42,93.51,317239.389
2026-05-09T02:00:00+00:00,93.52,93.8,93.3,93.51,113673.566
2026-05-09T03:00:00+00:00,93.51,93.77,93.41,93.64,75542.768
2026-05-09T04:00:00+00:00,93.65,94.17,93.12,93.24,150603.327
2026-05-09T05:00:00+00:00,93.24,93.78,92.84,93.75,115539.115
2026-05-09T06:00:00+00:00,93.75,94.13,93.21,93.54,121346.799
2026-05-09T07:00:00+00:00,93.54,94.0,93.34,93.76,108609.121
2026-05-09T08:00:00+00:00,93.76,93.95,93.66,93.72,60729.91
2026-05-09T09:00:00+00:00,93.71,93.71,93.05,93.29,100947.297
2026-05-09T10:00:00+00:00,93.29,93.6,93.09,93.38,62974.354
2026-05-09T11:00:00+00:00,93.38,93.69,93.33,93.62,42523.864
2026-05-09T12:00:00+00:00,93.61,93.74,93.27,93.45,42377.019
2026-05-09T13:00:00+00:00,93.45,93.47,93.01,93.47,54388.128
2026-05-09T14:00:00+00:00,93.46,93.47,92.77,92.88,85544.613
2026-05-09T15:00:00+00:00,92.88,93.01,92.39,93.01,106211.746
2026-05-09T16:00:00+00:00,93.01,93.31,92.69,92.76,108396.571
2026-05-09T17:00:00+00:00,92.77,93.48,92.76,93.21,51524.296
2026-05-09T18:00:00+00:00,93.21,93.65,93.15,93.37,47121.013
2026-05-09T19:00:00+00:00,93.37,93.58,93.22,93.51,27566.931
2026-05-09T20:00:00+00:00,93.51,93.51,93.15,93.26,27584.435
2026-05-09T21:00:00+00:00,93.25,93.56,93.25,93.49,29250.321
2026-05-09T22:00:00+00:00,93.5,93.53,93.22,93.33,28953.096
2026-05-09T23:00:00+00:00,93.33,93.49,93.05,93.13,25653.008
2026-05-10T00:00:00+00:00,93.12,93.34,92.92,93.03,56620.24
2026-05-10T01:00:00+00:00,93.03,93.03,92.6,92.97,50097.764
2026-05-10T02:00:00+00:00,92.96,93.11,92.81,93.04,91209.483
2026-05-10T03:00:00+00:00,93.05,93.51,92.98,93.42,114076.264
2026-05-10T04:00:00+00:00,93.41,93.5,93.24,93.35,47407.397
2026-05-10T05:00:00+00:00,93.36,93.5,93.24,93.34,29129.256
2026-05-10T06:00:00+00:00,93.34,93.46,93.25,93.41,28480.459
2026-05-10T07:00:00+00:00,93.41,93.63,93.37,93.46,43119.115
2026-05-10T08:00:00+00:00,93.46,94.09,93.42,94.06,112531.093
2026-05-10T09:00:00+00:00,94.06,94.8,94.06,94.3,151172.042
2026-05-10T10:00:00+00:00,94.31,94.37,93.59,93.87,111118.1
2026-05-10T11:00:00+00:00,93.86,94.02,92.91,93.55,136882.139
2026-05-10T12:00:00+00:00,93.56,93.62,93.2,93.32,49753.187
2026-05-10T13:00:00+00:00,93.31,93.94,93.24,93.77,82959.77
2026-05-10T14:00:00+00:00,93.76,94.13,93.68,93.89,68907.127
2026-05-10T15:00:00+00:00,93.89,94.73,93.89,94.53,119230.447
2026-05-10T16:00:00+00:00,94.53,94.98,94.18,94.84,124904.232
2026-05-10T17:00:00+00:00,94.84,96.5,94.84,96.49,267411.973
2026-05-10T18:00:00+00:00,96.49,97.0,96.12,96.44,154698.036
2026-05-10T19:00:00+00:00,96.43,96.88,95.75,96.47,108319.488
2026-05-10T20:00:00+00:00,96.47,96.6,93.43,94.52,246294.26
2026-05-10T21:00:00+00:00,94.51,95.6,94.47,95.08,105506.07
2026-05-10T22:00:00+00:00,95.07,96.36,94.89,96.23,117448.138
2026-05-10T23:00:00+00:00,96.24,96.86,95.99,96.47,141892.915
2026-05-11T00:00:00+00:00,96.46,96.67,95.33,95.79,206743.721
2026-05-11T01:00:00+00:00,95.79,96.4,95.32,96.05,151946.806
2026-05-11T02:00:00+00:00,96.05,96.14,95.19,95.3,144781.899
2026-05-11T03:00:00+00:00,95.3,95.34,94.46,94.76,163954.1
2026-05-11T04:00:00+00:00,94.76,95.21,94.43,94.97,66738.2
2026-05-11T05:00:00+00:00,94.97,95.88,94.94,95.71,91172.615
2026-05-11T06:00:00+00:00,95.71,96.16,95.42,95.49,82022.414
2026-05-11T07:00:00+00:00,95.5,95.58,95.17,95.33,77318.179
2026-05-11T08:00:00+00:00,95.34,95.37,94.58,94.79,159754.609
2026-05-11T09:00:00+00:00,94.78,95.35,94.76,95.3,67519.643
2026-05-11T10:00:00+00:00,95.3,95.57,95.05,95.07,79536.026
2026-05-11T11:00:00+00:00,95.06,95.49,94.89,95.25,82610.663
2026-05-11T12:00:00+00:00,95.26,95.39,94.67,94.81,105823.297
2026-05-11T13:00:00+00:00,94.8,95.48,94.56,95.23,162098.562
2026-05-11T14:00:00+00:00,95.22,95.87,94.3,95.17,237291.414
2026-05-11T15:00:00+00:00,95.18,96.8,94.9,96.8,244438.138
2026-05-11T16:00:00+00:00,96.79,98.0,96.5,97.35,322883.753
2026-05-11T17:00:00+00:00,97.34,97.97,96.9,97.77,125546.568
2026-05-11T18:00:00+00:00,97.77,98.1,97.26,97.29,129225.945
2026-05-11T19:00:00+00:00,97.29,98.39,97.01,98.19,116468.545
2026-05-11T20:00:00+00:00,98.19,98.41,97.61,97.63,89238.478
2026-05-11T21:00:00+00:00,97.64,97.81,97.33,97.41,50776.313
2026-05-11T22:00:00+00:00,97.41,97.84,97.36,97.65,38937.034
2026-05-11T23:00:00+00:00,97.65,97.65,97.1,97.37,81223.043
2026-05-12T00:00:00+00:00,97.37,97.68,97.18,97.54,88583.693
2026-05-12T01:00:00+00:00,97.54,97.67,95.54,96.28,247696.104
2026-05-12T02:00:00+00:00,96.29,96.72,96.14,96.55,129651.451
2026-05-12T03:00:00+00:00,96.55,96.64,96.05,96.14,65094.043
2026-05-12T04:00:00+00:00,96.14,96.5,96.07,96.36,46943.555
2026-05-12T05:00:00+00:00,96.37,96.77,96.23,96.58,56072.066
2026-05-12T06:00:00+00:00,96.58,97.0,96.16,96.21,65063.828
2026-05-12T07:00:00+00:00,96.2,96.31,95.82,96.05,90147.906
2026-05-12T08:00:00+00:00,96.05,96.15,95.4,95.65,156889.567
2026-05-12T09:00:00+00:00,95.65,96.06,95.29,95.78,226069.371
2026-05-12T10:00:00+00:00,95.78,95.97,94.94,95.0,132724.234
2026-05-12T11:00:00+00:00,95.0,95.05,94.6,94.98,101740.466
2026-05-12T12:00:00+00:00,94.97,95.56,94.39,95.22,207135.036
2026-05-12T13:00:00+00:00,95.22,95.4,94.55,94.7,145366.437
2026-05-12T14:00:00+00:00,94.71,95.24,94.38,94.54,174677.52
2026-05-12T15:00:00+00:00,94.55,94.78,93.55,93.85,260980.268
2026-05-12T16:00:00+00:00,93.85,94.32,93.6,93.83,172188.7
2026-05-12T17:00:00+00:00,93.84,94.68,93.82,94.52,100226.716
2026-05-12T18:00:00+00:00,94.51,95.01,94.35,94.56,107060.652
2026-05-12T19:00:00+00:00,94.56,95.0,94.56,94.92,73500.816
2026-05-12T20:00:00+00:00,94.92,94.98,94.62,94.74,51057.883
2026-05-12T21:00:00+00:00,94.75,94.86,94.54,94.67,29436.253
2026-05-12T22:00:00+00:00,94.68,95.05,94.64,94.67,29283.975
2026-05-12T23:00:00+00:00,94.67,94.75,94.23,94.28,52446.819
2026-05-13T00:00:00+00:00,94.28,94.64,94.05,94.48,95898.475
2026-05-13T01:00:00+00:00,94.48,95.44,94.48,95.2,126621.348
2026-05-13T02:00:00+00:00,95.2,95.57,95.02,95.25,60375.316
2026-05-13T03:00:00+00:00,95.24,95.59,95.08,95.56,64600.147
2026-05-13T04:00:00+00:00,95.56,95.99,95.43,95.5,109194.512
2026-05-13T05:00:00+00:00,95.49,95.51,95.1,95.26,76184.468
2026-05-13T06:00:00+00:00,95.26,95.7,95.12,95.14,71587.873
2026-05-13T07:00:00+00:00,95.14,95.31,94.88,95.14,50398.863
2026-05-13T08:00:00+00:00,95.14,95.77,95.02,95.57,62202.818
2026-05-13T09:00:00+00:00,95.57,95.89,95.57,95.73,126947.989
2026-05-13T10:00:00+00:00,95.73,95.78,94.74,94.79,97157.99
2026-05-13T11:00:00+00:00,94.8,94.83,94.25,94.33,156638.666
2026-05-13T12:00:00+00:00,94.33,94.64,92.24,93.16,432095.012
2026-05-13T13:00:00+00:00,93.17,93.44,91.95,92.28,259886.257
2026-05-13T14:00:00+00:00,92.29,92.33,91.38,91.78,260102.823
2026-05-13T15:00:00+00:00,91.77,91.94,90.27,90.43,283600.68
2026-05-13T16:00:00+00:00,90.43,91.26,90.41,90.87,205102.942
2026-05-13T17:00:00+00:00,90.87,91.16,90.71,90.89,190661.963
2026-05-13T18:00:00+00:00,90.9,91.41,90.77,90.93,109640.793
2026-05-13T19:00:00+00:00,90.93,91.02,90.49,90.96,81661.469
2026-05-13T20:00:00+00:00,90.95,91.35,90.93,91.24,73017.48
2026-05-13T21:00:00+00:00,91.25,91.27,90.73,90.89,72808.769
2026-05-13T22:00:00+00:00,90.9,91.25,90.64,91.18,64516.576
2026-05-13T23:00:00+00:00,91.17,91.33,91.06,91.17,61668.573
2026-05-14T00:00:00+00:00,91.17,91.42,91.07,91.21,90373.867
2026-05-14T01:00:00+00:00,91.21,91.37,91.0,91.16,58579.846
2026-05-14T02:00:00+00:00,91.16,91.26,90.46,90.58,62938.656
2026-05-14T03:00:00+00:00,90.58,90.78,89.82,89.93,210116.534
2026-05-14T04:00:00+00:00,89.93,90.62,89.86,90.48,68374.598
2026-05-14T05:00:00+00:00,90.48,91.47,90.4,91.29,84887.961
2026-05-14T06:00:00+00:00,91.29,91.47,91.16,91.41,72664.345
2026-05-14T07:00:00+00:00,91.42,92.02,90.69,90.88,211500.959
2026-05-14T08:00:00+00:00,90.88,91.3,90.67,91.06,96681.757
2026-05-14T09:00:00+00:00,91.07,91.15,90.59,90.86,47510.811
2026-05-14T10:00:00+00:00,90.86,91.14,90.66,91.05,49418.133
2026-05-14T11:00:00+00:00,91.05,91.1,90.62,90.64,48079.28
2026-05-14T12:00:00+00:00,90.64,91.29,90.54,91.22,73211.47
2026-05-14T13:00:00+00:00,91.22,91.5,90.74,90.78,141841.955
2026-05-14T14:00:00+00:00,90.78,92.35,90.63,92.28,242705.269
2026-05-14T15:00:00+00:00,92.29,93.25,91.96,93.16,244882.564
2026-05-14T16:00:00+00:00,93.16,93.68,92.34,93.33,237010.993
2026-05-14T17:00:00+00:00,93.32,93.59,92.29,93.02,229281.376
2026-05-14T18:00:00+00:00,93.01,93.64,92.7,93.43,118079.556
2026-05-14T19:00:00+00:00,93.44,93.64,92.8,92.9,98319.965
2026-05-14T20:00:00+00:00,92.91,93.0,92.37,92.73,67708.851
2026-05-14T21:00:00+00:00,92.73,92.95,92.54,92.7,40972.21
2026-05-14T22:00:00+00:00,92.71,92.92,92.57,92.66,47111.979
2026-05-14T23:00:00+00:00,92.65,92.67,92.11,92.15,66872.873
2026-05-15T00:00:00+00:00,92.16,92.66,92.1,92.43,85253.343
2026-05-15T01:00:00+00:00,92.43,92.55,91.69,91.74,86912.919
2026-05-15T02:00:00+00:00,91.75,92.44,91.47,92.36,220224.853
2026-05-15T03:00:00+00:00,92.36,92.47,91.88,92.06,54006.323
2026-05-15T04:00:00+00:00,92.05,92.05,91.27,91.28,58584.874
2026-05-15T05:00:00+00:00,91.29,91.54,90.26,90.6,232389.648
2026-05-15T06:00:00+00:00,90.6,91.08,90.47,91.02,91725.431
2026-05-15T07:00:00+00:00,91.02,91.72,90.94,91.6,136908.567
2026-05-15T08:00:00+00:00,91.61,91.65,90.94,91.27,130850.788
2026-05-15T09:00:00+00:00,91.27,91.33,90.92,91.17,116923.636
2026-05-15T10:00:00+00:00,91.17,91.57,91.01,91.47,60278.857
2026-05-15T11:00:00+00:00,91.47,91.54,91.18,91.27,48087.236
2026-05-15T12:00:00+00:00,91.26,91.27,90.57,90.66,84522.222
2026-05-15T13:00:00+00:00,90.66,90.66,88.69,88.9,328789.024
2026-05-15T14:00:00+00:00,88.91,89.55,88.55,89.06,246328.874
2026-05-15T15:00:00+00:00,89.05,89.28,88.7,89.04,131510.149
2026-05-15T16:00:00+00:00,89.04,89.7,88.81,89.5,136491.806
2026-05-15T17:00:00+00:00,89.51,89.9,89.49,89.82,87150.895
2026-05-15T18:00:00+00:00,89.81,90.09,89.47,89.8,80704.797
2026-05-15T19:00:00+00:00,89.79,89.8,89.35,89.42,77989.582
2026-05-15T20:00:00+00:00,89.41,89.5,89.08,89.28,54982.758
2026-05-15T21:00:00+00:00,89.28,89.43,89.0,89.05,50534.58
2026-05-15T22:00:00+00:00,89.06,89.36,89.05,89.33,35182.51
2026-05-15T23:00:00+00:00,89.33,89.39,89.21,89.24,39509.959
2026-05-16T00:00:00+00:00,89.23,89.44,89.14,89.22,48371.907
2026-05-16T01:00:00+00:00,89.22,89.35,88.95,89.3,70719.094
2026-05-16T02:00:00+00:00,89.3,89.39,88.97,89.2,68116.284
2026-05-16T03:00:00+00:00,89.2,89.27,89.0,89.05,32064.719
2026-05-16T04:00:00+00:00,89.05,89.09,88.19,88.86,107366.17
2026-05-16T05:00:00+00:00,88.86,88.93,88.28,88.57,100021.867
2026-05-16T06:00:00+00:00,88.58,88.66,87.81,88.01,146511.234
2026-05-16T07:00:00+00:00,88.01,88.01,86.72,87.47,278924.591
2026-05-16T08:00:00+00:00,87.46,87.62,87.33,87.48,64301.788
2026-05-16T09:00:00+00:00,87.48,87.51,85.78,86.05,284751.268
2026-05-16T10:00:00+00:00,86.04,86.15,85.52,86.01,150819.398
2026-05-16T11:00:00+00:00,86.02,86.33,86.02,86.11,69786.658
2026-05-16T12:00:00+00:00,86.12,86.44,86.01,86.26,58569.733
2026-05-16T13:00:00+00:00,86.26,86.35,86.11,86.26,46444.649
2026-05-16T14:00:00+00:00,86.26,86.71,86.07,86.4,72773.013
2026-05-16T15:00:00+00:00,86.39,86.67,86.27,86.5,60692.273
2026-05-16T16:00:00+00:00,86.49,86.78,86.37,86.63,68240.945
2026-05-16T17:00:00+00:00,86.64,86.96,86.63,86.81,35916.686
2026-05-16T18:00:00+00:00,86.81,86.97,86.6,86.81,33878.033
2026-05-16T19:00:00+00:00,86.81,86.85,86.65,86.69,46504.274
2026-05-16T20:00:00+00:00,86.69,86.88,86.66,86.68,35040.018
2026-05-16T21:00:00+00:00,86.67,86.77,86.49,86.59,34761.536
2026-05-16T22:00:00+00:00,86.59,86.69,86.45,86.54,19068.773
2026-05-16T23:00:00+00:00,86.53,86.7,86.49,86.54,29376.683
2026-05-17T00:00:00+00:00,86.53,86.72,85.97,86.13,70464.417
2026-05-17T01:00:00+00:00,86.12,86.34,85.59,85.75,87695.572
2026-05-17T02:00:00+00:00,85.76,86.27,85.76,86.0,107963.896
2026-05-17T03:00:00+00:00,86.01,86.63,85.99,86.53,57966.683
2026-05-17T04:00:00+00:00,86.52,86.98,86.47,86.86,55765.015
2026-05-17T05:00:00+00:00,86.87,87.29,86.85,86.91,64337.009
2026-05-17T06:00:00+00:00,86.9,87.01,86.71,86.85,32049.946
2026-05-17T07:00:00+00:00,86.85,87.1,86.78,86.97,37046.314
2026-05-17T08:00:00+00:00,86.98,87.03,86.6,86.83,46327.463
2026-05-17T09:00:00+00:00,86.82,87.02,86.72,86.89,70587.062
2026-05-17T10:00:00+00:00,86.9,87.26,86.81,87.0,128394.8
2026-05-17T11:00:00+00:00,86.99,87.02,86.78,86.89,48145.396
2026-05-17T12:00:00+00:00,86.89,87.02,86.72,86.76,37497.772
2026-05-17T13:00:00+00:00,86.76,86.78,86.3,86.41,71335.876
2026-05-17T14:00:00+00:00,86.41,86.46,85.95,86.31,73813.277
2026-05-17T15:00:00+00:00,86.31,86.49,86.17,86.46,30575.877
2026-05-17T16:00:00+00:00,86.46,86.69,86.11,86.3,47111.045
2026-05-17T17:00:00+00:00,86.31,86.36,86.0,86.24,50714.845
2026-05-17T18:00:00+00:00,86.24,86.44,86.02,86.43,54578.943
2026-05-17T19:00:00+00:00,86.43,86.94,86.43,86.79,45167.927
2026-05-17T20:00:00+00:00,86.8,86.85,86.57,86.68,36171.315
2026-05-17T21:00:00+00:00,86.68,86.97,86.6,86.94,28382.835
2026-05-17T22:00:00+00:00,86.93,86.93,86.0,86.23,100795.122
2026-05-17T23:00:00+00:00,86.24,86.25,83.5,85.24,531276.837
2026-05-18T00:00:00+00:00,85.23,85.36,84.4,85.36,240723.167
2026-05-18T01:00:00+00:00,85.35,85.47,84.54,84.98,138311.036
2026-05-18T02:00:00+00:00,84.98,85.35,84.72,84.89,78591.99
2026-05-18T03:00:00+00:00,84.88,85.25,84.69,84.85,104448.233
2026-05-18T04:00:00+00:00,84.85,85.3,84.58,85.26,67062.113
2026-05-18T05:00:00+00:00,85.26,85.36,84.64,84.86,130160.044
2026-05-18T06:00:00+00:00,84.86,84.98,84.27,84.74,161330.388
2026-05-18T07:00:00+00:00,84.74,85.01,84.41,84.76,65869.729
2026-05-18T08:00:00+00:00,84.76,85.01,84.6,84.91,75191.966
2026-05-18T09:00:00+00:00,84.9,84.93,84.46,84.49,55052.86
2026-05-18T10:00:00+00:00,84.49,84.51,84.21,84.26,91211.556
2026-05-18T11:00:00+00:00,84.27,85.32,84.08,84.96,133781.329
2026-05-18T12:00:00+00:00,84.97,85.8,84.97,85.57,163342.221
2026-05-18T13:00:00+00:00,85.57,85.57,84.33,84.69,192393.685
2026-05-18T14:00:00+00:00,84.69,84.69,83.72,83.98,199022.415
2026-05-18T15:00:00+00:00,83.98,84.4,83.62,84.2,141820.165
2026-05-18T16:00:00+00:00,84.21,84.55,83.99,84.33,110320.191
2026-05-18T17:00:00+00:00,84.33,84.7,84.25,84.41,52006.263
2026-05-18T18:00:00+00:00,84.41,84.43,83.5,83.53,112939.377
2026-05-18T19:00:00+00:00,83.53,85.23,83.51,84.99,184060.997
2026-05-18T20:00:00+00:00,85.0,85.41,84.85,84.93,86888.22
2026-05-18T21:00:00+00:00,84.93,85.67,84.79,85.57,87841.244
2026-05-18T22:00:00+00:00,85.58,85.77,85.27,85.46,66192.682
2026-05-18T23:00:00+00:00,85.45,85.64,85.26,85.38,33299.473
2026-05-19T00:00:00+00:00,85.38,85.97,85.32,85.58,88823.636
2026-05-19T01:00:00+00:00,85.58,85.6,84.9,84.9,71307.326
2026-05-19T02:00:00+00:00,84.9,85.3,84.62,84.86,59531.513
2026-05-19T03:00:00+00:00,84.85,85.23,84.73,85.07,34528.76
2026-05-19T04:00:00+00:00,85.08,85.31,84.79,85.15,48136.676
2026-05-19T05:00:00+00:00,85.15,85.28,84.47,85.19,88227.597
2026-05-19T06:00:00+00:00,85.18,85.62,85.12,85.26,74932.501
2026-05-19T07:00:00+00:00,85.27,85.64,85.13,85.51,46908.746
2026-05-19T08:00:00+00:00,85.51,85.59,85.04,85.25,85274.811
2026-05-19T09:00:00+00:00,85.24,85.31,84.5,84.77,112785.802
2026-05-19T10:00:00+00:00,84.76,84.88,84.31,84.7,61440.928
2026-05-19T11:00:00+00:00,84.71,84.83,84.27,84.39,63691.255
2026-05-19T12:00:00+00:00,84.39,84.79,84.3,84.78,53888.67
2026-05-19T13:00:00+00:00,84.78,85.1,84.39,84.8,101750.351
2026-05-19T14:00:00+00:00,84.8,84.94,83.7,84.11,174412.297
2026-05-19T15:00:00+00:00,84.12,84.58,84.03,84.37,74509.63
2026-05-19T16:00:00+00:00,84.38,84.91,84.15,84.85,55948.635
2026-05-19T17:00:00+00:00,84.85,85.04,84.47,84.68,59134.595
2026-05-19T18:00:00+00:00,84.68,84.8,84.25,84.37,46123.609
2026-05-19T19:00:00+00:00,84.37,84.74,84.22,84.35,55667.355
2026-05-19T20:00:00+00:00,84.36,84.58,84.3,84.51,86367.588
2026-05-19T21:00:00+00:00,84.52,84.66,84.39,84.44,42830.562
2026-05-19T22:00:00+00:00,84.43,84.43,84.0,84.1,49804.435
2026-05-19T23:00:00+00:00,84.1,84.59,84.03,84.29,26958.938
2026-05-20T00:00:00+00:00,84.3,84.41,83.92,84.23,70096.92
2026-05-20T01:00:00+00:00,84.23,84.54,83.85,84.36,62810.811
2026-05-20T02:00:00+00:00,84.36,84.49,83.93,83.99,49265.498
2026-05-20T03:00:00+00:00,83.99,84.28,83.86,84.1,24835.074
2026-05-20T04:00:00+00:00,84.1,84.23,83.88,84.23,30849.568
2026-05-20T05:00:00+00:00,84.23,84.95,84.22,84.78,91954.703
2026-05-20T06:00:00+00:00,84.77,85.02,84.72,84.99,67399.859
2026-05-20T07:00:00+00:00,84.99,85.13,84.7,84.77,52924.592
2026-05-20T08:00:00+00:00,84.76,85.19,84.72,84.98,55361.312
2026-05-20T09:00:00+00:00,84.99,85.1,84.85,84.9,53412.261
2026-05-20T10:00:00+00:00,84.89,85.21,84.88,84.98,49370.74
2026-05-20T11:00:00+00:00,84.98,85.06,84.58,84.7,61922.846
2026-05-20T12:00:00+00:00,84.7,85.33,84.62,85.1,61199.803
2026-05-20T13:00:00+00:00,85.1,85.15,84.19,84.69,97133.828
2026-05-20T14:00:00+00:00,84.69,86.16,84.33,85.86,272070.779
2026-05-20T15:00:00+00:00,85.85,86.27,85.43,85.92,186074.859
2026-05-20T16:00:00+00:00,85.92,86.85,85.54,86.49,357900.742
2026-05-20T17:00:00+00:00,86.49,87.09,86.32,86.52,150046.101
2026-05-20T18:00:00+00:00,86.52,86.58,85.53,85.83,193504.706
2026-05-20T19:00:00+00:00,85.83,86.29,85.61,86.16,65372.471
2026-05-20T20:00:00+00:00,86.16,86.24,85.55,86.18,78154.834
2026-05-20T21:00:00+00:00,86.17,86.33,85.95,85.99,54832.453
2026-05-20T22:00:00+00:00,85.98,86.24,85.64,86.04,130104.192
2026-05-20T23:00:00+00:00,86.03,86.18,85.88,86.17,48553.486
2026-05-21T00:00:00+00:00,86.17,86.83,86.11,86.64,86420.595
2026-05-21T01:00:00+00:00,86.64,87.06,86.39,86.54,91377.068
2026-05-21T02:00:00+00:00,86.54,86.88,86.44,86.61,51901.381
2026-05-21T03:00:00+00:00,86.61,86.91,86.54,86.85,74417.697
2026-05-21T04:00:00+00:00,86.85,87.22,86.76,86.98,147799.558
2026-05-21T05:00:00+00:00,86.98,87.11,86.36,86.51,69467.76
2026-05-21T06:00:00+00:00,86.51,86.62,86.2,86.31,65105.686
2026-05-21T07:00:00+00:00,86.31,86.73,86.26,86.64,48554.085
2026-05-21T08:00:00+00:00,86.64,87.27,86.63,86.86,102192.922
2026-05-21T09:00:00+00:00,86.86,87.06,86.46,86.5,68490.735
2026-05-21T10:00:00+00:00,86.49,86.68,85.71,85.74,159097.608
2026-05-21T11:00:00+00:00,85.75,85.94,85.57,85.58,95096.498
2026-05-21T12:00:00+00:00,85.58,85.85,85.42,85.75,88240.799
2026-05-21T13:00:00+00:00,85.75,86.13,85.32,86.07,162266.673
2026-05-21T14:00:00+00:00,86.07,86.47,85.62,86.01,200878.902
2026-05-21T15:00:00+00:00,86.01,86.9,85.9,86.46,190666.389
2026-05-21T16:00:00+00:00,86.46,86.59,86.04,86.26,84224.896
2026-05-21T17:00:00+00:00,86.27,88.0,86.18,87.59,412896.524
2026-05-21T18:00:00+00:00,87.59,87.79,86.78,87.07,143367.121
2026-05-21T19:00:00+00:00,87.07,87.88,87.07,87.83,101416.649
2026-05-21T20:00:00+00:00,87.83,87.92,87.49,87.55,58881.459
2026-05-21T21:00:00+00:00,87.56,87.71,87.31,87.35,71672.627
2026-05-21T22:00:00+00:00,87.35,87.5,87.13,87.19,39825.505
2026-05-21T23:00:00+00:00,87.19,87.38,87.02,87.36,40062.763
2026-05-22T00:00:00+00:00,87.35,87.36,86.81,86.85,41758.667
2026-05-22T01:00:00+00:00,86.84,87.1,86.59,87.08,73961.854
2026-05-22T02:00:00+00:00,87.08,87.26,86.99,87.17,58346.684
2026-05-22T03:00:00+00:00,87.17,87.31,86.92,87.03,36429.328
2026-05-22T04:00:00+00:00,87.04,87.38,86.93,86.98,38065.164
2026-05-22T05:00:00+00:00,86.98,87.15,86.73,86.81,34805.509
2026-05-22T06:00:00+00:00,86.81,86.85,86.52,86.71,71982.585
2026-05-22T07:00:00+00:00,86.72,87.15,86.53,86.97,95928.814
2026-05-22T08:00:00+00:00,86.98,87.53,86.87,87.14,100546.91
2026-05-22T09:00:00+00:00,87.15,87.4,87.05,87.27,72260.868
2026-05-22T10:00:00+00:00,87.26,87.28,86.89,86.99,41700.794
2026-05-22T11:00:00+00:00,87.0,87.33,86.72,87.32,56878.079
2026-05-22T12:00:00+00:00,87.33,87.77,87.25,87.76,108340.371
2026-05-22T13:00:00+00:00,87.76,87.85,87.1,87.4,113191.591
2026-05-22T14:00:00+00:00,87.39,87.39,86.37,86.62,161712.123
2026-05-22T15:00:00+00:00,86.61,86.98,86.27,86.77,108409.144
2026-05-22T16:00:00+00:00,86.76,87.0,86.66,86.92,59642.479
2026-05-22T17:00:00+00:00,86.92,87.19,86.5,86.63,86639.61
2026-05-22T18:00:00+00:00,86.63,86.69,84.62,85.46,228881.8
2026-05-22T19:00:00+00:00,85.46,85.63,84.0,84.55,282732.807
2026-05-22T20:00:00+00:00,84.55,85.07,84.55,85.0,102055.063
2026-05-22T21:00:00+00:00,84.99,85.28,84.93,85.17,54697.487
2026-05-22T22:00:00+00:00,85.17,85.22,84.78,84.96,56157.437
2026-05-22T23:00:00+00:00,84.95,85.15,84.0,84.4,123359.495
2026-05-23T00:00:00+00:00,84.4,84.55,84.07,84.44,152682.941
2026-05-23T01:00:00+00:00,84.44,84.65,84.32,84.53,52466.491
2026-05-23T02:00:00+00:00,84.53,84.86,84.21,84.54,71432.08
2026-05-23T03:00:00+00:00,84.53,84.75,84.49,84.68,32887.193
2026-05-23T04:00:00+00:00,84.69,84.72,84.35,84.42,42184.357
2026-05-23T05:00:00+00:00,84.41,84.47,84.18,84.46,43173.824
2026-05-23T06:00:00+00:00,84.45,84.49,84.18,84.27,43696.192
2026-05-23T07:00:00+00:00,84.27,84.33,81.5,82.25,551122.284
2026-05-23T08:00:00+00:00,82.25,82.36,81.63,82.13,239163.964
2026-05-23T09:00:00+00:00,82.13,82.25,81.99,82.01,73864.961
2026-05-23T10:00:00+00:00,82.01,82.39,82.01,82.26,53942.834
2026-05-23T11:00:00+00:00,82.27,82.49,82.23,82.31,41102.178
2026-05-23T12:00:00+00:00,82.3,82.56,82.15,82.49,45766.671
2026-05-23T13:00:00+00:00,82.5,83.49,82.49,83.22,144123.581
2026-05-23T14:00:00+00:00,83.23,84.47,83.1,84.13,120078.49
2026-05-23T15:00:00+00:00,84.14,84.54,83.63,84.1,137355.31
2026-05-23T16:00:00+00:00,84.09,84.31,83.93,84.11,72498.943
2026-05-23T17:00:00+00:00,84.11,84.35,83.99,84.21,49841.752
2026-05-23T18:00:00+00:00,84.22,85.14,84.17,84.71,121230.166
2026-05-23T19:00:00+00:00,84.72,85.11,84.62,84.96,80916.44
2026-05-23T20:00:00+00:00,84.97,87.09,84.8,87.08,442248.406
2026-05-23T21:00:00+00:00,87.08,87.5,86.0,86.28,206245.648
2026-05-23T22:00:00+00:00,86.28,86.61,85.52,85.81,92579.804
2026-05-23T23:00:00+00:00,85.81,85.94,85.67,85.75,62497.201
2026-05-24T00:00:00+00:00,85.76,86.03,85.62,85.89,44726.666
2026-05-24T01:00:00+00:00,85.89,86.23,85.87,86.01,49161.072
2026-05-24T02:00:00+00:00,86.02,86.11,85.7,85.98,37780.957
2026-05-24T03:00:00+00:00,85.99,86.13,85.63,85.81,37495.875
2026-05-24T04:00:00+00:00,85.81,86.12,85.78,85.93,42576.619
2026-05-24T05:00:00+00:00,85.94,86.18,85.58,86.16,58294.97
2026-05-24T06:00:00+00:00,86.16,86.49,85.93,86.45,38412.794
2026-05-24T07:00:00+00:00,86.46,86.7,86.0,86.07,63973.862
2026-05-24T08:00:00+00:00,86.07,86.54,86.01,86.51,54511.479
2026-05-24T09:00:00+00:00,86.51,87.0,86.37,86.55,113084.912
2026-05-24T10:00:00+00:00,86.55,86.73,86.24,86.5,102230.961
2026-05-24T11:00:00+00:00,86.5,86.92,86.41,86.66,127148.504
2026-05-24T12:00:00+00:00,86.67,86.69,86.18,86.35,57436.398
2026-05-24T13:00:00+00:00,86.36,86.46,85.73,85.9,93401.757
2026-05-24T14:00:00+00:00,85.9,86.01,84.48,85.25,200702.214
2026-05-24T15:00:00+00:00,85.25,85.46,85.14,85.31,48240.019
2026-05-24T16:00:00+00:00,85.3,85.88,85.11,85.64,116324.475
2026-05-24T17:00:00+00:00,85.65,85.79,85.49,85.65,41465.913
2026-05-24T18:00:00+00:00,85.64,85.68,85.27,85.4,46432.363
2026-05-24T19:00:00+00:00,85.41,85.51,85.23,85.37,43085.316
2026-05-24T20:00:00+00:00,85.38,85.43,84.49,84.76,239925.577
2026-05-24T21:00:00+00:00,84.76,84.96,83.7,83.97,176347.501
2026-05-24T22:00:00+00:00,83.96,85.33,83.94,84.99,182836.569
2026-05-24T23:00:00+00:00,85.0,85.52,85.0,85.27,71060.63
2026-05-25T00:00:00+00:00,85.27,85.67,85.26,85.5,71590.419
2026-05-25T01:00:00+00:00,85.5,85.59,84.83,84.87,57850.484
2026-05-25T02:00:00+00:00,84.87,85.85,84.87,85.08,121300.437
2026-05-25T03:00:00+00:00,85.08,85.18,84.8,84.95,51799.88
2026-05-25T04:00:00+00:00,84.95,85.93,84.93,85.84,65412.611
2026-05-25T05:00:00+00:00,85.85,86.18,85.76,85.98,84127.23
2026-05-25T06:00:00+00:00,85.99,86.19,85.65,85.99,65553.168
2026-05-25T07:00:00+00:00,85.99,86.16,85.48,85.96,80965.728
2026-05-25T08:00:00+00:00,85.95,86.08,85.75,86.02,52393.798
2026-05-25T09:00:00+00:00,86.03,86.22,85.93,85.94,54718.797
2026-05-25T10:00:00+00:00,85.94,86.11,85.9,86.08,38851.696
2026-05-25T11:00:00+00:00,86.07,86.14,85.7,85.76,45055.341
2026-05-25T12:00:00+00:00,85.77,86.07,85.66,85.87,70282.189
2026-05-25T13:00:00+00:00,85.87,86.03,85.77,86.01,39252.367
2026-05-25T14:00:00+00:00,86.01,86.45,85.9,86.34,86107.815
2026-05-25T15:00:00+00:00,86.34,86.52,86.06,86.26,79417.896
2026-05-25T16:00:00+00:00,86.26,86.44,85.98,86.27,69860.988
2026-05-25T17:00:00+00:00,86.26,86.38,86.06,86.13,70204.828
2026-05-25T18:00:00+00:00,86.12,86.3,85.88,85.91,35848.669
2026-05-25T19:00:00+00:00,85.91,85.92,85.52,85.64,78635.933
2026-05-25T20:00:00+00:00,85.64,85.87,85.3,85.41,54513.141
2026-05-25T21:00:00+00:00,85.4,85.56,85.27,85.38,37888.625
2026-05-25T22:00:00+00:00,85.38,85.54,84.71,84.81,97179.48
2026-05-25T23:00:00+00:00,84.8,85.21,84.73,85.06,53423.945
2026-05-26T00:00:00+00:00,85.06,85.09,83.9,84.4,132643.991
2026-05-26T01:00:00+00:00,84.4,84.57,83.85,84.11,96961.397
2026-05-26T02:00:00+00:00,84.12,84.23,83.9,84.03,55429.958
2026-05-26T03:00:00+00:00,84.03,84.27,83.85,84.22,47752.189
2026-05-26T04:00:00+00:00,84.23,84.52,84.01,84.37,53034.445
2026-05-26T05:00:00+00:00,84.37,84.97,84.28,84.67,75504.798
2026-05-26T06:00:00+00:00,84.66,84.83,84.4,84.6,56970.101
2026-05-26T07:00:00+00:00,84.61,84.63,84.1,84.35,80754.154
2026-05-26T08:00:00+00:00,84.36,84.57,84.34,84.44,59335.634
2026-05-26T09:00:00+00:00,84.44,84.72,84.29,84.48,58415.962
2026-05-26T10:00:00+00:00,84.47,85.8,84.36,85.56,183698.566
2026-05-26T11:00:00+00:00,85.57,85.66,85.21,85.21,91112.397
2026-05-26T12:00:00+00:00,85.22,85.4,84.81,85.32,160039.674
2026-05-26T13:00:00+00:00,85.32,85.77,84.69,85.5,146297.629
2026-05-26T14:00:00+00:00,85.51,86.13,84.77,85.24,220713.906
2026-05-26T15:00:00+00:00,85.23,85.36,84.03,84.49,194932.871
2026-05-26T16:00:00+00:00,84.49,84.57,83.95,84.23,143497.998
2026-05-26T17:00:00+00:00,84.23,84.39,83.15,83.59,209924.179
2026-05-26T18:00:00+00:00,83.59,84.09,83.49,83.63,83062.071
2026-05-26T19:00:00+00:00,83.63,84.02,83.36,83.8,74747.88
2026-05-26T20:00:00+00:00,83.8,83.98,83.74,83.94,35022.905
2026-05-26T21:00:00+00:00,83.94,83.97,83.57,83.7,36418.796
2026-05-26T22:00:00+00:00,83.7,83.88,83.54,83.65,25596.949
2026-05-26T23:00:00+00:00,83.66,83.85,83.63,83.72,36908.98
2026-05-27T00:00:00+00:00,83.73,84.18,83.72,84.14,51872.541
2026-05-27T01:00:00+00:00,84.13,84.19,83.8,83.86,39325.588
2026-05-27T02:00:00+00:00,83.85,83.96,83.55,83.96,32006.417
2026-05-27T03:00:00+00:00,83.96,84.07,83.48,83.63,51996.289
2026-05-27T04:00:00+00:00,83.62,83.68,82.86,83.64,98948.351
2026-05-27T05:00:00+00:00,83.64,83.93,83.57,83.89,37127.15
2026-05-27T06:00:00+00:00,83.89,84.07,83.74,84.06,44875.778
2026-05-27T07:00:00+00:00,84.06,84.21,83.89,84.21,46819.8
2026-05-27T08:00:00+00:00,84.2,84.42,83.89,83.93,77659.248
2026-05-27T09:00:00+00:00,83.93,83.96,83.6,83.78,70110.937
2026-05-27T10:00:00+00:00,83.78,84.09,83.67,83.95,40788.979
2026-05-27T11:00:00+00:00,83.95,84.23,83.91,83.94,64108.013
2026-05-27T12:00:00+00:00,83.95,84.68,83.55,83.95,134139.978
2026-05-27T13:00:00+00:00,83.94,84.06,82.98,83.63,139110.853
2026-05-27T14:00:00+00:00,83.64,84.12,83.22,83.91,144628.697
2026-05-27T15:00:00+00:00,83.91,84.84,83.88,84.44,218419.389
2026-05-27T16:00:00+00:00,84.44,84.75,83.87,84.18,108536.454
2026-05-27T17:00:00+00:00,84.18,84.2,83.16,83.41,148897.615
2026-05-27T18:00:00+00:00,83.4,83.99,83.2,83.94,60867.62
2026-05-27T19:00:00+00:00,83.94,84.14,83.87,83.91,62313.648
2026-05-27T20:00:00+00:00,83.92,84.14,83.76,83.82,53378.037
2026-05-27T21:00:00+00:00,83.82,83.82,82.1,82.49,206098.586
2026-05-27T22:00:00+00:00,82.49,83.03,82.22,82.47,115782.572
2026-05-27T23:00:00+00:00,82.46,82.7,82.2,82.44,71643.823
2026-05-28T00:00:00+00:00,82.43,82.74,82.36,82.71,61588.421
2026-05-28T01:00:00+00:00,82.72,82.76,81.93,82.27,152669.651
2026-05-28T02:00:00+00:00,82.28,82.44,82.0,82.1,78589.947
2026-05-28T03:00:00+00:00,82.11,82.25,80.5,80.7,306109.879
2026-05-28T04:00:00+00:00,80.7,80.98,80.0,80.9,222109.557
2026-05-28T05:00:00+00:00,80.9,81.0,80.42,80.7,91993.905
2026-05-28T06:00:00+00:00,80.7,81.12,80.53,80.97,80847.152
2026-05-28T07:00:00+00:00,80.97,81.3,80.86,81.26,97340.967
2026-05-28T08:00:00+00:00,81.26,81.3,80.83,80.99,50944.095
2026-05-28T09:00:00+00:00,80.99,81.32,80.83,81.22,83999.553
2026-05-28T10:00:00+00:00,81.23,81.32,80.72,80.75,64016.774
2026-05-28T11:00:00+00:00,80.75,80.93,80.6,80.88,40350.227
2026-05-28T12:00:00+00:00,80.88,81.25,80.59,81.13,54576.523
2026-05-28T13:00:00+00:00,81.14,81.36,80.53,80.79,100198.153
2026-05-28T14:00:00+00:00,80.79,81.66,80.02,81.19,218768.323
2026-05-28T15:00:00+00:00,81.2,81.38,80.56,81.14,77614.828
2026-05-28T16:00:00+00:00,81.15,82.18,80.91,82.07,119764.688
2026-05-28T17:00:00+00:00,82.08,82.64,81.84,82.3,65125.039
2026-05-28T18:00:00+00:00,82.3,83.01,82.25,82.9,117421.506
2026-05-28T19:00:00+00:00,82.89,82.89,82.17,82.19,50293.02
2026-05-28T20:00:00+00:00,82.18,82.6,81.78,82.3,43031.984
2026-05-28T21:00:00+00:00,82.3,82.7,82.22,82.44,53388.329
2026-05-28T22:00:00+00:00,82.44,82.63,81.91,82.04,43604.141
2026-05-28T23:00:00+00:00,82.03,82.28,82.0,82.11,32568.818
2026-05-29T00:00:00+00:00,82.12,82.48,82.12,82.33,44227.163
2026-05-29T01:00:00+00:00,82.33,82.48,82.06,82.21,44771.64
2026-05-29T02:00:00+00:00,82.21,82.32,81.47,81.57,85401.787
2026-05-29T03:00:00+00:00,81.57,81.96,81.52,81.61,40129.799
2026-05-29T04:00:00+00:00,81.62,81.94,81.36,81.93,58649.542
2026-05-29T05:00:00+00:00,81.93,82.2,81.82,82.07,58901.409
2026-05-29T06:00:00+00:00,82.06,82.49,82.02,82.31,47792.747
2026-05-29T07:00:00+00:00,82.31,82.46,81.92,82.24,122627.972
2026-05-29T08:00:00+00:00,82.25,82.49,82.18,82.22,57065.615
2026-05-29T09:00:00+00:00,82.23,82.65,82.21,82.44,62077.037
2026-05-29T10:00:00+00:00,82.44,82.45,82.09,82.15,55962.432
2026-05-29T11:00:00+00:00,82.15,82.21,81.52,81.77,82474.186
2026-05-29T12:00:00+00:00,81.76,81.79,81.31,81.48,89507.527
2026-05-29T13:00:00+00:00,81.48,81.78,81.1,81.44,87403.486
2026-05-29T14:00:00+00:00,81.44,81.58,80.35,81.33,213503.036
2026-05-29T15:00:00+00:00,81.33,83.24,81.2,82.59,318976.733
2026-05-29T16:00:00+00:00,82.58,83.13,82.2,82.93,111480.069
2026-05-29T17:00:00+00:00,82.93,83.22,82.67,82.79,112719.09
2026-05-29T18:00:00+00:00,82.8,83.0,81.82,82.07,90897.665
2026-05-29T19:00:00+00:00,82.06,82.41,81.6,82.06,57214.482
2026-05-29T20:00:00+00:00,82.06,82.39,82.01,82.22,41563.509
2026-05-29T21:00:00+00:00,82.23,82.4,81.7,81.71,56705.161
2026-05-29T22:00:00+00:00,81.71,82.02,81.62,81.99,71666.376
2026-05-29T23:00:00+00:00,81.98,82.11,81.76,82.04,52559.183
2026-05-30T00:00:00+00:00,82.04,82.35,81.94,82.29,44417.277
2026-05-30T01:00:00+00:00,82.3,83.0,82.22,82.82,59647.896
2026-05-30T02:00:00+00:00,82.82,83.03,82.77,82.98,40547.38
2026-05-30T03:00:00+00:00,82.97,83.1,82.62,82.67,34396.482
2026-05-30T04:00:00+00:00,82.67,82.8,81.86,82.33,78885.714
2026-05-30T05:00:00+00:00,82.32,82.77,82.2,82.6,77289.943
2026-05-30T06:00:00+00:00,82.59,82.74,82.39,82.47,29474.382
2026-05-30T07:00:00+00:00,82.48,82.52,82.26,82.37,32754.46
2026-05-30T08:00:00+00:00,82.37,82.41,82.19,82.23,20767.929
2026-05-30T09:00:00+00:00,82.23,82.39,82.2,82.34,30260.937
2026-05-30T10:00:00+00:00,82.34,82.51,82.3,82.38,25328.398
2026-05-30T11:00:00+00:00,82.39,82.55,82.22,82.33,19548.233
2026-05-30T12:00:00+00:00,82.33,82.44,82.25,82.43,43052.052
2026-05-30T13:00:00+00:00,82.43,82.57,82.25,82.48,35489.486
2026-05-30T14:00:00+00:00,82.48,82.79,82.43,82.63,67065.937
2026-05-30T15:00:00+00:00,82.63,82.92,82.48,82.69,81051.937
2026-05-30T16:00:00+00:00,82.68,82.92,82.63,82.89,36497.145
2026-05-30T17:00:00+00:00,82.88,83.06,82.63,83.05,47059.145
2026-05-30T18:00:00+00:00,83.05,83.14,82.87,83.03,40910.983
2026-05-30T19:00:00+00:00,83.02,83.05,82.78,82.99,38589.163
2026-05-30T20:00:00+00:00,82.99,83.08,82.86,82.96,24764.884
2026-05-30T21:00:00+00:00,82.96,83.17,82.91,83.02,41466.384
2026-05-30T22:00:00+00:00,83.02,83.02,82.45,82.65,44641.477
2026-05-30T23:00:00+00:00,82.64,82.89,82.52,82.73,24582.62
2026-05-31T00:00:00+00:00,82.74,82.96,82.62,82.93,24737.64
2026-05-31T01:00:00+00:00,82.93,83.25,82.92,83.02,51068.124
2026-05-31T02:00:00+00:00,83.03,83.42,82.88,83.15,57438.18
2026-05-31T03:00:00+00:00,83.16,83.35,83.1,83.25,30533.414
2026-05-31T04:00:00+00:00,83.24,83.3,83.09,83.22,22050.49
2026-05-31T05:00:00+00:00,83.21,83.22,83.0,83.03,27586.436
2026-05-31T06:00:00+00:00,83.03,83.03,82.84,82.95,37499.62
2026-05-31T07:00:00+00:00,82.96,82.96,82.52,82.66,40461.406
2026-05-31T08:00:00+00:00,82.67,82.86,82.59,82.81,30621.667
2026-05-31T09:00:00+00:00,82.8,83.05,82.64,82.75,32322.821
2026-05-31T10:00:00+00:00,82.75,82.75,82.49,82.71,38083.093
2026-05-31T11:00:00+00:00,82.71,82.85,82.67,82.76,19251.647
2026-05-31T12:00:00+00:00,82.76,82.94,82.57,82.82,28099.328
2026-05-31T13:00:00+00:00,82.82,83.12,82.66,82.77,29814.806
2026-05-31T14:00:00+00:00,82.76,82.77,81.79,81.96,148012.05
2026-05-31T15:00:00+00:00,81.96,82.27,81.81,81.88,43985.251
2026-05-31T16:00:00+00:00,81.88,82.04,81.42,81.59,78396.656
2026-05-31T17:00:00+00:00,81.58,81.9,81.46,81.87,39396.192
2026-05-31T18:00:00+00:00,81.87,81.87,81.61,81.76,20947.376
2026-05-31T19:00:00+00:00,81.75,81.8,81.33,81.58,27603.547
2026-05-31T20:00:00+00:00,81.59,82.01,81.59,81.97,24807.536
2026-05-31T21:00:00+00:00,81.97,82.37,81.88,82.3,28166.972
2026-05-31T22:00:00+00:00,82.31,82.69,82.04,82.53,55921.078
2026-05-31T23:00:00+00:00,82.52,82.92,81.95,82.44,57075.336
2026-06-01T00:00:00+00:00,82.45,83.1,82.37,82.83,85074.537
2026-06-01T01:00:00+00:00,82.83,82.87,81.75,81.76,74116.465
2026-06-01T02:00:00+00:00,81.76,82.9,81.63,82.68,58203.479
2026-06-01T03:00:00+00:00,82.68,82.99,82.56,82.63,74313.342
2026-06-01T04:00:00+00:00,82.63,82.78,81.77,82.04,63756.645
2026-06-01T05:00:00+00:00,82.03,82.11,81.63,81.82,43692.778
2026-06-01T06:00:00+00:00,81.82,81.87,81.13,81.45,71844.779
2026-06-01T07:00:00+00:00,81.45,81.58,80.63,80.74,69985.216
2026-06-01T08:00:00+00:00,80.74,81.05,80.46,80.99,76555.839
2026-06-01T09:00:00+00:00,80.99,81.29,80.99,81.08,73646.34
2026-06-01T10:00:00+00:00,81.08,81.19,80.83,81.1,61932.621
2026-06-01T11:00:00+00:00,81.1,81.26,80.6,80.81,101246.714
2026-06-01T12:00:00+00:00,80.82,81.07,80.23,80.82,140019.467
2026-06-01T13:00:00+00:00,80.82,80.86,79.28,79.84,314651.976
2026-06-01T14:00:00+00:00,79.84,80.11,79.43,79.71,145590.94
2026-06-01T15:00:00+00:00,79.71,80.05,79.2,79.6,120002.491
2026-06-01T16:00:00+00:00,79.61,80.46,79.11,80.41,119404.2
2026-06-01T17:00:00+00:00,80.4,81.21,80.29,80.93,134586.836
2026-06-01T18:00:00+00:00,80.92,81.22,80.58,80.86,52921.751
2026-06-01T19:00:00+00:00,80.86,81.31,80.6,81.2,52219.795
2026-06-01T20:00:00+00:00,81.19,81.24,80.96,81.13,52430.236
2026-06-01T21:00:00+00:00,81.14,81.14,80.5,80.68,115156.362
2026-06-01T22:00:00+00:00,80.67,81.48,80.32,81.4,94615.138
2026-06-01T23:00:00+00:00,81.41,81.65,81.07,81.28,113179.449
2026-06-02T00:00:00+00:00,81.28,81.3,80.87,80.89,42277.445
2026-06-02T01:00:00+00:00,80.89,81.01,80.04,80.11,75615.542
2026-06-02T02:00:00+00:00,80.11,80.78,79.41,80.78,122227.642
2026-06-02T03:00:00+00:00,80.78,81.05,80.64,80.92,66363.578
2026-06-02T04:00:00+00:00,80.92,81.02,80.38,80.44,61469.761
2026-06-02T05:00:00+00:00,80.44,80.59,79.57,79.63,83029.984
2026-06-02T06:00:00+00:00,79.63,79.82,79.33,79.59,113130.612
2026-06-02T07:00:00+00:00,79.6,79.94,79.16,79.67,75041.988
2026-06-02T08:00:00+00:00,79.67,79.8,79.45,79.61,59264.398
2026-06-02T09:00:00+00:00,79.62,79.64,78.78,79.1,129401.829
2026-06-02T10:00:00+00:00,79.11,79.48,78.97,79.44,59917.175
2026-06-02T11:00:00+00:00,79.43,79.45,78.85,78.94,72081.665
2026-06-02T12:00:00+00:00,78.93,79.16,78.66,78.98,79062.512
2026-06-02T13:00:00+00:00,78.97,79.22,78.8,78.95,83201.925
2026-06-02T14:00:00+00:00,78.95,78.99,76.75,77.44,432986.793
2026-06-02T15:00:00+00:00,77.44,77.49,75.58,76.38,418914.184
2026-06-02T16:00:00+00:00,76.38,77.67,76.15,76.71,228269.734
2026-06-02T17:00:00+00:00,76.72,77.19,76.48,76.84,164609.961
2026-06-02T18:00:00+00:00,76.84,77.08,75.81,76.15,91384.374
2026-06-02T19:00:00+00:00,76.16,76.27,74.5,75.53,344086.413
2026-06-02T20:00:00+00:00,75.53,75.95,74.77,75.44,116900.273
2026-06-02T21:00:00+00:00,75.44,76.08,75.33,75.67,96795.655
2026-06-02T22:00:00+00:00,75.66,75.67,73.37,73.67,290461.886
2026-06-02T23:00:00+00:00,73.68,74.32,72.73,74.23,336041.588
2026-06-03T00:00:00+00:00,74.23,75.13,74.0,74.85,202547.302
2026-06-03T01:00:00+00:00,74.85,75.05,74.15,74.75,111009.176
2026-06-03T02:00:00+00:00,74.75,74.81,74.21,74.4,79705.256
2026-06-03T03:00:00+00:00,74.41,74.54,72.28,72.71,254498.453
2026-06-03T04:00:00+00:00,72.71,74.11,72.69,74.06,143688.804
2026-06-03T05:00:00+00:00,74.06,74.92,74.05,74.75,169098.882
2026-06-03T06:00:00+00:00,74.75,75.33,74.67,74.86,162671.761
2026-06-03T07:00:00+00:00,74.86,75.4,74.76,75.27,93467.022
2026-06-03T08:00:00+00:00,75.26,75.33,74.86,75.01,78085.895
2026-06-03T09:00:00+00:00,75.0,75.41,74.73,75.01,140506.339
2026-06-03T10:00:00+00:00,75.01,75.6,74.97,75.55,111179.566
2026-06-03T11:00:00+00:00,75.55,75.71,75.0,75.12,75239.604
2026-06-03T12:00:00+00:00,75.12,75.27,74.68,75.18,83437.504
2026-06-03T13:00:00+00:00,75.19,75.37,74.39,74.57,127785.018
2026-06-03T14:00:00+00:00,74.56,74.61,73.84,74.46,151500.761
2026-06-03T15:00:00+00:00,74.46,74.48,73.24,73.31,136205.798
2026-06-03T16:00:00+00:00,73.31,73.48,72.02,73.01,253803.687
2026-06-03T17:00:00+00:00,73.01,74.1,72.4,73.17,136778.12
2026-06-03T18:00:00+00:00,73.17,73.49,72.46,73.09,112565.336
2026-06-03T19:00:00+00:00,73.1,73.17,71.71,71.99,243448.336
2026-06-03T20:00:00+00:00,71.99,72.43,70.93,71.23,412273.108
2026-06-03T21:00:00+00:00,71.22,72.86,71.03,72.82,169893.125
2026-06-03T22:00:00+00:00,72.81,73.18,71.94,72.22,100282.043
2026-06-03T23:00:00+00:00,72.22,72.28,71.57,71.61,105574.784
2026-06-04T00:00:00+00:00,71.61,72.09,70.33,70.75,262808.474
2026-06-04T01:00:00+00:00,70.76,70.96,68.42,68.63,532824.55
2026-06-04T02:00:00+00:00,68.63,70.47,66.8,70.07,642074.708
2026-06-04T03:00:00+00:00,70.07,71.65,70.04,71.48,294832.251
2026-06-04T04:00:00+00:00,71.49,71.8,70.8,70.9,142724.495
2026-06-04T05:00:00+00:00,70.89,70.89,69.91,70.35,131019.18
2026-06-04T06:00:00+00:00,70.34,71.21,70.26,70.35,104601.425
2026-06-04T07:00:00+00:00,70.36,70.4,69.14,69.15,145332.526
2026-06-04T08:00:00+00:00,69.16,69.44,68.33,69.25,208429.027
2026-06-04T09:00:00+00:00,69.24,69.27,67.74,68.86,206826.657
2026-06-04T10:00:00+00:00,68.87,68.94,67.51,67.89,211805.825
2026-06-04T11:00:00+00:00,67.89,68.71,67.37,68.7,212452.26
2026-06-04T12:00:00+00:00,68.69,70.38,68.32,70.12,266361.497
2026-06-04T13:00:00+00:00,70.12,70.58,69.02,70.38,185403.263
2026-06-04T14:00:00+00:00,70.38,70.64,69.56,69.77,223518.479
2026-06-04T15:00:00+00:00,69.76,70.5,69.38,69.64,288475.982
2026-06-04T16:00:00+00:00,69.64,69.67,68.98,69.41,104450.235
2026-06-04T17:00:00+00:00,69.41,69.74,68.48,69.25,98633.551
2026-06-04T18:00:00+00:00,69.25,69.89,68.65,69.5,112317.193
2026-06-04T19:00:00+00:00,69.49,69.71,69.03,69.1,109858.18
2026-06-04T20:00:00+00:00,69.09,69.15,68.44,68.82,90783.732
2026-06-04T21:00:00+00:00,68.81,69.06,67.61,67.8,109794.006
2026-06-04T22:00:00+00:00,67.79,68.58,67.57,68.49,162189.322
2026-06-04T23:00:00+00:00,68.48,68.93,68.0,68.88,80732.672
2026-06-05T00:00:00+00:00,68.87,69.1,68.27,68.31,94482.783
2026-06-05T01:00:00+00:00,68.3,68.82,67.58,68.52,170977.826
2026-06-05T02:00:00+00:00,68.52,68.62,67.21,67.33,205697.435
2026-06-05T03:00:00+00:00,67.33,67.87,66.94,67.09,205341.548
2026-06-05T04:00:00+00:00,67.1,68.01,66.52,67.94,279233.158
2026-06-05T05:00:00+00:00,67.95,68.1,66.07,66.24,227052.135
2026-06-05T06:00:00+00:00,66.24,66.56,63.87,65.05,711566.681
2026-06-05T07:00:00+00:00,65.05,66.31,63.93,66.18,404654.712
2026-06-05T08:00:00+00:00,66.18,66.2,65.1,65.31,175461.816
2026-06-05T09:00:00+00:00,65.32,66.62,65.31,66.55,208083.634
2026-06-05T10:00:00+00:00,66.56,66.74,66.16,66.42,110468.156
2026-06-05T11:00:00+00:00,66.41,66.8,65.84,66.08,152006.519
2026-06-05T12:00:00+00:00,66.08,66.37,65.2,65.83,192608.052
2026-06-05T13:00:00+00:00,65.82,66.83,64.3,64.32,372355.711
2026-06-05T14:00:00+00:00,64.33,65.85,63.94,65.27,439146.751
2026-06-05T15:00:00+00:00,65.27,65.34,63.78,64.24,467507.146
2026-06-05T16:00:00+00:00,64.25,65.98,63.18,65.86,605057.033
2026-06-05T17:00:00+00:00,65.86,66.06,64.8,65.09,221416.878
2026-06-05T18:00:00+00:00,65.1,65.39,62.63,62.91,374915.582
2026-06-05T19:00:00+00:00,62.9,63.84,61.48,63.44,543475.913
2026-06-05T20:00:00+00:00,63.44,64.82,62.68,64.64,301434.009
2026-06-05T21:00:00+00:00,64.63,65.42,64.53,64.89,189844.812
2026-06-05T22:00:00+00:00,64.88,64.91,63.78,64.41,208505.233
2026-06-05T23:00:00+00:00,64.41,64.79,62.64,63.64,180299.965
2026-06-06T00:00:00+00:00,63.64,64.83,63.63,64.68,120881.287
2026-06-06T01:00:00+00:00,64.68,64.86,63.78,63.85,108817.371
2026-06-06T02:00:00+00:00,63.86,63.96,63.27,63.53,114641.909
2026-06-06T03:00:00+00:00,63.52,63.54,62.58,62.84,139553.093
2026-06-06T04:00:00+00:00,62.84,63.12,60.35,60.88,419817.254
2026-06-06T05:00:00+00:00,60.89,62.72,60.13,62.62,293810.466
2026-06-06T06:00:00+00:00,62.62,63.35,62.08,62.22,157531.056
2026-06-06T07:00:00+00:00,62.22,63.16,62.06,62.78,123693.397
2026-06-06T08:00:00+00:00,62.79,63.6,62.54,63.18,116203.679
2026-06-06T09:00:00+00:00,63.17,63.56,62.49,62.71,84549.16
2026-06-06T10:00:00+00:00,62.7,62.71,61.2,61.84,226017.518
2026-06-06T11:00:00+00:00,61.84,62.69,61.77,62.46,135940.245
2026-06-06T12:00:00+00:00,62.46,63.11,62.04,62.92,162475.471
2026-06-06T13:00:00+00:00,62.93,63.06,62.17,62.45,88374.736
2026-06-06T14:00:00+00:00,62.45,62.93,62.3,62.33,126534.329
2026-06-06T15:00:00+00:00,62.33,62.48,61.32,62.03,296337.214
2026-06-06T16:00:00+00:00,62.04,62.4,61.38,62.13,240041.71
2026-06-06T17:00:00+00:00,62.13,62.28,61.46,61.63,100047.277
2026-06-06T18:00:00+00:00,61.62,62.14,61.41,61.73,77417.593
2026-06-06T19:00:00+00:00,61.74,62.2,61.62,61.64,77950.681
2026-06-06T20:00:00+00:00,61.64,61.94,61.38,61.84,156326.464
2026-06-06T21:00:00+00:00,61.85,62.38,61.83,61.91,77443.896
2026-06-06T22:00:00+00:00,61.9,61.98,61.47,61.73,74264.556
2026-06-06T23:00:00+00:00,61.72,62.3,61.68,62.2,52170.694
2026-06-07T00:00:00+00:00,62.21,62.64,61.96,62.11,86470.166
2026-06-07T01:00:00+00:00,62.11,63.86,62.04,63.67,203218.882
2026-06-07T02:00:00+00:00,63.67,63.79,63.07,63.55,120313.278
2026-06-07T03:00:00+00:00,63.55,64.15,63.41,63.84,132638.914
2026-06-07T04:00:00+00:00,63.84,64.13,63.31,64.1,102582.666
2026-06-07T05:00:00+00:00,64.09,64.5,63.9,64.26,136530.072
2026-06-07T06:00:00+00:00,64.27,65.0,64.03,64.85,137142.167
2026-06-07T07:00:00+00:00,64.85,65.02,64.61,64.93,138583.045
2026-06-07T08:00:00+00:00,64.92,65.97,64.5,65.97,192726.319
2026-06-07T09:00:00+00:00,65.96,66.11,64.85,65.02,125152.967
2026-06-07T10:00:00+00:00,65.03,65.09,64.46,64.67,105980.139
2026-06-07T11:00:00+00:00,64.67,65.25,64.55,65.04,58725.207
2026-06-07T12:00:00+00:00,65.05,65.11,63.67,64.33,185560.454
2026-06-07T13:00:00+00:00,64.33,64.44,64.09,64.34,77996.253
2026-06-07T14:00:00+00:00,64.34,65.35,64.33,64.92,114695.185
2026-06-07T15:00:00+00:00,64.92,65.24,64.63,64.99,83149.955
2026-06-07T16:00:00+00:00,64.99,65.33,64.75,65.15,66802.943
2026-06-07T17:00:00+00:00,65.15,65.62,65.09,65.32,60601.695
2026-06-07T18:00:00+00:00,65.33,65.58,64.91,64.95,42035.734
2026-06-07T19:00:00+00:00,64.96,64.98,63.64,63.95,151033.83
2026-06-07T20:00:00+00:00,63.94,64.8,63.75,64.7,85671.223
2026-06-07T21:00:00+00:00,64.69,64.93,64.31,64.63,51099.042
2026-06-07T22:00:00+00:00,64.64,67.92,64.53,65.83,318835.326
2026-06-07T23:00:00+00:00,65.82,66.67,65.77,66.5,164025.911
2026-06-08T00:00:00+00:00,66.5,67.11,66.02,66.71,163104.513
2026-06-08T01:00:00+00:00,66.72,66.81,65.4,66.19,160105.885
2026-06-08T02:00:00+00:00,66.19,66.65,66.06,66.46,94192.49
2026-06-08T03:00:00+00:00,66.46,66.75,66.18,66.37,74821.217
2026-06-08T04:00:00+00:00,66.37,66.42,65.37,65.44,84719.446
2026-06-08T05:00:00+00:00,65.44,65.65,64.98,65.34,79046.327
2026-06-08T06:00:00+00:00,65.33,65.89,65.27,65.68,92447.115
2026-06-08T07:00:00+00:00,65.68,66.23,65.38,66.11,82482.841
2026-06-08T08:00:00+00:00,66.1,66.11,65.45,65.63,83103.334
2026-06-08T09:00:00+00:00,65.63,66.39,65.6,66.38,101754.182
2026-06-08T10:00:00+00:00,66.37,66.47,65.81,66.21,104538.124
2026-06-08T11:00:00+00:00,66.21,67.06,66.04,66.68,217880.036
2026-06-08T12:00:00+00:00,66.69,67.32,65.99,67.26,224854.095
2026-06-08T13:00:00+00:00,67.26,67.29,66.42,66.78,151819.844
2026-06-08T14:00:00+00:00,66.78,67.31,66.45,67.28,315674.903
2026-06-08T15:00:00+00:00,67.28,67.82,67.06,67.18,204380.308
2026-06-08T16:00:00+00:00,67.19,67.75,66.9,66.96,139256.473
2026-06-08T17:00:00+00:00,66.95,67.39,66.56,67.38,147309.435
2026-06-08T18:00:00+00:00,67.38,67.62,67.16,67.43,82951.272
2026-06-08T19:00:00+00:00,67.43,67.82,67.28,67.46,121637.193
2026-06-08T20:00:00+00:00,67.46,67.53,66.94,67.48,83656.84
2026-06-08T21:00:00+00:00,67.48,68.17,67.42,67.48,110338.04
2026-06-08T22:00:00+00:00,67.48,67.48,66.84,67.2,68957.83
2026-06-08T23:00:00+00:00,67.2,67.42,66.65,66.82,69963.624
2026-06-09T00:00:00+00:00,66.82,66.89,65.29,65.42,249065.565
2026-06-09T01:00:00+00:00,65.41,66.08,65.39,65.99,99888.075
2026-06-09T02:00:00+00:00,65.99,66.08,65.53,65.91,52849.551
2026-06-09T03:00:00+00:00,65.92,66.1,65.68,66.01,55204.775
2026-06-09T04:00:00+00:00,66.01,67.41,65.83,67.02,181033.509
2026-06-09T05:00:00+00:00,67.02,67.39,66.7,67.18,276316.811
2026-06-09T06:00:00+00:00,67.19,67.47,66.98,67.05,79074.98
2026-06-09T07:00:00+00:00,67.06,67.34,66.62,66.89,99581.162
2026-06-09T08:00:00+00:00,66.9,66.94,66.39,66.6,97943.408
2026-06-09T09:00:00+00:00,66.6,66.83,66.08,66.18,68747.028
2026-06-09T10:00:00+00:00,66.18,66.49,66.0,66.42,69047.846
2026-06-09T11:00:00+00:00,66.41,66.47,65.9,66.11,100844.501
2026-06-09T12:00:00+00:00,66.11,66.52,65.95,66.21,105180.147
2026-06-09T13:00:00+00:00,66.22,66.38,65.6,65.86,168426.568
2026-06-09T14:00:00+00:00,65.86,65.99,64.39,65.08,298483.712
2026-06-09T15:00:00+00:00,65.08,65.31,64.26,64.33,175354.058
2026-06-09T16:00:00+00:00,64.33,64.5,63.54,64.14,231566.578
2026-06-09T17:00:00+00:00,64.15,65.17,64.09,64.79,200739.215
2026-06-09T18:00:00+00:00,64.8,65.55,64.66,65.3,103269.15
2026-06-09T19:00:00+00:00,65.29,65.65,65.05,65.41,118929.084
2026-06-09T20:00:00+00:00,65.42,65.7,65.29,65.62,62861.212
2026-06-09T21:00:00+00:00,65.63,65.65,64.88,65.02,56854.166
2026-06-09T22:00:00+00:00,65.02,65.35,64.82,64.89,64684.189
2026-06-09T23:00:00+00:00,64.89,65.18,64.69,64.96,66205.021
2026-06-10T00:00:00+00:00,64.97,65.22,64.49,65.19,84233.108
2026-06-10T01:00:00+00:00,65.18,65.32,64.81,65.09,76997.122
2026-06-10T02:00:00+00:00,65.1,65.25,64.25,64.31,86926.448
2026-06-10T03:00:00+00:00,64.31,64.86,64.27,64.51,44123.438
2026-06-10T04:00:00+00:00,64.52,64.66,64.12,64.29,55630.869
2026-06-10T05:00:00+00:00,64.29,64.38,63.92,64.13,60065.703
2026-06-10T06:00:00+00:00,64.13,64.37,63.83,64.2,59606.958
2026-06-10T07:00:00+00:00,64.21,64.8,64.14,64.5,67069.833
2026-06-10T08:00:00+00:00,64.5,64.52,63.43,63.61,129989.981
2026-06-10T09:00:00+00:00,63.62,63.76,63.07,63.64,98659.859
2026-06-10T10:00:00+00:00,63.64,63.79,63.27,63.68,106704.681
2026-06-10T11:00:00+00:00,63.68,63.77,62.95,63.49,200978.051
2026-06-10T12:00:00+00:00,63.5,64.68,63.3,64.13,300376.717
2026-06-10T13:00:00+00:00,64.12,65.54,64.01,65.08,250832.181
2026-06-10T14:00:00+00:00,65.08,65.28,64.59,65.06,155732.145
2026-06-10T15:00:00+00:00,65.07,65.77,64.56,65.44,226554.09
2026-06-10T16:00:00+00:00,65.44,65.49,64.24,64.62,149914.241
2026-06-10T17:00:00+00:00,64.62,64.97,63.63,64.04,154897.706
2026-06-10T18:00:00+00:00,64.05,64.22,63.36,63.84,113822.262
2026-06-10T19:00:00+00:00,63.84,63.95,63.39,63.56,106770.879
2026-06-10T20:00:00+00:00,63.56,63.66,63.18,63.33,87301.945
2026-06-10T21:00:00+00:00,63.32,63.32,62.34,62.59,95072.098
2026-06-10T22:00:00+00:00,62.6,63.07,62.37,62.77,122688.629
2026-06-10T23:00:00+00:00,62.78,63.31,62.46,63.19,102968.617
2026-06-11T00:00:00+00:00,63.19,63.77,63.19,63.67,95512.483
2026-06-11T01:00:00+00:00,63.67,65.16,63.67,64.9,203292.891
2026-06-11T02:00:00+00:00,64.91,65.0,64.37,64.52,146307.144
2026-06-11T03:00:00+00:00,64.53,65.48,64.33,65.27,148001.461
2026-06-11T04:00:00+00:00,65.27,65.35,64.95,65.21,64368.101
2026-06-11T05:00:00+00:00,65.21,65.26,64.95,64.97,54688.921
2026-06-11T06:00:00+00:00,64.97,65.43,64.81,65.12,107378.558
2026-06-11T07:00:00+00:00,65.12,65.18,64.77,65.04,102261.304
2026-06-11T08:00:00+00:00,65.04,65.53,65.03,65.31,85090.677
2026-06-11T09:00:00+00:00,65.31,65.56,65.01,65.38,138166.813
2026-06-11T10:00:00+00:00,65.39,65.66,65.28,65.5,80089.375
2026-06-11T11:00:00+00:00,65.5,66.15,65.33,65.88,134867.994
2026-06-11T12:00:00+00:00,65.89,65.93,64.89,65.26,205429.977
2026-06-11T13:00:00+00:00,65.26,65.74,65.06,65.53,131783.232
2026-06-11T14:00:00+00:00,65.52,65.78,64.99,65.35,114293.376
2026-06-11T15:00:00+00:00,65.35,65.87,65.0,65.55,124959.416
2026-06-11T16:00:00+00:00,65.56,65.8,65.31,65.38,85836.555
2026-06-11T17:00:00+00:00,65.39,67.19,65.05,67.15,309473.344
2026-06-11T18:00:00+00:00,67.15,67.31,66.64,66.8,144330.852
2026-06-11T19:00:00+00:00,66.8,67.42,66.6,66.93,176212.973
2026-06-11T20:00:00+00:00,66.93,67.04,66.36,66.6,77772.936
2026-06-11T21:00:00+00:00,66.6,67.1,66.58,66.91,45124.266
2026-06-11T22:00:00+00:00,66.91,67.14,66.87,66.9,50238.15
2026-06-11T23:00:00+00:00,66.89,67.13,66.69,66.93,56080.232
2026-06-12T00:00:00+00:00,66.93,67.11,66.75,66.87,63689.552
2026-06-12T01:00:00+00:00,66.87,66.87,66.42,66.7,75841.953
2026-06-12T02:00:00+00:00,66.69,67.3,66.68,67.14,83188.342
2026-06-12T03:00:00+00:00,67.15,67.18,66.68,67.04,70505.663
2026-06-12T04:00:00+00:00,67.04,67.24,66.85,67.07,69480.827
2026-06-12T05:00:00+00:00,67.07,67.08,66.63,66.74,60435.998
2026-06-12T06:00:00+00:00,66.75,66.82,65.95,66.11,129304.937
2026-06-12T07:00:00+00:00,66.12,66.49,66.12,66.32,79860.665
2026-06-12T08:00:00+00:00,66.32,67.05,66.31,66.92,85054.006
2026-06-12T09:00:00+00:00,66.92,67.49,66.85,67.17,192148.681
2026-06-12T10:00:00+00:00,67.18,67.35,66.59,66.79,85061.882
2026-06-12T11:00:00+00:00,66.79,67.1,66.78,66.93,63656.44
2026-06-12T12:00:00+00:00,66.92,67.0,66.63,66.77,104701.082
2026-06-12T13:00:00+00:00,66.77,67.01,66.37,66.72,179963.915
2026-06-12T14:00:00+00:00,66.73,67.99,66.65,67.94,231104.047
2026-06-12T15:00:00+00:00,67.93,68.82,67.18,67.25,567877.598
2026-06-12T16:00:00+00:00,67.26,68.01,67.09,68.01,158168.031
2026-06-12T17:00:00+00:00,68.02,68.22,67.27,67.4,116277.838
2026-06-12T18:00:00+00:00,67.4,67.48,67.01,67.07,88739.808
2026-06-12T19:00:00+00:00,67.07,67.42,66.68,66.78,104564.611
2026-06-12T20:00:00+00:00,66.79,66.83,66.42,66.68,127370.815
2026-06-12T21:00:00+00:00,66.69,66.95,66.47,66.57,41557.281
2026-06-12T22:00:00+00:00,66.57,66.76,66.43,66.63,37270.483
2026-06-12T23:00:00+00:00,66.64,66.83,66.48,66.82,23762.228
2026-06-13T00:00:00+00:00,66.83,67.08,66.78,66.99,37463.438
2026-06-13T01:00:00+00:00,67.0,67.51,66.98,67.45,46013.37
2026-06-13T02:00:00+00:00,67.44,67.51,66.87,66.97,51075.761
2026-06-13T03:00:00+00:00,66.97,67.05,66.7,66.88,44163.632
2026-06-13T04:00:00+00:00,66.87,66.96,66.64,66.67,46461.185
2026-06-13T05:00:00+00:00,66.67,66.88,66.59,66.79,50866.3
2026-06-13T06:00:00+00:00,66.79,67.22,66.67,67.16,49209.984
2026-06-13T07:00:00+00:00,67.16,67.47,66.96,67.37,82603.06
2026-06-13T08:00:00+00:00,67.38,67.57,67.26,67.33,86604.603
2026-06-13T09:00:00+00:00,67.32,67.54,67.29,67.37,64167.356
2026-06-13T10:00:00+00:00,67.37,67.61,67.34,67.44,37022.35
2026-06-13T11:00:00+00:00,67.44,67.96,67.38,67.9,41929.45
2026-06-13T12:00:00+00:00,67.91,68.06,67.77,67.99,91464.722
2026-06-13T13:00:00+00:00,67.98,68.45,67.83,68.02,118562.924
2026-06-13T14:00:00+00:00,68.02,68.43,67.99,68.29,66425.661
2026-06-13T15:00:00+00:00,68.29,68.71,68.18,68.6,83882.753
2026-06-13T16:00:00+00:00,68.6,68.63,67.83,68.1,104269.086
2026-06-13T17:00:00+00:00,68.09,68.28,67.84,68.0,50125.121
2026-06-13T18:00:00+00:00,68.0,68.38,67.97,68.13,30809.045
2026-06-13T19:00:00+00:00,68.13,68.4,68.03,68.23,26941.068
2026-06-13T20:00:00+00:00,68.24,68.29,68.05,68.28,21443.639
2026-06-13T21:00:00+00:00,68.28,69.59,68.23,69.27,162134.293
2026-06-13T22:00:00+00:00,69.27,69.28,68.88,68.91,82127.308
2026-06-13T23:00:00+00:00,68.9,69.18,68.79,68.94,49248.391
2026-06-14T00:00:00+00:00,68.94,68.94,68.65,68.75,54693.338
2026-06-14T01:00:00+00:00,68.75,69.1,68.64,68.82,52047.76
2026-06-14T02:00:00+00:00,68.82,69.11,68.72,68.83,53277.924
2026-06-14T03:00:00+00:00,68.83,69.04,68.76,68.94,35018.465
2026-06-14T04:00:00+00:00,68.95,69.01,68.44,68.52,70637.384
2026-06-14T05:00:00+00:00,68.53,68.6,67.88,68.24,193457.028
2026-06-14T06:00:00+00:00,68.25,68.5,68.1,68.19,53542.124
2026-06-14T07:00:00+00:00,68.2,68.25,68.04,68.23,43809.063
2026-06-14T08:00:00+00:00,68.23,68.37,68.11,68.25,34707.264
2026-06-14T09:00:00+00:00,68.25,68.5,67.92,68.47,53948.603
2026-06-14T10:00:00+00:00,68.48,68.52,68.15,68.16,38112.983
2026-06-14T11:00:00+00:00,68.16,68.35,68.02,68.11,30742.58
2026-06-14T12:00:00+00:00,68.11,68.17,67.7,67.78,48284.66
2026-06-14T13:00:00+00:00,67.78,67.87,67.51,67.77,72481.767
2026-06-14T14:00:00+00:00,67.77,67.83,66.94,67.27,113223.716
2026-06-14T15:00:00+00:00,67.27,67.55,67.26,67.43,47871.527
2026-06-14T16:00:00+00:00,67.43,67.76,67.41,67.49,34354.22
2026-06-14T17:00:00+00:00,67.48,67.74,67.3,67.34,30112.775
2026-06-14T18:00:00+00:00,67.34,67.5,67.19,67.43,19753.904
2026-06-14T19:00:00+00:00,67.43,67.75,67.35,67.57,24849.35
2026-06-14T20:00:00+00:00,67.57,68.07,67.44,67.81,32460.669
2026-06-14T21:00:00+00:00,67.8,70.55,67.8,70.16,316562.604
2026-06-14T22:00:00+00:00,70.16,70.73,69.68,70.45,201736.797
2026-06-14T23:00:00+00:00,70.45,71.29,70.15,71.28,196135.426
2026-06-15T00:00:00+00:00,71.29,71.73,70.94,71.12,200381.55
2026-06-15T01:00:00+00:00,71.13,71.35,70.66,71.01,90790.504
2026-06-15T02:00:00+00:00,71.0,71.59,70.9,70.99,74590.745
2026-06-15T03:00:00+00:00,70.98,71.37,70.91,71.24,66407.788
2026-06-15T04:00:00+00:00,71.24,71.27,70.88,70.93,45074.674
2026-06-15T05:00:00+00:00,70.92,71.31,70.81,71.22,47802.787
2026-06-15T06:00:00+00:00,71.22,71.5,71.11,71.36,53592.34
2026-06-15T07:00:00+00:00,71.36,71.5,71.12,71.28,88909.944
2026-06-15T08:00:00+00:00,71.28,71.62,71.17,71.3,86589.39
2026-06-15T09:00:00+00:00,71.3,71.48,70.8,71.23,89511.864
2026-06-15T10:00:00+00:00,71.23,72.12,71.19,71.88,147883.696
2026-06-15T11:00:00+00:00,71.88,72.82,71.65,72.61,207495.255
2026-06-15T12:00:00+00:00,72.61,73.0,72.31,72.86,131794.055
2026-06-15T13:00:00+00:00,72.85,74.23,72.72,73.64,313713.491
2026-06-15T14:00:00+00:00,73.63,73.98,73.2,73.82,159755.143
2026-06-15T15:00:00+00:00,73.81,75.26,73.79,75.25,232845.748
2026-06-15T16:00:00+00:00,75.25,76.09,74.97,75.48,251768.114
2026-06-15T17:00:00+00:00,75.47,75.48,74.65,75.28,239068.228
2026-06-15T18:00:00+00:00,75.28,75.69,75.1,75.3,93095.678
2026-06-15T19:00:00+00:00,75.3,75.81,74.58,75.28,108402.237
2026-06-15T20:00:00+00:00,75.27,75.46,74.77,74.95,67283.555
2026-06-15T21:00:00+00:00,74.95,75.03,74.4,74.45,78485.986
2026-06-15T22:00:00+00:00,74.46,74.61,73.62,73.78,152145.124
2026-06-15T23:00:00+00:00,73.77,74.07,73.62,73.98,75389.572
2026-06-16T00:00:00+00:00,73.99,74.42,73.85,74.04,69224.92
2026-06-16T01:00:00+00:00,74.05,74.35,73.85,73.88,65706.464
2026-06-16T02:00:00+00:00,73.89,73.89,72.77,73.01,131869.867
2026-06-16T03:00:00+00:00,73.02,73.81,72.87,73.74,80569.975
2026-06-16T04:00:00+00:00,73.75,73.94,73.19,73.36,54902.773
2026-06-16T05:00:00+00:00,73.37,73.84,73.36,73.67,52950.874
2026-06-16T06:00:00+00:00,73.67,74.32,73.67,74.19,77618.241
2026-06-16T07:00:00+00:00,74.19,74.54,74.13,74.46,84857.21
2026-06-16T08:00:00+00:00,74.45,75.65,74.35,75.4,128588.068
2026-06-16T09:00:00+00:00,75.39,75.46,74.81,74.85,79909.2
2026-06-16T10:00:00+00:00,74.85,75.12,74.69,74.7,58614.181
2026-06-16T11:00:00+00:00,74.7,74.9,74.38,74.66,79772.524
2026-06-16T12:00:00+00:00,74.67,75.53,74.49,74.94,135358.982
2026-06-16T13:00:00+00:00,74.94,74.97,73.87,73.99,182694.61
2026-06-16T14:00:00+00:00,73.99,74.3,72.29,72.98,250959.387
2026-06-16T15:00:00+00:00,72.97,73.65,72.87,73.29,114396.913
2026-06-16T16:00:00+00:00,73.29,73.48,73.01,73.1,77637.565
2026-06-16T17:00:00+00:00,73.11,73.84,73.06,73.67,85666.172
2026-06-16T18:00:00+00:00,73.68,74.34,73.58,74.0,111996.48
2026-06-16T19:00:00+00:00,74.0,74.23,73.48,73.84,84539.564
2026-06-16T20:00:00+00:00,73.85,74.26,73.67,74.14,59635.319
2026-06-16T21:00:00+00:00,74.14,74.22,73.73,73.94,51301.898
2026-06-16T22:00:00+00:00,73.94,74.1,73.62,73.84,37779.45
2026-06-16T23:00:00+00:00,73.85,73.97,73.42,73.52,29354.958
2026-06-17T00:00:00+00:00,73.53,73.78,73.32,73.37,46997.719
2026-06-17T01:00:00+00:00,73.37,74.0,73.17,73.93,60655.128
2026-06-17T02:00:00+00:00,73.94,74.47,73.69,74.05,96814.02
2026-06-17T03:00:00+00:00,74.05,74.06,73.52,73.68,56261.076
2026-06-17T04:00:00+00:00,73.68,74.11,73.6,73.83,46444.709
2026-06-17T05:00:00+00:00,73.84,74.01,73.44,73.65,51720.76
2026-06-17T06:00:00+00:00,73.65,73.83,73.19,73.41,59659.269
2026-06-17T07:00:00+00:00,73.41,73.61,72.99,73.26,87257.349
2026-06-17T08:00:00+00:00,73.27,73.3,72.16,72.34,135226.521
2026-06-17T09:00:00+00:00,72.34,72.67,72.31,72.54,63506.222
2026-06-17T10:00:00+00:00,72.54,72.69,72.12,72.15,48941.844
2026-06-17T11:00:00+00:00,72.15,72.24,71.71,72.04,84886.915
2026-06-17T12:00:00+00:00,72.04,72.36,71.59,72.33,83612.499
2026-06-17T13:00:00+00:00,72.33,72.77,72.16,72.43,98807.369
2026-06-17T14:00:00+00:00,72.42,72.67,71.82,72.39,117857.886
2026-06-17T15:00:00+00:00,72.39,73.87,72.36,73.81,133738.882
2026-06-17T16:00:00+00:00,73.8,74.69,73.71,73.76,153649.037
2026-06-17T17:00:00+00:00,73.77,74.35,73.47,74.22,81781.987
2026-06-17T18:00:00+00:00,74.21,74.38,72.19,73.5,355750.323
2026-06-17T19:00:00+00:00,73.49,73.71,71.43,71.66,292101.821
2026-06-17T20:00:00+00:00,71.66,72.25,71.55,72.2,102640.899
2026-06-17T21:00:00+00:00,72.19,72.23,71.38,71.62,62582.524
2026-06-17T22:00:00+00:00,71.61,71.95,70.83,71.7,78960.944
2026-06-17T23:00:00+00:00,71.71,72.13,71.69,72.05,43383.688
2026-06-18T00:00:00+00:00,72.05,72.5,72.03,72.22,48547.507
2026-06-18T01:00:00+00:00,72.22,72.64,72.09,72.21,37956.591
2026-06-18T02:00:00+00:00,72.22,72.68,72.13,72.54,58257.5
2026-06-18T03:00:00+00:00,72.53,72.55,71.54,71.65,60126.254
2026-06-18T04:00:00+00:00,71.66,71.73,70.91,71.06,81871.729
2026-06-18T05:00:00+00:00,71.05,71.14,70.64,71.14,75690.834
2026-06-18T06:00:00+00:00,71.13,71.41,70.99,71.34,42452.534
2026-06-18T07:00:00+00:00,71.35,71.85,71.16,71.78,53820.989
2026-06-18T08:00:00+00:00,71.77,72.08,71.64,71.85,59084.128
2026-06-18T09:00:00+00:00,71.86,72.16,71.75,71.85,37654.818
2026-06-18T10:00:00+00:00,71.85,71.85,71.08,71.39,104010.109
2026-06-18T11:00:00+00:00,71.39,71.56,70.72,70.94,79836.012
2026-06-18T12:00:00+00:00,70.94,71.62,70.87,71.57,55981.246
2026-06-18T13:00:00+00:00,71.57,71.8,70.73,71.05,93581.469
2026-06-18T14:00:00+00:00,71.06,71.72,70.7,71.08,124384.941
2026-06-18T15:00:00+00:00,71.08,71.1,68.35,68.44,498784.608
2026-06-18T16:00:00+00:00,68.43,69.13,68.38,69.06,181301.529
2026-06-18T17:00:00+00:00,69.07,69.15,68.5,68.64,102969.562
2026-06-18T18:00:00+00:00,68.64,68.99,68.23,68.66,147840.926
2026-06-18T19:00:00+00:00,68.66,69.53,68.57,69.37,89639.557
2026-06-18T20:00:00+00:00,69.38,69.96,69.38,69.82,75565.732
2026-06-18T21:00:00+00:00,69.81,69.9,69.41,69.57,60363.6
2026-06-18T22:00:00+00:00,69.56,69.69,69.26,69.52,53927.783
2026-06-18T23:00:00+00:00,69.51,69.79,69.27,69.71,40062.371
2026-06-19T00:00:00+00:00,69.72,69.9,69.53,69.81,56062.941
2026-06-19T01:00:00+00:00,69.8,70.03,69.54,69.94,48680.144
2026-06-19T02:00:00+00:00,69.94,70.09,69.41,69.66,46462.891
2026-06-19T03:00:00+00:00,69.65,69.74,68.64,69.05,164081.694
2026-06-19T04:00:00+00:00,69.06,69.27,68.1,68.33,133933.868
2026-06-19T05:00:00+00:00,68.33,68.75,68.32,68.7,96105.278
2026-06-19T06:00:00+00:00,68.69,68.84,68.46,68.75,112846.885
2026-06-19T07:00:00+00:00,68.75,68.77,67.98,68.38,94522.845
2026-06-19T08:00:00+00:00,68.37,68.75,68.23,68.68,76368.919
2026-06-19T09:00:00+00:00,68.69,68.76,68.22,68.33,67278.479
2026-06-19T10:00:00+00:00,68.32,68.46,68.05,68.3,82241.402
2026-06-19T11:00:00+00:00,68.31,68.47,68.09,68.25,61862.214
2026-06-19T12:00:00+00:00,68.25,68.71,67.92,68.62,99976.23
2026-06-19T13:00:00+00:00,68.62,69.58,68.4,69.28,149932.402
2026-06-19T14:00:00+00:00,69.28,69.48,68.83,69.15,96828.392
2026-06-19T15:00:00+00:00,69.14,69.54,68.93,69.33,66234.751
2026-06-19T16:00:00+00:00,69.34,69.57,68.69,68.71,82500.095
2026-06-19T17:00:00+00:00,68.72,69.52,68.63,69.31,65555.599
2026-06-19T18:00:00+00:00,69.32,69.37,68.8,69.06,38052.658
2026-06-19T19:00:00+00:00,69.05,69.16,68.78,68.97,44918.231
2026-06-19T20:00:00+00:00,68.97,69.31,68.72,69.25,31454.211
2026-06-19T21:00:00+00:00,69.25,69.31,68.91,69.02,34582.689
2026-06-19T22:00:00+00:00,69.01,69.44,69.0,69.42,61373.262
2026-06-19T23:00:00+00:00,69.43,69.87,69.24,69.74,72714.788
2026-06-20T00:00:00+00:00,69.73,70.12,69.61,69.63,89692.457
2026-06-20T01:00:00+00:00,69.62,69.95,69.54,69.8,32309.702
2026-06-20T02:00:00+00:00,69.8,69.86,69.48,69.65,36533.063
2026-06-20T03:00:00+00:00,69.66,70.11,69.62,70.0,53423.81
2026-06-20T04:00:00+00:00,70.0,71.09,69.89,70.86,103542.958
2026-06-20T05:00:00+00:00,70.87,72.46,70.72,71.8,173683.895
2026-06-20T06:00:00+00:00,71.8,72.39,71.71,72.12,103980.817
2026-06-20T07:00:00+00:00,72.12,72.15,71.45,71.6,75932.218
2026-06-20T08:00:00+00:00,71.6,71.65,71.27,71.34,64686.511
2026-06-20T09:00:00+00:00,71.34,71.63,71.21,71.57,55197.875
2026-06-20T10:00:00+00:00,71.57,71.72,71.41,71.69,38092.521
2026-06-20T11:00:00+00:00,71.69,72.1,71.45,71.78,56490.448
2026-06-20T12:00:00+00:00,71.78,71.94,71.38,71.56,66486.387
2026-06-20T13:00:00+00:00,71.55,71.58,70.75,71.19,85462.161
2026-06-20T14:00:00+00:00,71.19,72.18,70.47,71.93,166026.559
2026-06-20T15:00:00+00:00,71.94,72.62,71.49,72.02,345082.299
2026-06-20T16:00:00+00:00,72.03,72.05,71.32,71.67,128031.775
2026-06-20T17:00:00+00:00,71.67,71.68,71.09,71.55,52934.745
2026-06-20T18:00:00+00:00,71.56,71.99,71.53,71.75,69624.594
2026-06-20T19:00:00+00:00,71.75,71.92,71.6,71.86,53925.99
2026-06-20T20:00:00+00:00,71.86,72.07,71.7,72.01,46159.868
2026-06-20T21:00:00+00:00,72.02,72.45,71.96,72.41,49010.686
2026-06-20T22:00:00+00:00,72.41,74.3,72.36,73.56,255371.48
2026-06-20T23:00:00+00:00,73.56,73.65,73.21,73.22,65931.808
2026-06-21T00:00:00+00:00,73.22,73.28,73.02,73.2,50783.813
2026-06-21T01:00:00+00:00,73.2,73.32,72.88,73.19,55705.138
2026-06-21T02:00:00+00:00,73.19,73.39,73.08,73.34,31953.75
2026-06-21T03:00:00+00:00,73.34,73.86,73.13,73.63,113803.369
2026-06-21T04:00:00+00:00,73.63,73.84,73.39,73.44,45055.876
2026-06-21T05:00:00+00:00,73.44,73.52,73.01,73.09,45918.298
2026-06-21T06:00:00+00:00,73.09,73.36,73.04,73.24,41475.298
2026-06-21T07:00:00+00:00,73.25,73.45,73.07,73.21,166976.776
2026-06-21T08:00:00+00:00,73.21,73.25,72.75,73.15,97362.467
2026-06-21T09:00:00+00:00,73.16,74.1,73.08,74.05,123475.706
2026-06-21T10:00:00+00:00,74.04,74.4,73.87,73.9,106025.042
2026-06-21T11:00:00+00:00,73.91,74.04,73.07,73.21,75409.009
2026-06-21T12:00:00+00:00,73.21,73.69,72.93,73.65,135448.191
2026-06-21T13:00:00+00:00,73.65,73.93,73.47,73.91,116612.678
2026-06-21T14:00:00+00:00,73.92,74.15,73.63,74.11,114476.757
2026-06-21T15:00:00+00:00,74.11,74.29,73.91,74.14,66306.147
2026-06-21T16:00:00+00:00,74.14,74.68,73.8,74.34,91123.039
2026-06-21T17:00:00+00:00,74.34,74.64,74.04,74.24,95065.842
2026-06-21T18:00:00+00:00,74.25,74.44,73.86,74.22,98577.389
2026-06-21T19:00:00+00:00,74.21,74.47,74.11,74.42,37234.342
2026-06-21T20:00:00+00:00,74.42,74.55,73.34,73.42,80489.03
2026-06-21T21:00:00+00:00,73.43,73.47,72.42,73.15,150999.111
2026-06-21T22:00:00+00:00,73.14,73.26,72.63,73.06,73823.856
2026-06-21T23:00:00+00:00,73.05,73.1,72.31,72.46,108584.694
2026-06-22T00:00:00+00:00,72.47,73.59,72.46,73.36,103710.641
2026-06-22T01:00:00+00:00,73.37,74.99,73.27,74.37,191909.013
2026-06-22T02:00:00+00:00,74.37,74.46,73.77,73.83,82099.166
2026-06-22T03:00:00+00:00,73.84,74.06,73.29,73.52,95274.82
2026-06-22T04:00:00+00:00,73.53,73.91,73.36,73.86,88522.178
2026-06-22T05:00:00+00:00,73.87,74.15,73.8,73.95,59283.568
2026-06-22T06:00:00+00:00,73.96,74.21,73.56,73.71,61212.293
2026-06-22T07:00:00+00:00,73.72,74.48,73.67,74.1,84946.447
2026-06-22T08:00:00+00:00,74.1,74.33,73.71,73.9,79772.549
2026-06-22T09:00:00+00:00,73.89,74.03,73.57,73.8,61836.585
2026-06-22T10:00:00+00:00,73.79,74.01,73.6,73.78,50650.13
2026-06-22T11:00:00+00:00,73.77,74.44,73.64,74.17,250333.205
2026-06-22T12:00:00+00:00,74.18,74.56,74.0,74.41,173681.723
2026-06-22T13:00:00+00:00,74.42,74.98,74.24,74.98,191736.843
2026-06-22T14:00:00+00:00,74.97,75.0,73.19,73.44,221209.13
2026-06-22T15:00:00+00:00,73.45,73.8,72.98,73.14,132069.817
2026-06-22T16:00:00+00:00,73.15,73.21,72.55,72.95,126835.764
2026-06-22T17:00:00+00:00,72.95,73.34,72.63,73.28,59765.784
2026-06-22T18:00:00+00:00,73.28,73.57,72.58,72.64,104171.034
2026-06-22T19:00:00+00:00,72.64,72.81,72.45,72.71,86356.895
2026-06-22T20:00:00+00:00,72.71,72.97,72.49,72.83,40056.151
2026-06-22T21:00:00+00:00,72.82,72.89,72.28,72.73,47245.83
2026-06-22T22:00:00+00:00,72.74,72.96,71.37,72.11,134404.111
2026-06-22T23:00:00+00:00,72.11,72.17,71.82,71.95,40140.39
2026-06-23T00:00:00+00:00,71.95,72.01,71.46,71.88,69273.443
2026-06-23T01:00:00+00:00,71.89,72.04,71.31,71.72,66120.409
2026-06-23T02:00:00+00:00,71.71,72.06,71.54,72.0,58271.013
2026-06-23T03:00:00+00:00,71.99,72.01,71.73,72.0,43972.128
2026-06-23T04:00:00+00:00,71.99,72.03,71.37,71.45,50400.276
2026-06-23T05:00:00+00:00,71.46,71.6,70.9,71.02,81827.004
2026-06-23T06:00:00+00:00,71.03,71.07,69.68,70.33,226879.089
2026-06-23T07:00:00+00:00,70.33,70.56,69.97,70.01,147921.654
2026-06-23T08:00:00+00:00,70.01,70.11,68.16,68.7,354240.759
2026-06-23T09:00:00+00:00,68.71,69.06,68.68,68.93,115063.175
2026-06-23T10:00:00+00:00,68.93,69.22,68.61,68.82,66289.858
2026-06-23T11:00:00+00:00,68.82,69.38,68.82,69.33,88613.203
2026-06-23T12:00:00+00:00,69.33,69.38,68.87,68.98,76392.781
2026-06-23T13:00:00+00:00,68.98,69.37,68.64,69.2,147090.516
2026-06-23T14:00:00+00:00,69.2,69.68,69.06,69.2,120384.98
2026-06-23T15:00:00+00:00,69.2,69.2,68.4,68.92,87673.904
2026-06-23T16:00:00+00:00,68.93,69.41,68.81,68.9,97343.659
2026-06-23T17:00:00+00:00,68.89,69.19,68.64,68.78,37570.846
2026-06-23T18:00:00+00:00,68.78,69.05,68.69,68.91,43917.128
2026-06-23T19:00:00+00:00,68.9,69.11,68.73,68.84,48268.352
2026-06-23T20:00:00+00:00,68.84,69.06,68.83,69.01,33350.563
2026-06-23T21:00:00+00:00,69.02,69.31,68.97,69.27,44272.529
2026-06-23T22:00:00+00:00,69.27,69.84,69.26,69.56,58575.578
2026-06-23T23:00:00+00:00,69.56,69.82,69.31,69.71,38806.438
2026-06-24T00:00:00+00:00,69.7,70.14,69.59,69.99,62322.349
2026-06-24T01:00:00+00:00,70.0,70.41,69.67,70.09,80642.47
2026-06-24T02:00:00+00:00,70.09,70.15,69.43,69.46,71586.522
2026-06-24T03:00:00+00:00,69.46,69.77,69.1,69.56,49187.914
2026-06-24T04:00:00+00:00,69.57,69.7,69.0,69.58,52609.006
2026-06-24T05:00:00+00:00,69.59,70.22,69.52,69.95,69893.074
2026-06-24T06:00:00+00:00,69.95,70.04,69.7,69.75,63506.548
2026-06-24T07:00:00+00:00,69.75,69.79,69.28,69.38,65877.757
2026-06-24T08:00:00+00:00,69.38,69.63,69.25,69.48,62541.362
2026-06-24T09:00:00+00:00,69.48,69.55,69.2,69.31,97596.397
2026-06-24T10:00:00+00:00,69.31,69.35,68.96,69.05,63646.967
2026-06-24T11:00:00+00:00,69.05,70.44,68.77,69.82,116152.287
2026-06-24T12:00:00+00:00,69.82,69.93,69.41,69.46,64524.267
2026-06-24T13:00:00+00:00,69.46,69.5,68.37,68.88,250377.265
2026-06-24T14:00:00+00:00,68.87,69.43,68.59,68.85,174917.477
2026-06-24T15:00:00+00:00,68.86,68.9,67.24,67.33,178449.337
2026-06-24T16:00:00+00:00,67.32,68.03,66.28,66.52,568454.036
2026-06-24T17:00:00+00:00,66.52,66.92,64.71,64.98,409632.055
2026-06-24T18:00:00+00:00,64.98,66.5,64.83,66.03,231997.633
2026-06-24T19:00:00+00:00,66.04,66.39,65.54,66.13,128029.456
2026-06-24T20:00:00+00:00,66.13,68.01,65.98,67.68,270507.541
2026-06-24T21:00:00+00:00,67.69,68.12,67.22,68.09,123508.194
2026-06-24T22:00:00+00:00,68.08,68.55,67.69,67.83,69717.518
2026-06-24T23:00:00+00:00,67.84,68.2,67.76,68.11,42990.097
2026-06-25T00:00:00+00:00,68.12,68.32,67.57,67.72,61805.237
2026-06-25T01:00:00+00:00,67.72,68.01,67.4,67.89,75604.252
2026-06-25T02:00:00+00:00,67.89,67.94,67.61,67.74,35486.972
2026-06-25T03:00:00+00:00,67.75,67.87,67.47,67.7,60280.93
2026-06-25T04:00:00+00:00,67.7,68.51,67.5,68.46,83359.396
2026-06-25T05:00:00+00:00,68.47,69.31,68.35,69.04,193552.002
2026-06-25T06:00:00+00:00,69.03,69.66,69.01,69.47,132524.603
2026-06-25T07:00:00+00:00,69.48,69.58,69.24,69.45,90052.657
2026-06-25T08:00:00+00:00,69.44,69.45,68.99,69.05,82641.573
2026-06-25T09:00:00+00:00,69.06,69.19,68.8,68.83,47562.621
2026-06-25T10:00:00+00:00,68.83,68.88,68.13,68.29,97123.555
2026-06-25T11:00:00+00:00,68.3,68.44,68.0,68.18,102663.847
2026-06-25T12:00:00+00:00,68.18,68.92,67.79,68.29,167650.431
2026-06-25T13:00:00+00:00,68.29,68.45,64.04,64.23,570872.698
2026-06-25T14:00:00+00:00,64.23,67.24,64.23,66.36,606207.423
2026-06-25T15:00:00+00:00,66.37,66.39,65.24,66.32,224938.704
2026-06-25T16:00:00+00:00,66.32,67.05,65.65,65.98,183517.994
2026-06-25T17:00:00+00:00,65.98,67.35,65.82,67.13,176489.456
2026-06-25T18:00:00+00:00,67.12,67.16,65.91,66.18,213512.177
2026-06-25T19:00:00+00:00,66.19,66.22,65.65,66.2,103226.32
2026-06-25T20:00:00+00:00,66.19,66.8,66.08,66.27,99763.52
2026-06-25T21:00:00+00:00,66.28,67.31,66.27,67.28,69774.564
2026-06-25T22:00:00+00:00,67.28,67.35,66.94,67.15,71115.209
2026-06-25T23:00:00+00:00,67.16,68.81,67.0,67.72,167175.14
2026-06-26T00:00:00+00:00,67.72,68.1,67.62,67.74,85692.205
2026-06-26T01:00:00+00:00,67.74,67.91,67.14,67.32,113538.5
2026-06-26T02:00:00+00:00,67.32,67.36,65.93,66.2,212243.61
2026-06-26T03:00:00+00:00,66.21,68.5,65.91,68.21,273214.945
2026-06-26T04:00:00+00:00,68.22,68.38,67.96,68.06,114284.508
2026-06-26T05:00:00+00:00,68.07,68.47,67.97,68.38,99377.639
2026-06-26T06:00:00+00:00,68.37,70.01,68.01,69.99,347176.399
2026-06-26T07:00:00+00:00,70.0,70.99,69.93,70.77,326907.501
2026-06-26T08:00:00+00:00,70.78,70.88,69.72,69.94,204505.664
2026-06-26T09:00:00+00:00,69.95,69.95,68.85,69.01,162342.86
2026-06-26T10:00:00+00:00,69.01,69.25,68.64,68.78,68124.134
2026-06-26T11:00:00+00:00,68.78,69.1,68.39,68.61,68243.112
2026-06-26T12:00:00+00:00,68.61,69.74,68.37,68.87,130724.263
2026-06-26T13:00:00+00:00,68.87,70.94,68.19,70.71,269629.655
2026-06-26T14:00:00+00:00,70.71,71.99,70.24,70.46,379679.254
2026-06-26T15:00:00+00:00,70.47,72.24,70.31,72.07,260548.108
2026-06-26T16:00:00+00:00,72.06,73.53,72.01,72.48,332248.046
2026-06-26T17:00:00+00:00,72.49,72.88,72.18,72.56,142021.061
2026-06-26T18:00:00+00:00,72.57,73.1,72.37,72.6,118672.417
2026-06-26T19:00:00+00:00,72.6,73.93,72.48,73.01,219094.456
2026-06-26T20:00:00+00:00,73.01,73.68,72.05,72.17,245579.176
2026-06-26T21:00:00+00:00,72.18,72.4,71.8,71.99,108722.07
2026-06-26T22:00:00+00:00,71.98,72.09,71.41,71.83,95015.562
2026-06-26T23:00:00+00:00,71.82,72.02,71.68,71.9,45283.571
2026-06-27T00:00:00+00:00,71.9,72.5,71.58,71.82,124374.672
2026-06-27T01:00:00+00:00,71.83,71.83,71.36,71.44,58283.45
2026-06-27T02:00:00+00:00,71.44,72.26,71.39,72.12,77157.586
2026-06-27T03:00:00+00:00,72.11,72.43,71.84,72.27,108184.654
2026-06-27T04:00:00+00:00,72.26,72.59,71.9,71.94,79180.17
2026-06-27T05:00:00+00:00,71.93,72.03,71.51,71.81,118653.282
2026-06-27T06:00:00+00:00,71.81,72.33,71.62,72.13,63569.363
2026-06-27T07:00:00+00:00,72.13,72.35,72.01,72.31,55692.988
2026-06-27T08:00:00+00:00,72.31,72.33,71.88,72.03,54585.252
2026-06-27T09:00:00+00:00,72.03,72.11,71.72,71.86,42418.365
2026-06-27T10:00:00+00:00,71.85,72.05,71.83,72.04,32281.48
2026-06-27T11:00:00+00:00,72.04,72.09,71.53,71.81,55641.773
2026-06-27T12:00:00+00:00,71.81,72.18,71.64,72.17,101149.805
2026-06-27T13:00:00+00:00,72.17,72.61,72.13,72.36,85200.466
2026-06-27T14:00:00+00:00,72.36,72.9,72.21,72.7,75932.262
2026-06-27T15:00:00+00:00,72.71,73.19,72.62,72.84,96009.048
2026-06-27T16:00:00+00:00,72.83,73.01,72.63,72.64,61295.872
2026-06-27T17:00:00+00:00,72.64,72.65,71.9,72.06,135186.819
2026-06-27T18:00:00+00:00,72.05,72.18,71.76,71.92,58373.363
2026-06-27T19:00:00+00:00,71.92,72.01,70.94,71.11,141823.113
2026-06-27T20:00:00+00:00,71.11,71.35,71.09,71.3,35153.436
2026-06-27T21:00:00+00:00,71.31,71.63,70.81,70.98,101719.468
2026-06-27T22:00:00+00:00,70.98,71.1,70.25,71.09,96202.616
2026-06-27T23:00:00+00:00,71.09,71.16,70.42,70.5,63763.257
2026-06-28T00:00:00+00:00,70.49,70.82,70.45,70.72,54279.501
2026-06-28T01:00:00+00:00,70.72,70.93,70.44,70.83,37991.598
2026-06-28T02:00:00+00:00,70.84,71.01,70.49,70.73,36480.141
2026-06-28T03:00:00+00:00,70.72,70.98,70.72,70.87,40983.643
2026-06-28T04:00:00+00:00,70.86,70.99,70.55,70.77,36424.954
2026-06-28T05:00:00+00:00,70.77,70.77,70.14,70.52,99472.695
2026-06-28T06:00:00+00:00,70.52,70.56,70.17,70.45,53833.992
2026-06-28T07:00:00+00:00,70.45,71.09,70.44,71.08,55602.276
2026-06-28T08:00:00+00:00,71.08,72.2,71.06,71.91,139131.441
2026-06-28T09:00:00+00:00,71.91,72.05,71.45,71.54,71324.871
2026-06-28T10:00:00+00:00,71.53,71.6,71.11,71.48,52654.536
2026-06-28T11:00:00+00:00,71.48,72.03,71.41,71.92,74703.348
2026-06-28T12:00:00+00:00,71.92,72.41,71.65,71.88,75592.064
2026-06-28T13:00:00+00:00,71.87,72.1,71.33,71.74,59366.621
2026-06-28T14:00:00+00:00,71.74,72.2,71.65,71.65,44268.526
2026-06-28T15:00:00+00:00,71.66,72.12,71.45,72.09,67077.307
2026-06-28T16:00:00+00:00,72.09,72.13,71.16,71.56,106698.406
2026-06-28T17:00:00+00:00,71.56,71.98,70.97,71.55,67678.315
2026-06-28T18:00:00+00:00,71.55,71.73,71.0,71.18,47572.662
2026-06-28T19:00:00+00:00,71.18,71.32,70.25,70.74,72184.536
2026-06-28T20:00:00+00:00,70.73,71.29,70.66,70.92,63919.142
2026-06-28T21:00:00+00:00,70.92,71.07,70.26,70.46,63791.154
2026-06-28T22:00:00+00:00,70.47,71.53,69.74,70.24,172709.212
2026-06-28T23:00:00+00:00,70.23,71.82,70.14,71.38,115533.977
2026-06-29T00:00:00+00:00,71.39,71.7,70.35,71.66,139706.996
2026-06-29T01:00:00+00:00,71.66,71.7,70.95,71.49,90570.163
2026-06-29T02:00:00+00:00,71.49,72.21,70.51,72.18,137598.885
2026-06-29T03:00:00+00:00,72.19,73.33,72.18,72.68,185308.6
2026-06-29T04:00:00+00:00,72.68,72.69,71.64,71.68,78551.207
2026-06-29T05:00:00+00:00,71.69,72.35,71.03,72.32,108925.65
2026-06-29T06:00:00+00:00,72.33,73.12,72.21,72.39,114185.101
2026-06-29T07:00:00+00:00,72.39,72.93,72.08,72.72,66082.435
2026-06-29T08:00:00+00:00,72.72,73.02,72.39,72.73,109603.194
2026-06-29T09:00:00+00:00,72.72,73.17,72.61,72.94,78271.603
2026-06-29T10:00:00+00:00,72.94,73.68,72.94,73.25,122356.997
2026-06-29T11:00:00+00:00,73.25,73.28,72.25,72.52,133647.211
2026-06-29T12:00:00+00:00,72.53,74.55,72.12,73.52,458704.032
2026-06-29T13:00:00+00:00,73.52,74.35,72.72,73.74,392557.495
2026-06-29T14:00:00+00:00,73.74,74.01,72.32,73.73,289453.192
2026-06-29T15:00:00+00:00,73.74,74.43,72.79,73.92,225421.602
2026-06-29T16:00:00+00:00,73.92,74.16,72.89,74.03,155885.544
2026-06-29T17:00:00+00:00,74.02,76.49,74.0,75.31,446422.303
2026-06-29T18:00:00+00:00,75.31,75.84,75.14,75.59,90882.628
2026-06-29T19:00:00+00:00,75.6,76.22,75.41,75.98,129946.07
2026-06-29T20:00:00+00:00,75.98,76.0,75.27,75.37,71069.533
2026-06-29T21:00:00+00:00,75.38,75.8,75.23,75.53,88468.806
2026-06-29T22:00:00+00:00,75.52,75.66,75.05,75.27,64064.357
2026-06-29T23:00:00+00:00,75.28,75.44,74.89,75.16,84038.496
2026-06-30T00:00:00+00:00,75.17,75.24,74.19,74.42,122255.061
2026-06-30T01:00:00+00:00,74.43,74.67,74.05,74.41,94891.258
2026-06-30T02:00:00+00:00,74.41,74.84,74.04,74.59,53074.697
2026-06-30T03:00:00+00:00,74.6,74.89,74.14,74.19,56471.727
2026-06-30T04:00:00+00:00,74.19,74.25,73.69,74.02,106409.917
2026-06-30T05:00:00+00:00,74.03,74.23,73.85,74.23,50261.917
2026-06-30T06:00:00+00:00,74.23,74.26,73.91,74.17,51848.771
2026-06-30T07:00:00+00:00,74.17,74.25,73.86,74.16,56997.356
2026-06-30T08:00:00+00:00,74.16,75.8,73.3,73.64,222120.819
2026-06-30T09:00:00+00:00,73.63,73.88,73.55,73.8,97800.748
2026-06-30T10:00:00+00:00,73.8,73.9,73.48,73.69,57815.212
2026-06-30T11:00:00+00:00,73.69,73.78,73.34,73.4,74952.033
2026-06-30T12:00:00+00:00,73.41,73.42,72.06,72.08,137868.486
2026-06-30T13:00:00+00:00,72.08,72.94,71.9,72.88,459618.178
2026-06-30T14:00:00+00:00,72.87,73.91,72.74,72.95,166319.159
2026-06-30T15:00:00+00:00,72.96,74.1,72.6,73.13,196377.65
2026-06-30T16:00:00+00:00,73.14,73.72,72.73,73.52,141863.663
2026-06-30T17:00:00+00:00,73.52,73.93,73.16,73.18,92560.848
2026-06-30T18:00:00+00:00,73.17,73.8,72.95,73.6,92931.644
2026-06-30T19:00:00+00:00,73.6,73.97,73.35,73.75,78681.44
2026-06-30T20:00:00+00:00,73.74,73.94,73.53,73.69,108021.974
2026-06-30T21:00:00+00:00,73.69,73.8,73.19,73.49,64472.548
2026-06-30T22:00:00+00:00,73.5,73.75,73.27,73.43,49634.252
2026-06-30T23:00:00+00:00,73.44,73.71,73.32,73.67,35534.745
2026-07-01T00:00:00+00:00,73.67,73.88,73.36,73.65,84635.394
2026-07-01T01:00:00+00:00,73.65,74.36,72.25,73.95,178813.083
2026-07-01T02:00:00+00:00,73.95,75.03,73.79,74.78,131997.894
2026-07-01T03:00:00+00:00,74.78,75.69,74.35,75.48,211277.217
2026-07-01T04:00:00+00:00,75.48,75.87,75.25,75.57,129662.044
2026-07-01T05:00:00+00:00,75.56,75.79,75.14,75.25,77826.114
2026-07-01T06:00:00+00:00,75.24,75.28,73.96,74.31,137912.853
2026-07-01T07:00:00+00:00,74.32,74.96,74.1,74.87,117148.126
2026-07-01T08:00:00+00:00,74.87,75.52,74.46,75.44,111391.919
2026-07-01T09:00:00+00:00,75.44,75.58,75.05,75.45,166959.048
2026-07-01T10:00:00+00:00,75.46,75.57,74.97,74.99,78051.014
2026-07-01T11:00:00+00:00,74.99,75.32,74.64,74.84,137050.264
2026-07-01T12:00:00+00:00,74.84,74.96,74.27,74.62,148280.336
2026-07-01T13:00:00+00:00,74.61,76.34,74.61,76.04,314220.09
2026-07-01T14:00:00+00:00,76.04,77.27,75.64,76.97,381964.185
2026-07-01T15:00:00+00:00,76.97,77.8,76.82,77.43,207929.078
2026-07-01T16:00:00+00:00,77.43,78.25,76.91,77.17,227425.268
2026-07-01T17:00:00+00:00,77.17,77.98,76.85,77.77,109490.594
2026-07-01T18:00:00+00:00,77.77,77.91,77.29,77.42,88106.478
2026-07-01T19:00:00+00:00,77.42,77.69,76.8,77.0,78208.059
2026-07-01T20:00:00+00:00,77.01,77.51,76.59,77.42,91107.046
2026-07-01T21:00:00+00:00,77.43,78.7,77.43,78.42,143842.981
2026-07-01T22:00:00+00:00,78.41,78.96,77.77,77.87,152885.592
2026-07-01T23:00:00+00:00,77.86,77.9,77.26,77.46,107140.619
2026-07-02T00:00:00+00:00,77.46,77.46,76.9,77.26,99982.113
2026-07-02T01:00:00+00:00,77.27,78.71,77.23,78.2,88273.789
2026-07-02T02:00:00+00:00,78.2,78.6,77.8,78.44,63065.311
2026-07-02T03:00:00+00:00,78.44,78.96,77.76,78.72,189947.763
2026-07-02T04:00:00+00:00,78.71,78.72,78.06,78.29,74617.907
2026-07-02T05:00:00+00:00,78.28,78.36,77.79,78.11,51191.285
2026-07-02T06:00:00+00:00,78.11,78.64,77.74,77.9,89241.45
2026-07-02T07:00:00+00:00,77.91,78.2,77.59,77.99,78501.177
2026-07-02T08:00:00+00:00,78.0,78.52,77.94,78.48,81362.815
2026-07-02T09:00:00+00:00,78.48,79.8,78.29,79.5,280892.53
2026-07-02T10:00:00+00:00,79.49,82.18,79.43,82.09,546659.945
2026-07-02T11:00:00+00:00,82.09,82.78,81.51,82.38,451490.056
2026-07-02T12:00:00+00:00,82.37,82.45,81.12,81.41,342925.02
2026-07-02T13:00:00+00:00,81.4,81.99,80.72,81.51,271405.637
2026-07-02T14:00:00+00:00,81.5,81.53,80.12,80.54,225131.868
2026-07-02T15:00:00+00:00,80.54,80.92,80.09,80.86,106735.751
2026-07-02T16:00:00+00:00,80.87,81.11,80.15,80.56,130433.907
2026-07-02T17:00:00+00:00,80.55,81.24,80.51,80.63,181782.198
2026-07-02T18:00:00+00:00,80.64,81.26,80.64,81.04,75834.33
2026-07-02T19:00:00+00:00,81.04,81.32,80.8,80.83,72905.776
2026-07-02T20:00:00+00:00,80.84,81.11,80.58,81.03,71255.418
2026-07-02T21:00:00+00:00,81.03,81.17,80.5,80.8,39918.899
2026-07-02T22:00:00+00:00,80.79,80.89,80.41,80.66,89672.337
2026-07-02T23:00:00+00:00,80.66,80.78,80.5,80.73,37276.528
2026-07-03T00:00:00+00:00,80.72,80.92,80.52,80.75,62314.824
2026-07-03T01:00:00+00:00,80.74,81.69,80.71,81.48,80882.381
2026-07-03T02:00:00+00:00,81.49,81.68,80.66,80.82,57374.163
2026-07-03T03:00:00+00:00,80.81,80.98,80.34,80.73,62469.671
2026-07-03T04:00:00+00:00,80.72,80.81,80.44,80.51,54434.024
2026-07-03T05:00:00+00:00,80.5,81.26,80.47,81.15,46309.42
2026-07-03T06:00:00+00:00,81.16,81.39,80.73,80.96,88714.081
2026-07-03T07:00:00+00:00,80.97,81.51,80.83,81.22,55121.274
2026-07-03T08:00:00+00:00,81.23,81.53,80.84,80.92,80455.146
2026-07-03T09:00:00+00:00,80.91,81.3,80.67,81.02,70838.601
2026-07-03T10:00:00+00:00,81.02,81.88,80.87,81.54,121888.584
2026-07-03T11:00:00+00:00,81.55,81.71,81.25,81.58,76519.84
2026-07-03T12:00:00+00:00,81.57,81.78,81.23,81.53,81760.055
2026-07-03T13:00:00+00:00,81.54,81.85,81.43,81.61,70317.395
2026-07-03T14:00:00+00:00,81.61,81.84,80.91,81.69,77681.258
2026-07-03T15:00:00+00:00,81.69,82.06,81.15,81.21,90757.545
2026-07-03T16:00:00+00:00,81.21,81.57,81.08,81.54,45739.966
2026-07-03T17:00:00+00:00,81.54,81.98,81.47,81.78,58286.517
2026-07-03T18:00:00+00:00,81.79,82.37,81.63,82.12,78448.819
2026-07-03T19:00:00+00:00,82.12,83.22,82.08,82.48,161096.194
2026-07-03T20:00:00+00:00,82.47,83.0,82.24,82.72,106115.341
2026-07-03T21:00:00+00:00,82.72,83.05,82.16,82.66,61940.77
2026-07-03T22:00:00+00:00,82.67,82.68,82.25,82.34,39911.665
2026-07-03T23:00:00+00:00,82.35,82.51,82.18,82.34,39839.849
2026-07-04T00:00:00+00:00,82.35,82.74,82.26,82.39,58520.845
2026-07-04T01:00:00+00:00,82.39,82.39,81.8,81.95,69235.892
2026-07-04T02:00:00+00:00,81.94,82.4,81.9,82.18,32896.719
2026-07-04T03:00:00+00:00,82.18,82.85,82.05,82.74,153657.827
2026-07-04T04:00:00+00:00,82.74,83.98,82.66,83.48,162634.455
2026-07-04T05:00:00+00:00,83.47,83.49,82.9,83.38,83305.775
2026-07-04T06:00:00+00:00,83.38,83.59,82.39,82.55,226691.074
2026-07-04T07:00:00+00:00,82.55,82.83,82.26,82.72,68091.524
2026-07-04T08:00:00+00:00,82.72,82.78,82.25,82.32,69486.769
2026-07-04T09:00:00+00:00,82.31,82.34,81.61,81.74,88799.724
2026-07-04T10:00:00+00:00,81.74,81.94,81.42,81.65,62870.639
2026-07-04T11:00:00+00:00,81.64,81.93,81.53,81.82,71552.892
2026-07-04T12:00:00+00:00,81.82,82.0,81.36,81.59,67204.927
2026-07-04T13:00:00+00:00,81.59,81.92,81.39,81.66,45424.281
2026-07-04T14:00:00+00:00,81.65,81.87,81.55,81.8,45005.885
2026-07-04T15:00:00+00:00,81.8,82.42,81.72,82.23,96810.217
2026-07-04T16:00:00+00:00,82.24,82.39,82.0,82.22,52344.217
2026-07-04T17:00:00+00:00,82.21,82.83,81.9,82.52,95043.363
2026-07-04T18:00:00+00:00,82.53,82.62,82.1,82.27,50845.9
2026-07-04T19:00:00+00:00,82.27,82.34,81.71,81.88,61567.928
2026-07-04T20:00:00+00:00,81.88,82.29,81.58,81.98,63181.482
2026-07-04T21:00:00+00:00,81.99,82.23,81.85,82.0,29808.968
2026-07-04T22:00:00+00:00,81.99,82.04,81.79,81.94,18657.325
2026-07-04T23:00:00+00:00,81.93,81.94,81.45,81.8,80151.834
2026-07-05T00:00:00+00:00,81.8,81.84,81.12,81.3,69479.951
2026-07-05T01:00:00+00:00,81.31,81.46,80.54,80.84,134936.558
2026-07-05T02:00:00+00:00,80.85,80.89,80.2,80.36,84342.82
2026-07-05T03:00:00+00:00,80.37,80.61,80.35,80.56,41507.314
2026-07-05T04:00:00+00:00,80.56,80.87,80.41,80.6,42993.241
2026-07-05T05:00:00+00:00,80.59,80.59,80.24,80.48,33560.915
2026-07-05T06:00:00+00:00,80.48,80.67,80.34,80.6,30317.292
2026-07-05T07:00:00+00:00,80.6,80.77,80.37,80.72,34536.572
2026-07-05T08:00:00+00:00,80.72,80.87,80.46,80.5,44572.817
2026-07-05T09:00:00+00:00,80.5,80.55,79.68,79.9,95986.941
2026-07-05T10:00:00+00:00,79.9,80.45,79.75,80.44,61161.69
2026-07-05T11:00:00+00:00,80.44,80.66,80.36,80.57,42339.197
2026-07-05T12:00:00+00:00,80.57,81.32,80.37,80.76,91543.402
2026-07-05T13:00:00+00:00,80.76,81.25,80.69,81.25,56120.094
2026-07-05T14:00:00+00:00,81.25,81.6,81.03,81.46,58191.791
2026-07-05T15:00:00+00:00,81.45,81.75,81.12,81.36,43155.888
2026-07-05T16:00:00+00:00,81.36,81.54,80.91,81.1,53830.87
2026-07-05T17:00:00+00:00,81.09,81.38,81.01,81.14,33068.052
2026-07-05T18:00:00+00:00,81.14,81.27,81.0,81.01,19898.958
2026-07-05T19:00:00+00:00,81.01,81.13,80.81,81.04,43057.027
2026-07-05T20:00:00+00:00,81.04,81.18,80.96,81.07,19029.154
2026-07-05T21:00:00+00:00,81.08,82.22,80.79,81.8,79328.09
2026-07-05T22:00:00+00:00,81.8,82.43,81.65,81.82,129910.541
2026-07-05T23:00:00+00:00,81.82,82.08,81.44,81.59,62612.964
2026-07-06T00:00:00+00:00,81.59,82.24,81.11,82.2,76464.004
2026-07-06T01:00:00+00:00,82.2,82.33,81.48,81.55,57155.669
2026-07-06T02:00:00+00:00,81.54,81.68,80.82,81.01,108512.702
2026-07-06T03:00:00+00:00,81.01,81.05,80.45,80.8,63018.985
2026-07-06T04:00:00+00:00,80.8,81.02,80.7,80.82,62372.524
2026-07-06T05:00:00+00:00,80.81,80.82,80.15,80.42,53010.581
2026-07-06T06:00:00+00:00,80.42,80.53,80.26,80.35,37071.64
2026-07-06T07:00:00+00:00,80.36,81.02,80.27,80.82,70798.673
2026-07-06T08:00:00+00:00,80.83,81.08,80.3,80.49,49045.977
2026-07-06T09:00:00+00:00,80.49,80.5,80.06,80.08,49014.904
2026-07-06T10:00:00+00:00,80.07,80.71,80.06,80.67,66359.703
2026-07-06T11:00:00+00:00,80.66,81.0,80.38,80.39,57350.223
2026-07-06T12:00:00+00:00,80.39,80.64,79.27,79.46,252460.46
2026-07-06T13:00:00+00:00,79.46,80.91,79.23,80.16,199929.197
2026-07-06T14:00:00+00:00,80.17,80.79,79.86,80.29,113912.291
2026-07-06T15:00:00+00:00,80.3,81.54,80.29,81.5,158256.059
2026-07-06T16:00:00+00:00,81.5,82.4,81.29,82.1,225823.934
2026-07-06T17:00:00+00:00,82.1,82.19,81.45,81.65,81411.15
2026-07-06T18:00:00+00:00,81.64,82.3,81.31,81.99,149312.058
2026-07-06T19:00:00+00:00,81.99,82.18,81.81,82.07,69461.116
2026-07-06T20:00:00+00:00,82.08,82.25,81.68,82.1,42002.289
2026-07-06T21:00:00+00:00,82.1,83.74,82.06,82.82,229534.245
2026-07-06T22:00:00+00:00,82.83,82.88,82.25,82.32,69758.17
2026-07-06T23:00:00+00:00,82.33,82.43,81.91,81.94,51571.086
2026-07-07T00:00:00+00:00,81.94,82.5,81.82,82.36,86146.145
2026-07-07T01:00:00+00:00,82.36,82.37,81.81,81.9,48516.335
2026-07-07T02:00:00+00:00,81.9,81.99,81.29,81.35,46660.553
2026-07-07T03:00:00+00:00,81.36,81.48,80.97,81.05,56727.778
2026-07-07T04:00:00+00:00,81.05,81.1,80.65,80.92,57179.65
2026-07-07T05:00:00+00:00,80.91,81.22,80.46,81.11,76897.667
2026-07-07T06:00:00+00:00,81.11,81.64,80.81,81.54,66490.696
2026-07-07T07:00:00+00:00,81.55,81.76,81.35,81.5,70326.792
2026-07-07T08:00:00+00:00,81.51,81.6,81.21,81.28,115628.842
2026-07-07T09:00:00+00:00,81.28,81.49,81.14,81.31,61966.225
2026-07-07T10:00:00+00:00,81.31,81.59,80.93,80.99,77915.607
2026-07-07T11:00:00+00:00,80.99,81.4,80.76,81.32,55060.772
2026-07-07T12:00:00+00:00,81.32,82.0,81.3,81.45,109334.517
2026-07-07T13:00:00+00:00,81.45,81.62,80.66,80.84,124183.564
2026-07-07T14:00:00+00:00,80.85,81.92,80.51,81.81,131754.052
2026-07-07T15:00:00+00:00,81.81,82.36,81.5,82.11,124871.508
2026-07-07T16:00:00+00:00,82.11,82.57,81.82,82.22,81896.252
2026-07-07T17:00:00+00:00,82.21,82.79,82.09,82.72,60810.991
2026-07-07T18:00:00+00:00,82.73,82.73,81.24,81.3,68631.646
2026-07-07T19:00:00+00:00,81.3,81.56,80.78,81.37,101089.133
2026-07-07T20:00:00+00:00,81.38,81.49,81.01,81.17,37655.91
2026-07-07T21:00:00+00:00,81.17,81.42,80.57,80.84,77130.445
2026-07-07T22:00:00+00:00,80.83,81.1,80.34,80.88,71034.461
2026-07-07T23:00:00+00:00,80.87,81.15,80.51,80.58,51079.976
2026-07-08T00:00:00+00:00,80.58,80.78,80.35,80.37,92383.664
2026-07-08T01:00:00+00:00,80.37,80.42,78.82,79.1,168955.668
2026-07-08T02:00:00+00:00,79.09,79.18,78.22,79.06,145442.63
2026-07-08T03:00:00+00:00,79.07,79.34,78.62,78.73,65768.243
2026-07-08T04:00:00+00:00,78.73,78.93,78.35,78.64,47502.726
2026-07-08T05:00:00+00:00,78.65,78.82,78.35,78.42,75950.028
2026-07-08T06:00:00+00:00,78.43,78.46,77.95,78.23,105746.595
2026-07-08T07:00:00+00:00,78.23,78.34,77.8,78.28,174640.783
2026-07-08T08:00:00+00:00,78.29,78.43,76.9,77.25,201507.595
2026-07-08T09:00:00+00:00,77.26,77.49,77.01,77.19,78732.565
2026-07-08T10:00:00+00:00,77.19,77.5,76.94,77.33,66068.265
2026-07-08T11:00:00+00:00,77.33,77.71,77.08,77.56,75575.294
2026-07-08T12:00:00+00:00,77.56,77.66,77.02,77.03,67212.054
2026-07-08T13:00:00+00:00,77.03,77.47,76.64,77.31,196699.757
2026-07-08T14:00:00+00:00,77.3,77.42,76.71,77.11,113392.189
2026-07-08T15:00:00+00:00,77.11,77.15,76.29,76.75,104437.484
2026-07-08T16:00:00+00:00,76.76,77.36,76.76,77.29,75682.973
2026-07-08T17:00:00+00:00,77.29,77.68,77.04,77.13,77173.095
2026-07-08T18:00:00+00:00,77.13,77.36,76.82,77.14,40185.337
2026-07-08T19:00:00+00:00,77.15,77.49,76.95,77.42,49770.505
2026-07-08T20:00:00+00:00,77.42,77.57,77.05,77.17,37142.429
2026-07-08T21:00:00+00:00,77.18,77.35,76.93,77.26,30357.617
2026-07-08T22:00:00+00:00,77.26,77.59,77.18,77.55,43417.443
2026-07-08T23:00:00+00:00,77.54,77.95,77.43,77.83,37658.421
2026-07-09T00:00:00+00:00,77.83,77.9,77.52,77.71,53552.598
2026-07-09T01:00:00+00:00,77.72,78.78,77.25,77.35,116679.781
2026-07-09T02:00:00+00:00,77.35,77.84,76.98,77.07,64513.214
2026-07-09T03:00:00+00:00,77.06,77.41,76.71,77.38,53488.682
2026-07-09T04:00:00+00:00,77.39,78.04,77.22,77.99,49556.853
2026-07-09T05:00:00+00:00,77.98,78.4,77.74,78.4,77144.521
2026-07-09T06:00:00+00:00,78.4,78.62,78.11,78.49,68073.739
2026-07-09T07:00:00+00:00,78.5,78.83,78.14,78.21,90359.847
2026-07-09T08:00:00+00:00,78.22,78.41,77.96,78.11,56128.508
2026-07-09T09:00:00+00:00,78.11,78.18,77.86,78.14,44117.537
2026-07-09T10:00:00+00:00,78.13,78.22,77.52,77.68,83102.414
2026-07-09T11:00:00+00:00,77.69,77.78,77.32,77.61,50326.61
2026-07-09T12:00:00+00:00,77.61,78.21,77.41,77.64,153550.337
2026-07-09T13:00:00+00:00,77.64,78.49,77.35,78.22,87817.541
2026-07-09T14:00:00+00:00,78.22,78.35,77.58,77.88,63101.347
2026-07-09T15:00:00+00:00,77.88,78.2,77.51,77.63,54848.792
2026-07-09T16:00:00+00:00,77.63,77.81,77.26,77.69,53100.1
2026-07-09T17:00:00+00:00,77.69,78.16,77.63,78.06,51133.226
2026-07-09T18:00:00+00:00,78.06,78.43,78.0,78.19,51711.54
2026-07-09T19:00:00+00:00,78.2,78.32,77.91,78.15,29760.19
2026-07-09T20:00:00+00:00,78.16,78.32,77.98,78.15,24332.185
2026-07-09T21:00:00+00:00,78.16,78.29,77.9,78.04,28433.061
2026-07-09T22:00:00+00:00,78.05,78.29,77.99,78.11,25710.488
2026-07-09T23:00:00+00:00,78.11,78.21,77.74,78.04,27894.723
2026-07-10T00:00:00+00:00,78.05,78.16,77.79,78.12,40025.564
2026-07-10T01:00:00+00:00,78.12,79.45,77.94,79.05,103044.321
2026-07-10T02:00:00+00:00,79.06,79.16,78.83,79.05,60267.898
2026-07-10T03:00:00+00:00,79.05,79.13,78.73,79.07,89571.36
2026-07-10T04:00:00+00:00,79.07,79.11,78.84,78.97,35451.251
2026-07-10T05:00:00+00:00,78.97,79.37,78.87,79.18,105417.132
2026-07-10T06:00:00+00:00,79.18,79.24,78.86,78.92,38219.563
2026-07-10T07:00:00+00:00,78.92,79.08,78.75,78.87,39607.521
2026-07-10T08:00:00+00:00,78.87,79.42,78.81,79.2,89265.764
2026-07-10T09:00:00+00:00,79.19,79.38,78.95,79.22,69921.117
2026-07-10T10:00:00+00:00,79.23,79.68,79.15,79.39,65102.536
2026-07-10T11:00:00+00:00,79.4,79.52,79.18,79.36,45431.976
2026-07-10T12:00:00+00:00,79.37,79.56,78.9,78.92,65434.658
2026-07-10T13:00:00+00:00,78.92,79.35,78.77,78.99,83014.2
2026-07-10T14:00:00+00:00,78.98,78.98,77.07,77.91,417405.181
2026-07-10T15:00:00+00:00,77.9,78.36,77.78,78.14,82710.136
2026-07-10T16:00:00+00:00,78.15,78.26,77.66,78.14,61178.963
2026-07-10T17:00:00+00:00,78.14,78.17,77.58,77.59,81808.236
2026-07-10T18:00:00+00:00,77.58,77.91,77.33,77.53,70765.371
2026-07-10T19:00:00+00:00,77.52,78.05,77.45,77.89,43414.329
2026-07-10T20:00:00+00:00,77.9,77.99,77.71,77.76,34881.234
2026-07-10T21:00:00+00:00,77.75,78.11,77.73,78.0,31525.613
2026-07-10T22:00:00+00:00,78.0,78.25,77.94,78.17,62504.207
2026-07-10T23:00:00+00:00,78.17,78.18,77.93,78.13,37763.944
2026-07-11T00:00:00+00:00,78.14,78.14,77.79,77.85,42959.285
2026-07-11T01:00:00+00:00,77.85,78.07,77.47,77.54,57564.122
2026-07-11T02:00:00+00:00,77.54,77.83,77.49,77.78,52804.732
2026-07-11T03:00:00+00:00,77.78,77.88,77.6,77.79,35187.024
2026-07-11T04:00:00+00:00,77.8,77.86,77.65,77.74,28642.927
2026-07-11T05:00:00+00:00,77.74,77.98,77.6,77.9,36626.906
2026-07-11T06:00:00+00:00,77.91,78.12,77.79,78.06,46872.82
2026-07-11T07:00:00+00:00,78.07,78.11,77.93,78.0,45980.877
2026-07-11T08:00:00+00:00,77.99,78.18,77.95,78.17,26548.007
2026-07-11T09:00:00+00:00,78.16,78.34,77.83,77.84,39556.469
2026-07-11T10:00:00+00:00,77.84,78.11,77.75,78.05,51207.442
2026-07-11T11:00:00+00:00,78.05,78.15,77.99,78.13,25814.219
2026-07-11T12:00:00+00:00,78.13,78.21,77.95,78.08,25724.666
2026-07-11T13:00:00+00:00,78.09,78.45,78.03,78.18,32274.229
2026-07-11T14:00:00+00:00,78.17,78.74,78.17,78.5,43928.048
2026-07-11T15:00:00+00:00,78.5,78.88,77.97,78.38,107261.415
2026-07-11T16:00:00+00:00,78.39,78.4,77.63,77.94,289995.388
2026-07-11T17:00:00+00:00,77.93,78.19,77.82,78.09,47887.016
2026-07-11T18:00:00+00:00,78.08,78.31,78.0,78.08,45323.202
2026-07-11T19:00:00+00:00,78.08,78.15,77.88,78.15,40047.642
2026-07-11T20:00:00+00:00,78.15,78.28,78.11,78.17,18030.692
2026-07-11T21:00:00+00:00,78.17,78.32,78.13,78.23,33181.683
2026-07-11T22:00:00+00:00,78.23,78.27,77.75,77.89,42089.598
2026-07-11T23:00:00+00:00,77.89,77.93,76.77,76.79,125960.058
2026-07-12T00:00:00+00:00,76.79,76.88,75.65,76.11,140521.188
2026-07-12T01:00:00+00:00,76.1,76.88,76.04,76.84,68315.62
2026-07-12T02:00:00+00:00,76.83,76.92,76.63,76.86,37965.738
2026-07-12T03:00:00+00:00,76.86,77.09,76.75,77.04,67755.803
2026-07-12T04:00:00+00:00,77.05,77.08,76.61,76.71,36569.952
2026-07-12T05:00:00+00:00,76.71,76.83,76.38,76.44,32721.92
2026-07-12T06:00:00+00:00,76.44,76.44,75.85,76.37,55318.341
2026-07-12T07:00:00+00:00,76.37,76.71,76.31,76.51,36837.449
2026-07-12T08:00:00+00:00,76.52,76.83,76.47,76.7,35106.013
2026-07-12T09:00:00+00:00,76.71,76.91,76.39,76.75,38331.348
2026-07-12T10:00:00+00:00,76.76,76.85,76.66,76.71,17467.216
2026-07-12T11:00:00+00:00,76.72,77.28,76.53,76.95,40113.964
2026-07-12T12:00:00+00:00,76.94,77.24,76.78,77.19,56862.275
2026-07-12T13:00:00+00:00,77.19,77.49,77.13,77.15,46390.15
2026-07-12T14:00:00+00:00,77.16,77.71,76.97,77.55,60382.375
2026-07-12T15:00:00+00:00,77.55,77.62,77.28,77.46,56923.489
2026-07-12T16:00:00+00:00,77.47,77.67,77.38,77.54,49559.074
2026-07-12T17:00:00+00:00,77.55,77.61,77.23,77.35,19306.605
2026-07-12T18:00:00+00:00,77.35,77.65,77.24,77.57,28119.636
2026-07-12T19:00:00+00:00,77.58,77.78,77.44,77.68,18703.973
2026-07-12T20:00:00+00:00,77.67,77.71,77.44,77.46,13127.961
2026-07-12T21:00:00+00:00,77.46,77.7,76.97,77.1,44216.036
2026-07-12T22:00:00+00:00,77.1,77.1,76.46,76.77,72297.142
2026-07-12T23:00:00+00:00,76.77,76.95,76.65,76.92,34101.692
2026-07-13T00:00:00+00:00,76.92,78.2,76.82,77.52,150612.79
2026-07-13T01:00:00+00:00,77.52,77.66,76.29,76.32,92200.466
2026-07-13T02:00:00+00:00,76.32,76.67,76.13,76.48,59194.652
2026-07-13T03:00:00+00:00,76.48,76.5,75.43,75.86,108422.124
2026-07-13T04:00:00+00:00,75.87,76.17,75.72,75.92,75432.494
2026-07-13T05:00:00+00:00,75.93,76.47,75.74,76.4,88725.331
2026-07-13T06:00:00+00:00,76.4,76.59,76.28,76.34,49233.863
2026-07-13T07:00:00+00:00,76.34,76.69,76.23,76.44,50502.849
2026-07-13T08:00:00+00:00,76.45,76.9,76.36,76.73,41703.128
2026-07-13T09:00:00+00:00,76.74,76.75,76.6,76.62,22876.296
2026-07-13T10:00:00+00:00,76.63,76.63,76.1,76.29,49372.317
2026-07-13T11:00:00+00:00,76.29,76.59,76.28,76.34,50822.908
2026-07-13T12:00:00+00:00,76.35,76.41,75.74,75.85,66390.115
2026-07-13T13:00:00+00:00,75.85,75.95,75.11,75.4,95621.728
2026-07-13T14:00:00+00:00,75.4,76.18,75.34,76.16,103230.011
2026-07-13T15:00:00+00:00,76.16,76.31,75.75,75.81,53539.797
2026-07-13T16:00:00+00:00,75.82,76.04,75.2,75.3,43155.532
2026-07-13T17:00:00+00:00,75.3,75.47,74.52,74.59,102893.883
2026-07-13T18:00:00+00:00,74.6,75.04,74.57,74.86,49735.288
2026-07-13T19:00:00+00:00,74.87,75.25,74.75,75.2,47155.212
2026-07-13T20:00:00+00:00,75.19,75.35,74.59,74.8,49368.803
2026-07-13T21:00:00+00:00,74.81,74.81,74.1,74.42,69663.118
2026-07-13T22:00:00+00:00,74.41,74.75,74.4,74.52,39885.173
2026-07-13T23:00:00+00:00,74.52,75.02,74.41,75.01,38910.484
2026-07-14T00:00:00+00:00,75.02,75.49,74.83,75.45,72029.001
2026-07-14T01:00:00+00:00,75.45,75.56,75.22,75.3,41260.909
2026-07-14T02:00:00+00:00,75.31,75.33,74.87,75.08,37800.252
2026-07-14T03:00:00+00:00,75.08,75.17,74.56,75.15,32083.39
2026-07-14T04:00:00+00:00,75.15,75.34,75.04,75.15,33710.009
2026-07-14T05:00:00+00:00,75.16,75.48,75.1,75.42,31768.125
2026-07-14T06:00:00+00:00,75.41,75.44,75.1,75.16,53315.765
2026-07-14T07:00:00+00:00,75.16,75.26,74.91,74.97,40095.745
2026-07-14T08:00:00+00:00,74.98,75.39,74.85,75.16,33657.531
2026-07-14T09:00:00+00:00,75.16,75.31,74.88,75.08,30784.634
2026-07-14T10:00:00+00:00,75.08,75.6,74.96,75.47,51927.463
2026-07-14T11:00:00+00:00,75.48,75.62,75.34,75.4,71205.362
2026-07-14T12:00:00+00:00,75.4,76.98,75.19,76.86,291221.758
2026-07-14T13:00:00+00:00,76.86,77.73,76.5,76.94,254275.169
2026-07-14T14:00:00+00:00,76.94,77.5,76.68,77.35,125652.705
2026-07-14T15:00:00+00:00,77.35,77.95,77.18,77.38,163057.896
2026-07-14T16:00:00+00:00,77.39,77.65,77.12,77.28,63318.691
2026-07-14T17:00:00+00:00,77.29,77.3,76.81,77.18,60735.238
2026-07-14T18:00:00+00:00,77.18,77.34,77.0,77.29,43864.276
2026-07-14T19:00:00+00:00,77.3,77.53,77.11,77.17,50931.222
2026-07-14T20:00:00+00:00,77.18,77.22,76.93,77.18,35902.246
2026-07-14T21:00:00+00:00,77.18,77.41,77.13,77.21,39432.504
2026-07-14T22:00:00+00:00,77.22,77.95,77.1,77.62,89696.171
2026-07-14T23:00:00+00:00,77.63,77.92,77.55,77.87,50253.54
2026-07-15T00:00:00+00:00,77.87,77.92,77.47,77.66,47671.994
2026-07-15T01:00:00+00:00,77.67,77.82,77.28,77.44,61605.767
2026-07-15T02:00:00+00:00,77.43,77.59,77.03,77.29,74804.377
2026-07-15T03:00:00+00:00,77.3,77.9,77.23,77.78,47465.878
2026-07-15T04:00:00+00:00,77.78,78.18,77.54,78.02,55833.135
2026-07-15T05:00:00+00:00,78.02,78.33,77.65,78.26,75424.953
2026-07-15T06:00:00+00:00,78.26,78.7,77.94,77.94,167363.776
2026-07-15T07:00:00+00:00,77.95,78.01,77.4,77.42,54867.198
2026-07-15T08:00:00+00:00,77.42,77.62,77.23,77.58,62008.649
2026-07-15T09:00:00+00:00,77.57,77.91,77.43,77.49,38046.609
2026-07-15T10:00:00+00:00,77.49,77.71,77.23,77.37,49120.592
2026-07-15T11:00:00+00:00,77.37,77.53,77.34,77.52,37779.813
2026-07-15T12:00:00+00:00,77.53,78.31,77.26,78.28,125652.339
2026-07-15T13:00:00+00:00,78.28,79.04,77.71,78.11,253391.641
2026-07-15T14:00:00+00:00,78.11,78.39,77.78,78.22,98123.199
2026-07-15T15:00:00+00:00,78.22,78.25,77.76,78.07,100345.689
2026-07-15T16:00:00+00:00,78.06,78.12,77.07,77.63,115744.444
2026-07-15T17:00:00+00:00,77.63,78.05,77.5,77.82,63500.613
2026-07-15T18:00:00+00:00,77.82,78.09,77.51,77.58,47315.924
2026-07-15T19:00:00+00:00,77.59,77.69,76.94,77.18,82691.575
2026-07-15T20:00:00+00:00,77.18,77.54,77.1,77.38,30726.918
2026-07-15T21:00:00+00:00,77.38,77.52,77.24,77.41,32917.941
2026-07-15T22:00:00+00:00,77.41,77.74,77.3,77.48,36814.471
2026-07-15T23:00:00+00:00,77.48,77.61,77.21,77.29,30174.093
2026-07-16T00:00:00+00:00,77.28,77.48,76.7,76.95,65093.466
2026-07-16T01:00:00+00:00,76.94,77.15,76.7,77.09,64948.074
2026-07-16T02:00:00+00:00,77.09,77.15,76.86,77.13,28369.744
2026-07-16T03:00:00+00:00,77.13,77.28,76.81,76.95,53232.303
2026-07-16T04:00:00+00:00,76.95,77.02,76.59,76.81,56859.375
2026-07-16T05:00:00+00:00,76.82,77.52,76.74,77.48,66397.321
2026-07-16T06:00:00+00:00,77.49,77.64,77.12,77.35,54368.906
2026-07-16T07:00:00+00:00,77.35,77.35,76.14,76.41,156919.38
2026-07-16T08:00:00+00:00,76.42,76.48,75.64,76.16,169472.804
2026-07-16T09:00:00+00:00,76.16,76.26,75.99,76.02,55355.618
2026-07-16T10:00:00+00:00,76.03,76.35,76.01,76.21,26069.46
2026-07-16T11:00:00+00:00,76.21,76.29,76.04,76.28,43120.896
2026-07-16T12:00:00+00:00,76.27,76.29,75.69,75.93,82239.063
2026-07-16T13:00:00+00:00,75.92,76.63,75.91,76.36,86343.708
2026-07-16T14:00:00+00:00,76.36,76.8,76.19,76.49,66142.586
2026-07-16T15:00:00+00:00,76.5,76.86,76.0,76.63,63718.354
2026-07-16T16:00:00+00:00,76.63,76.63,76.1,76.27,41365.783
2026-07-16T17:00:00+00:00,76.27,76.27,75.39,75.61,90894.288
2026-07-16T18:00:00+00:00,75.62,75.92,75.43,75.74,61014.12
2026-07-16T19:00:00+00:00,75.73,75.94,75.62,75.81,40538.518
2026-07-16T20:00:00+00:00,75.8,75.9,75.7,75.8,19713.701
2026-07-16T21:00:00+00:00,75.79,76.08,75.77,75.94,24126.565
2026-07-16T22:00:00+00:00,75.95,76.04,75.24,75.32,38814.838
2026-07-16T23:00:00+00:00,75.32,75.42,75.01,75.32,70335.807
2026-07-17T00:00:00+00:00,75.33,75.56,74.92,75.55,61959.453
2026-07-17T01:00:00+00:00,75.56,75.75,74.98,75.1,53980.094
2026-07-17T02:00:00+00:00,75.09,75.28,74.75,75.0,60917.52
2026-07-17T03:00:00+00:00,75.0,75.45,74.99,75.23,28547.11
2026-07-17T04:00:00+00:00,75.23,75.34,74.75,75.24,57934.7
2026-07-17T05:00:00+00:00,75.23,75.23,74.29,74.4,76026.5
2026-07-17T06:00:00+00:00,74.39,74.77,74.31,74.6,48343.231
2026-07-17T07:00:00+00:00,74.6,74.76,74.42,74.61,53882.316
2026-07-17T08:00:00+00:00,74.62,74.69,74.2,74.53,57543.24
2026-07-17T09:00:00+00:00,74.53,74.82,74.47,74.65,28292.697
2026-07-17T10:00:00+00:00,74.66,74.88,74.63,74.8,38575.961
2026-07-17T11:00:00+00:00,74.8,75.0,74.64,74.86,41451.534
2026-07-17T12:00:00+00:00,74.86,74.88,74.37,74.4,48894.815
2026-07-17T13:00:00+00:00,74.4,74.4,73.39,74.33,211034.554
2026-07-17T14:00:00+00:00,74.34,74.81,74.09,74.32,112199.427
2026-07-17T15:00:00+00:00,74.32,74.78,73.8,74.77,79182.482
2026-07-17T16:00:00+00:00,74.78,75.12,74.61,74.94,68877.711
2026-07-17T17:00:00+00:00,74.95,75.6,74.95,75.24,62078.659
2026-07-17T18:00:00+00:00,75.24,75.41,74.98,75.32,34049.599
2026-07-17T19:00:00+00:00,75.32,75.37,74.86,75.2,38983.106
2026-07-17T20:00:00+00:00,75.2,75.21,74.89,75.11,32625.442
2026-07-17T21:00:00+00:00,75.11,75.24,74.96,75.01,26405.716
2026-07-17T22:00:00+00:00,75.01,75.13,74.84,75.02,19069.92
2026-07-17T23:00:00+00:00,75.03,75.14,74.85,75.04,20637.288
2026-07-18T00:00:00+00:00,75.04,75.27,74.99,75.09,20031.214
2026-07-18T01:00:00+00:00,75.1,75.24,75.04,75.23,21660.396
2026-07-18T02:00:00+00:00,75.23,75.45,75.15,75.21,27213.666
2026-07-18T03:00:00+00:00,75.21,75.38,75.14,75.38,17634.659
2026-07-18T04:00:00+00:00,75.37,75.39,75.05,75.1,18664.413
2026-07-18T05:00:00+00:00,75.11,75.12,74.87,74.92,26531.736
2026-07-18T06:00:00+00:00,74.93,75.09,74.92,74.98,14717.253
2026-07-18T07:00:00+00:00,74.98,75.05,74.9,74.97,25960.219
2026-07-18T08:00:00+00:00,74.97,75.04,74.79,74.96,25244.004
2026-07-18T09:00:00+00:00,74.96,75.01,74.66,74.85,27390.79
2026-07-18T10:00:00+00:00,74.84,74.95,74.8,74.91,18490.987
2026-07-18T11:00:00+00:00,74.91,75.02,74.89,74.97,15168.533
2026-07-18T12:00:00+00:00,74.96,75.19,74.72,75.01,28522.925
2026-07-18T13:00:00+00:00,75.0,75.01,74.5,74.73,47164.348
2026-07-18T14:00:00+00:00,74.73,75.01,74.65,74.98,24448.016
2026-07-18T15:00:00+00:00,74.99,75.04,74.81,74.97,19994.63
2026-07-18T16:00:00+00:00,74.96,75.29,74.84,75.17,50772.559
2026-07-18T17:00:00+00:00,75.17,75.41,75.06,75.35,51531.416
2026-07-18T18:00:00+00:00,75.36,75.67,75.18,75.29,60282.568
2026-07-18T19:00:00+00:00,75.28,75.45,75.23,75.44,15936.112
2026-07-18T20:00:00+00:00,75.45,75.58,75.34,75.47,21091.681
2026-07-18T21:00:00+00:00,75.47,75.64,75.35,75.49,26048.578
2026-07-18T22:00:00+00:00,75.48,75.61,75.39,75.57,30048.334
2026-07-18T23:00:00+00:00,75.57,75.6,75.4,75.52,16462.658
2026-07-19T00:00:00+00:00,75.53,75.68,75.45,75.63,27362.288
2026-07-19T01:00:00+00:00,75.64,75.74,75.51,75.68,78324.542
2026-07-19T02:00:00+00:00,75.68,76.57,75.67,76.21,114697.438
2026-07-19T03:00:00+00:00,76.2,76.45,75.81,75.96,43953.325
2026-07-19T04:00:00+00:00,75.95,76.08,75.74,76.0,29404.94
2026-07-19T05:00:00+00:00,76.01,76.1,75.9,75.97,21801.019
2026-07-19T06:00:00+00:00,75.98,76.17,75.95,76.11,80281.405
2026-07-19T07:00:00+00:00,76.12,76.34,76.01,76.14,72095.721
2026-07-19T08:00:00+00:00,76.14,76.38,76.08,76.28,57040.779
2026-07-19T09:00:00+00:00,76.28,76.31,75.93,75.99,33880.786
2026-07-19T10:00:00+00:00,75.99,76.53,75.9,76.26,35511.587
2026-07-19T11:00:00+00:00,76.26,76.41,76.04,76.06,45535.162
2026-07-19T12:00:00+00:00,76.07,76.18,75.76,76.01,60224.9
2026-07-19T13:00:00+00:00,76.02,76.15,75.88,76.12,34585.477
2026-07-19T14:00:00+00:00,76.12,76.7,76.05,76.43,57378.977
2026-07-19T15:00:00+00:00,76.43,76.48,76.08,76.21,32607.67
2026-07-19T16:00:00+00:00,76.22,76.29,75.87,75.92,31299.014
2026-07-19T17:00:00+00:00,75.92,76.23,75.59,75.97,64127.531
2026-07-19T18:00:00+00:00,75.96,75.98,75.37,75.75,56509.702
2026-07-19T19:00:00+00:00,75.76,75.89,75.63,75.88,25324.55
2026-07-19T20:00:00+00:00,75.89,76.15,75.87,76.14,27280.973
2026-07-19T21:00:00+00:00,76.14,76.24,75.71,75.78,34537.465
2026-07-19T22:00:00+00:00,75.78,76.42,75.63,76.1,60392.259
2026-07-19T23:00:00+00:00,76.1,76.57,75.88,76.38,52752.936
2026-07-20T00:00:00+00:00,76.38,77.12,76.13,76.57,142220.375
2026-07-20T01:00:00+00:00,76.57,77.4,76.29,76.39,94828.463
2026-07-20T02:00:00+00:00,76.39,77.2,76.37,76.98,57997.619
2026-07-20T03:00:00+00:00,76.98,77.09,76.54,76.76,35865.163
2026-07-20T04:00:00+00:00,76.76,76.95,76.3,76.46,41790.909
2026-07-20T05:00:00+00:00,76.46,76.5,75.78,75.92,76866.319
2026-07-20T06:00:00+00:00,75.93,76.05,75.5,75.64,78138.127
2026-07-20T07:00:00+00:00,75.64,76.25,75.54,76.22,57291.587
2026-07-20T08:00:00+00:00,76.22,76.44,75.9,76.15,73433.359
2026-07-20T09:00:00+00:00,76.16,76.75,76.08,76.47,64685.31
2026-07-20T10:00:00+00:00,76.47,76.69,76.34,76.34,32489.468
2026-07-20T11:00:00+00:00,76.35,77.24,76.31,77.14,112096.924
2026-07-20T12:00:00+00:00,77.14,77.15,76.67,76.75,67140.685
2026-07-20T13:00:00+00:00,76.75,77.14,76.14,76.29,91294.785
2026-07-20T14:00:00+00:00,76.29,76.47,75.79,76.15,111307.298
2026-07-20T15:00:00+00:00,76.16,77.92,76.11,77.76,195124.762
2026-07-20T16:00:00+00:00,77.77,77.88,77.45,77.66,94822.624
2026-07-20T17:00:00+00:00,77.66,77.91,77.36,77.74,65988.757
2026-07-20T18:00:00+00:00,77.75,78.38,77.6,77.67,141524.468
2026-07-20T19:00:00+00:00,77.66,77.73,77.29,77.63,87186.553
2026-07-20T20:00:00+00:00,77.64,78.05,77.54,77.88,46134.858
2026-07-20T21:00:00+00:00,77.88,78.03,77.74,77.74,44662.496
2026-07-20T22:00:00+00:00,77.74,77.84,77.44,77.44,31402.732
2026-07-20T23:00:00+00:00,77.44,77.89,77.43,77.85,22907.21
2026-07-21T00:00:00+00:00,77.85,78.29,77.75,78.12,41708.877
2026-07-21T01:00:00+00:00,78.11,78.22,77.83,77.84,36842.283
2026-07-21T02:00:00+00:00,77.84,78.25,77.66,78.02,24413.716
2026-07-21T03:00:00+00:00,78.03,78.55,78.02,78.19,56817.038
2026-07-21T04:00:00+00:00,78.2,78.39,78.02,78.13,59952.528
2026-07-21T05:00:00+00:00,78.12,78.67,78.11,78.45,53244.592
2026-07-21T06:00:00+00:00,78.46,78.88,78.3,78.67,76914.703
2026-07-21T07:00:00+00:00,78.67,78.75,78.48,78.56,63730.428
2026-07-21T08:00:00+00:00,78.57,78.75,78.34,78.36,80898.654
2026-07-21T09:00:00+00:00,78.37,78.51,78.15,78.43,54285.509
2026-07-21T10:00:00+00:00,78.43,78.49,78.07,78.22,53365.371
2026-07-21T11:00:00+00:00,78.22,78.43,78.1,78.36,49535.421
2026-07-21T12:00:00+00:00,78.36,78.55,78.27,78.52,48335.769
2026-07-21T13:00:00+00:00,78.53,78.64,78.21,78.58,66463.229
2026-07-21T14:00:00+00:00,78.58,78.64,77.9,78.0,130101.208
2026-07-21T15:00:00+00:00,78.01,78.16,77.79,78.14,80428.601
2026-07-21T16:00:00+00:00,78.15,78.25,77.97,78.19,38634.786
2026-07-21T17:00:00+00:00,78.2,78.24,77.42,77.72,70521.68
2026-07-21T18:00:00+00:00,77.72,78.0,77.6,77.85,30551.99
2026-07-21T19:00:00+00:00,77.86,78.0,77.71,77.87,46450.926
2026-07-21T20:00:00+00:00,77.86,78.11,77.8,77.91,31742.751
2026-07-21T21:00:00+00:00,77.9,78.14,77.8,78.05,38934.849
2026-07-21T22:00:00+00:00,78.04,78.06,77.85,78.0,23978.2
2026-07-21T23:00:00+00:00,77.99,78.2,77.81,78.12,25708.211
2026-07-22T00:00:00+00:00,78.13,78.59,78.11,78.46,51416.658
2026-07-22T01:00:00+00:00,78.45,78.52,78.15,78.34,40447.471
2026-07-22T02:00:00+00:00,78.35,78.51,78.09,78.13,33521.628
2026-07-22T03:00:00+00:00,78.12,78.24,77.81,77.87,29868.791
2026-07-22T04:00:00+00:00,77.87,78.23,77.83,78.06,78686.964
2026-07-22T05:00:00+00:00,78.06,78.08,77.41,77.43,84324.565
2026-07-22T06:00:00+00:00,77.43,77.5,77.01,77.29,80790.306
2026-07-22T07:00:00+00:00,77.3,77.32,77.0,77.1,49497.98
2026-07-22T08:00:00+00:00,77.11,77.52,77.06,77.43,49938.799
2026-07-22T09:00:00+00:00,77.43,77.59,77.29,77.55,43825.045
2026-07-22T10:00:00+00:00,77.56,77.74,77.45,77.68,53474.894
2026-07-22T11:00:00+00:00,77.68,77.82,77.48,77.56,56884.383
2026-07-22T12:00:00+00:00,77.56,77.57,77.02,77.24,57718.29
2026-07-22T13:00:00+00:00,77.24,77.95,77.14,77.87,96044.938
2026-07-22T14:00:00+00:00,77.87,78.47,77.4,77.9,99355.583
2026-07-22T15:00:00+00:00,77.9,78.85,77.9,78.47,120444.674
2026-07-22T16:00:00+00:00,78.46,78.81,78.1,78.58,76423.852
2026-07-22T17:00:00+00:00,78.57,78.65,78.15,78.21,46544.136
2026-07-22T18:00:00+00:00,78.22,78.29,77.46,77.74,73601.436
2026-07-22T19:00:00+00:00,77.75,77.81,77.31,77.66,50840.721
2026-07-22T20:00:00+00:00,77.66,77.96,77.58,77.8,38686.561
2026-07-22T21:00:00+00:00,77.8,78.08,77.68,78.02,24815.506
2026-07-22T22:00:00+00:00,78.02,78.12,77.7,78.01,57888.023
2026-07-22T23:00:00+00:00,78.01,78.03,77.5,77.97,29610.969
2026-07-23T00:00:00+00:00,77.97,78.54,77.97,78.27,81695.101
2026-07-23T01:00:00+00:00,78.27,78.41,77.87,77.9,36815.184
2026-07-23T02:00:00+00:00,77.9,77.9,77.4,77.76,58028.588
2026-07-23T03:00:00+00:00,77.76,77.79,77.47,77.6,24067.664
2026-07-23T04:00:00+00:00,77.6,77.83,77.38,77.53,50125.411
2026-07-23T05:00:00+00:00,77.53,77.72,77.4,77.53,31751.764
2026-07-23T06:00:00+00:00,77.53,77.59,77.37,77.57,41875.877
2026-07-23T07:00:00+00:00,77.58,77.58,77.04,77.16,80186.86
2026-07-23T08:00:00+00:00,77.16,77.5,77.11,77.47,28996.01
2026-07-23T09:00:00+00:00,77.47,77.65,77.4,77.49,28715.223
2026-07-23T10:00:00+00:00,77.49,77.81,77.43,77.74,27480.233
2026-07-23T11:00:00+00:00,77.75,77.87,77.57,77.67,54206.688
2026-07-23T12:00:00+00:00,77.67,77.74,76.5,76.94,145824.703
2026-07-23T13:00:00+00:00,76.94,77.05,76.57,76.7,106880.049
2026-07-23T14:00:00+00:00,76.7,76.89,76.34,76.43,74047.135
2026-07-23T15:00:00+00:00,76.44,76.45,75.86,76.39,115003.15
2026-07-23T16:00:00+00:00,76.39,76.39,75.83,76.01,53233.212
2026-07-23T17:00:00+00:00,76.0,76.17,75.47,75.65,61167.227
2026-07-23T18:00:00+00:00,75.65,75.85,75.56,75.81,38326.211
2026-07-23T19:00:00+00:00,75.81,75.85,75.43,75.75,46737.961
2026-07-23T20:00:00+00:00,75.74,76.18,75.71,76.12,30168.216
2026-07-23T21:00:00+00:00,76.12,76.28,75.92,76.05,39843.919
2026-07-23T22:00:00+00:00,76.05,76.25,75.86,76.19,36336.122
2026-07-23T23:00:00+00:00,76.19,76.26,75.87,75.88,55139.418
2026-07-24T00:00:00+00:00,75.88,75.9,75.53,75.82,43222.255
2026-07-24T01:00:00+00:00,75.83,76.13,75.66,75.7,42561.101
2026-07-24T02:00:00+00:00,75.7,75.92,75.3,75.53,46804.634
2026-07-24T03:00:00+00:00,75.54,75.96,75.48,75.83,37385.314
2026-07-24T04:00:00+00:00,75.84,75.86,75.6,75.66,24433.568
2026-07-24T05:00:00+00:00,75.66,75.92,75.59,75.8,41435.771
2026-07-24T06:00:00+00:00,75.8,76.02,75.73,75.85,26210.683
2026-07-24T07:00:00+00:00,75.85,76.45,75.78,76.07,63913.676
2026-07-24T08:00:00+00:00,76.08,76.11,75.71,75.78,44069.018
2026-07-24T09:00:00+00:00,75.78,75.83,75.36,75.62,97113.034
2026-07-24T10:00:00+00:00,75.62,75.65,75.38,75.49,43053.332
2026-07-24T11:00:00+00:00,75.49,75.51,74.97,75.2,76788.061
2026-07-24T12:00:00+00:00,75.2,75.3,74.81,74.86,49301.956
2026-07-24T13:00:00+00:00,74.86,74.93,73.99,74.22,176220.183
2026-07-24T14:00:00+00:00,74.21,74.27,73.61,74.03,134189.482
2026-07-24T15:00:00+00:00,74.03,74.3,73.69,74.04,112269.242
2026-07-24T16:00:00+00:00,74.04,74.22,73.71,73.9,78505.929
2026-07-24T17:00:00+00:00,73.9,74.15,73.86,74.05,57279.451
2026-07-24T18:00:00+00:00,74.04,74.08,73.9,73.98,30109.605
2026-07-24T19:00:00+00:00,73.98,74.05,73.79,73.97,44077.873
2026-07-24T20:00:00+00:00,73.97,74.03,73.73,73.77,36326.304
2026-07-24T21:00:00+00:00,73.77,73.84,73.44,73.63,89226.307
2026-07-24T22:00:00+00:00,73.64,73.99,73.63,73.94,21729.795
2026-07-24T23:00:00+00:00,73.94,74.03,73.85,73.96,33861.691
2026-07-25T00:00:00+00:00,73.97,74.16,73.94,74.13,50874.471
2026-07-25T01:00:00+00:00,74.13,74.26,74.0,74.13,20670.283
2026-07-25T02:00:00+00:00,74.12,74.22,74.05,74.11,18917.726
2026-07-25T03:00:00+00:00,74.12,74.33,74.05,74.14,22548.57
2026-07-25T04:00:00+00:00,74.14,74.36,74.13,74.32,64546.747
2026-07-25T05:00:00+00:00,74.32,74.36,73.91,73.99,47724.0
2026-07-25T06:00:00+00:00,73.98,74.03,73.77,74.03,32739.26
2026-07-25T07:00:00+00:00,74.03,74.06,73.79,73.79,29525.989
2026-07-25T08:00:00+00:00,73.79,73.87,73.56,73.79,34273.621
2026-07-25T09:00:00+00:00,73.8,74.04,73.76,74.0,21826.798
2026-07-25T10:00:00+00:00,73.99,74.04,73.91,73.98,18611.844
2026-07-25T11:00:00+00:00,73.99,74.05,73.86,73.92,19510.079
2026-07-25T12:00:00+00:00,73.92,73.99,73.85,73.97,23754.794
2026-07-25T13:00:00+00:00,73.97,74.2,73.94,73.98,25480.938
2026-07-25T14:00:00+00:00,73.99,74.08,73.78,74.06,40279.112
2026-07-25T15:00:00+00:00,74.06,74.31,74.0,74.18,29684.268
2026-07-25T16:00:00+00:00,74.18,74.42,74.09,74.32,25950.996
2026-07-25T17:00:00+00:00,74.32,74.67,74.3,74.48,39255.664
2026-07-25T18:00:00+00:00,74.47,74.72,74.46,74.66,36606.311
2026-07-25T19:00:00+00:00,74.67,74.73,74.53,74.57,23220.245
2026-07-25T20:00:00+00:00,74.57,74.58,74.4,74.45,26574.783
2026-07-25T21:00:00+00:00,74.45,74.6,74.28,74.46,28244.199
2026-07-25T22:00:00+00:00,74.46,74.53,74.3,74.5,27449.99
2026-07-25T23:00:00+00:00,74.5,74.55,74.41,74.52,18545.061
2026-07-26T00:00:00+00:00,74.53,74.96,74.47,74.79,38912.307
2026-07-26T01:00:00+00:00,74.78,74.9,74.67,74.82,23314.0
2026-07-26T02:00:00+00:00,74.82,74.93,74.72,74.9,30022.764
2026-07-26T03:00:00+00:00,74.9,75.05,74.82,75.03,32424.976
2026-07-26T04:00:00+00:00,75.04,75.23,74.95,75.07,30512.275
2026-07-26T05:00:00+00:00,75.07,75.18,74.95,75.02,25894.442
2026-07-26T06:00:00+00:00,75.02,75.13,74.74,75.12,35996.482
2026-07-26T07:00:00+00:00,75.13,75.15,74.85,74.87,16199.981
2026-07-26T08:00:00+00:00,74.88,75.06,74.85,74.98,17864.618
2026-07-26T09:00:00+00:00,74.99,75.28,74.98,75.07,34008.996
2026-07-26T10:00:00+00:00,75.08,75.25,75.03,75.12,23667.698
2026-07-26T11:00:00+00:00,75.12,75.17,74.9,74.95,27133.686
2026-07-26T12:00:00+00:00,74.95,75.14,74.81,74.89,26167.51
2026-07-26T13:00:00+00:00,74.89,74.97,74.75,74.94,31669.564
2026-07-26T14:00:00+00:00,74.94,75.23,74.89,75.06,31518.986
2026-07-26T15:00:00+00:00,75.05,75.5,74.97,75.49,46310.762
2026-07-26T16:00:00+00:00,75.48,75.99,75.31,75.53,66132.354
2026-07-26T17:00:00+00:00,75.53,75.6,75.3,75.38,23907.644
2026-07-26T18:00:00+00:00,75.38,75.45,75.28,75.39,16053.608
2026-07-26T19:00:00+00:00,75.4,75.46,75.25,75.34,19920.972
2026-07-26T20:00:00+00:00,75.34,75.4,75.31,75.34,19239.109
2026-07-26T21:00:00+00:00,75.33,75.77,75.32,75.65,31601.585
2026-07-26T22:00:00+00:00,75.65,76.82,75.65,76.71,153652.009
2026-07-26T23:00:00+00:00,76.72,77.1,76.52,76.76,90287.045
2026-07-27T00:00:00+00:00,76.77,76.8,76.19,76.35,54768.359
2026-07-27T01:00:00+00:00,76.34,76.53,75.98,76.52,50926.377
2026-07-27T02:00:00+00:00,76.53,76.68,76.37,76.44,65492.485
2026-07-27T03:00:00+00:00,76.44,76.55,76.33,76.4,40759.324
2026-07-27T04:00:00+00:00,76.41,76.64,76.26,76.3,54875.624
2026-07-27T05:00:00+00:00,76.3,76.64,76.26,76.56,56446.079
2026-07-27T06:00:00+00:00,76.56,76.99,76.53,76.73,46646.165
2026-07-27T07:00:00+00:00,76.73,76.76,76.4,76.47,55900.837
2026-07-27T08:00:00+00:00,76.48,76.51,76.23,76.3,34790.124
2026-07-27T09:00:00+00:00,76.29,76.56,76.13,76.49,41205.921
2026-07-27T10:00:00+00:00,76.48,76.68,76.41,76.61,28409.919
2026-07-27T11:00:00+00:00,76.62,76.69,76.48,76.5,41141.612
2026-07-27T12:00:00+00:00,76.51,77.06,76.25,76.86,110176.296
2026-07-27T13:00:00+00:00,76.86,77.5,76.46,76.92,150638.318
2026-07-27T14:00:00+00:00,76.91,77.0,75.03,75.48,187765.093
2026-07-27T15:00:00+00:00,75.48,75.62,75.09,75.28,81593.192
2026-07-27T16:00:00+00:00,75.29,75.99,75.15,75.95,62460.751
2026-07-27T17:00:00+00:00,75.96,76.25,75.82,75.91,36076.441
2026-07-27T18:00:00+00:00,75.91,75.99,75.27,75.62,46253.313
2026-07-27T19:00:00+00:00,75.62,76.06,75.5,75.98,42249.341
2026-07-27T20:00:00+00:00,75.98,76.14,75.8,75.98,20571.159
2026-07-27T21:00:00+00:00,75.98,75.99,75.51,75.6,35178.038
2026-07-27T22:00:00+00:00,75.6,75.62,74.02,74.06,143003.219
2026-07-27T23:00:00+00:00,74.06,74.41,73.74,74.2,120945.944
2026-07-28T00:00:00+00:00,74.21,74.29,73.68,73.73,71875.758
2026-07-28T01:00:00+00:00,73.73,73.75,72.86,73.21,177511.821
2026-07-28T02:00:00+00:00,73.2,73.47,73.07,73.37,72823.678
2026-07-28T03:00:00+00:00,73.38,73.42,73.17,73.28,51756.54
2026-07-28T04:00:00+00:00,73.28,73.29,73.0,73.22,49496.144
2026-07-28T05:00:00+00:00,73.22,73.55,73.2,73.27,49679.361
2026-07-28T06:00:00+00:00,73.27,73.49,73.13,73.44,50948.134
2026-07-28T07:00:00+00:00,73.45,73.49,73.14,73.3,45893.663
2026-07-28T08:00:00+00:00,73.29,73.44,73.15,73.37,53519.855
2026-07-28T09:00:00+00:00,73.37,73.51,73.2,73.26,49240.829
2026-07-28T10:00:00+00:00,73.26,73.33,73.13,73.15,38564.22
2026-07-28T11:00:00+00:00,73.15,73.35,72.89,73.2,110894.352
2026-07-28T12:00:00+00:00,73.2,73.46,73.12,73.39,52809.056
2026-07-28T13:00:00+00:00,73.39,73.44,72.36,72.72,159602.308
2026-07-28T14:00:00+00:00,72.71,73.5,72.54,73.43,82942.382
2026-07-28T15:00:00+00:00,73.43,74.59,73.31,74.35,158600.614
2026-07-28T16:00:00+00:00,74.35,74.58,74.05,74.42,55788.792
2026-07-28T17:00:00+00:00,74.42,74.44,73.56,73.83,57376.526
2026-07-28T18:00:00+00:00,73.83,74.06,73.8,73.88,25472.135
2026-07-28T19:00:00+00:00,73.89,74.39,73.83,74.33,44770.633
2026-07-28T20:00:00+00:00,74.32,74.37,74.01,74.05,33335.25
2026-07-28T21:00:00+00:00,74.05,74.4,74.0,74.15,34007.061
2026-07-28T22:00:00+00:00,74.15,74.24,73.43,73.44,49610.913
2026-07-28T23:00:00+00:00,73.44,73.86,73.17,73.83,120705.423
2026-07-29T00:00:00+00:00,73.83,74.2,73.77,73.78,81989.119
2026-07-29T01:00:00+00:00,73.77,73.81,73.22,73.27,33387.326
2026-07-29T02:00:00+00:00,73.27,73.98,73.08,73.69,52566.213
2026-07-29T03:00:00+00:00,73.7,73.76,73.01,73.09,66739.442
2026-07-29T04:00:00+00:00,73.09,73.48,72.73,73.45,97299.098
2026-07-29T05:00:00+00:00,73.45,73.8,73.34,73.68,49226.883
2026-07-29T06:00:00+00:00,73.67,74.1,73.53,74.08,57200.988
2026-07-29T07:00:00+00:00,74.08,74.28,73.99,74.26,36403.037
2026-07-29T08:00:00+00:00,74.25,74.33,73.72,73.95,56724.895
2026-07-29T09:00:00+00:00,73.95,74.32,73.92,74.14,33088.257
2026-07-29T10:00:00+00:00,74.14,74.14,73.79,73.91,35638.691
2026-07-29T11:00:00+00:00,73.92,74.1,73.84,73.96,30283.335
2026-07-29T12:00:00+00:00,73.96,73.96,73.46,73.52,43719.784
2026-07-29T13:00:00+00:00,73.53,73.77,73.34,73.72,49707.534
2026-07-29T14:00:00+00:00,73.73,73.92,73.1,73.28,68632.341
2026-07-29T15:00:00+00:00,73.28,73.46,72.98,73.12,67070.293
2026-07-29T16:00:00+00:00,73.13,73.37,72.91,73.28,53762.107
2026-07-29T17:00:00+00:00,73.28,73.95,73.17,73.94,59545.938
2026-07-29T18:00:00+00:00,73.94,74.53,73.44,74.23,241665.955
2026-07-29T19:00:00+00:00,74.23,74.38,72.73,72.76,97147.11
2026-07-29T20:00:00+00:00,72.76,73.21,72.44,72.65,112012.195
2026-07-29T21:00:00+00:00,72.65,73.18,72.32,73.18,58959.582
2026-07-29T22:00:00+00:00,73.19,73.8,73.19,73.65,73478.181
2026-07-29T23:00:00+00:00,73.64,73.75,73.42,73.68,41405.571
2026-07-30T00:00:00+00:00,73.69,73.87,73.14,73.3,44772.111
2026-07-30T01:00:00+00:00,73.29,74.2,73.27,74.02,49686.138
2026-07-30T02:00:00+00:00,74.03,74.14,73.82,73.83,39815.696
2026-07-30T03:00:00+00:00,73.84,74.0,73.66,73.71,43543.107
2026-07-30T04:00:00+00:00,73.71,73.74,73.5,73.52,32109.184
2026-07-30T05:00:00+00:00,73.52,73.86,73.42,73.7,32861.934
2026-07-30T06:00:00+00:00,73.7,73.76,73.48,73.53,32408.279
2026-07-30T07:00:00+00:00,73.53,73.81,73.39,73.41,50601.426
2026-07-30T08:00:00+00:00,73.42,73.83,73.3,73.81,59937.199
2026-07-30T09:00:00+00:00,73.81,74.22,73.8,74.05,72266.96
2026-07-30T10:00:00+00:00,74.06,74.21,73.83,73.9,42130.759
2026-07-30T11:00:00+00:00,73.9,74.33,73.9,74.23,46070.409
2026-07-30T12:00:00+00:00,74.22,74.49,74.08,74.41,64699.066
2026-07-30T13:00:00+00:00,74.4,74.9,74.12,74.69,87770.992
2026-07-30T14:00:00+00:00,74.68,74.78,74.29,74.64,67698.726
2026-07-30T15:00:00+00:00,74.64,74.86,74.46,74.65,52816.094
2026-07-30T16:00:00+00:00,74.65,74.84,74.45,74.58,69138.779
2026-07-30T17:00:00+00:00,74.59,74.89,74.42,74.76,47305.217
2026-07-30T18:00:00+00:00,74.77,74.98,74.49,74.52,35899.156
2026-07-30T19:00:00+00:00,74.53,74.82,74.52,74.78,41825.39
2026-07-30T20:00:00+00:00,74.78,74.92,74.44,74.49,66662.899
2026-07-30T21:00:00+00:00,74.48,74.61,74.43,74.49,36240.546
2026-07-30T22:00:00+00:00,74.49,74.89,74.4,74.75,49811.388
2026-07-30T23:00:00+00:00,74.75,74.99,74.47,74.51,52791.996
2026-07-31T00:00:00+00:00,74.52,74.66,74.43,74.49,37646.967
2026-07-31T01:00:00+00:00,74.49,75.29,74.28,74.4,115936.686
2026-07-31T02:00:00+00:00,74.39,74.56,74.08,74.15,49190.357
2026-07-31T03:00:00+00:00,74.16,74.35,73.88,74.14,55166.677
2026-07-31T04:00:00+00:00,74.14,74.15,73.72,73.83,78751.997
2026-07-31T05:00:00+00:00,73.83,74.32,73.82,74.24,61919.087
2026-07-31T06:00:00+00:00,74.25,74.54,74.01,74.11,48082.626
2026-07-31T07:00:00+00:00,74.1,74.1,73.51,73.68,83285.545
2026-07-31T08:00:00+00:00,73.68,73.8,73.52,73.66,46409.87
2026-07-31T09:00:00+00:00,73.66,73.71,73.39,73.48,45192.463
2026-07-31T10:00:00+00:00,73.48,73.65,73.29,73.56,75398.103
2026-07-31T11:00:00+00:00,73.55,73.71,73.47,73.57,23747.606
2026-07-31T12:00:00+00:00,73.57,73.65,73.37,73.63,36926.617
2026-07-31T13:00:00+00:00,73.63,73.82,73.17,73.29,65441.37
2026-07-31T14:00:00+00:00,73.28,73.69,72.8,73.05,172784.639
2026-07-31T15:00:00+00:00,73.05,73.22,72.88,73.1,56660.999
2026-07-31T16:00:00+00:00,73.11,73.35,72.98,73.3,41562.259
2026-07-31T17:00:00+00:00,73.29,73.44,73.17,73.35,39080.469
2026-07-31T18:00:00+00:00,73.35,73.48,72.94,73.12,32090.435
2026-07-31T19:00:00+00:00,73.11,73.29,72.92,73.08,33006.058
2026-07-31T20:00:00+00:00,73.08,73.23,72.93,72.95,42253.117
2026-07-31T21:00:00+00:00,72.96,73.1,72.56,72.73,44612.308
2026-07-31T22:00:00+00:00,72.72,72.95,72.67,72.85,34931.125
2026-07-31T23:00:00+00:00,72.85,72.96,72.8,72.87,17920.671
2026-08-01T00:00:00+00:00,72.87,73.16,72.87,73.01,32431.495
2026-08-01T01:00:00+00:00,73.01,73.14,72.97,73.04,50096.636
2026-08-01T02:00:00+00:00,73.04,73.15,72.99,73.08,93988.636
2026-08-01T03:00:00+00:00,73.07,73.1,72.86,73.03,45651.759
2026-08-01T04:00:00+00:00,73.03,73.21,73.02,73.17,20501.076
2026-08-01T05:00:00+00:00,73.17,73.2,72.86,72.93,31897.88
2026-08-01T06:00:00+00:00,72.94,73.02,72.89,73.0,41221.949
2026-08-01T07:00:00+00:00,73.0,73.11,72.92,72.98,24051.575
2026-08-01T08:00:00+00:00,72.98,73.08,72.96,73.04,26761.404
2026-08-01T09:00:00+00:00,73.04,73.08,72.83,72.85,17379.545
2026-08-01T10:00:00+00:00,72.84,72.9,72.67,72.85,24184.639
2026-08-01T11:00:00+00:00,72.85,72.91,72.79,72.89,18787.563
2026-08-01T12:00:00+00:00,72.89,72.94,72.87,72.93,20656.088
2026-08-01T13:00:00+00:00,72.93,72.99,72.91,72.98,13672.275
2026-08-01T14:00:00+00:00,72.98,73.05,72.86,73.02,44789.894
2026-08-01T15:00:00+00:00,73.02,73.02,72.72,72.8,26711.683
2026-08-01T16:00:00+00:00,72.79,72.94,72.47,72.7,43522.094
2026-08-01T17:00:00+00:00,72.7,72.79,71.62,71.93,173803.926
2026-08-01T18:00:00+00:00,71.92,71.97,70.58,71.09,201067.329
2026-08-01T19:00:00+00:00,71.09,71.36,71.05,71.27,32296.921
2026-08-01T20:00:00+00:00,71.26,71.56,71.19,71.56,41563.067
2026-08-01T21:00:00+00:00,71.56,71.86,71.55,71.86,38175.888
2026-08-01T22:00:00+00:00,71.86,72.03,71.86,71.92,23372.055
2026-08-01T23:00:00+00:00,71.91,72.09,71.82,71.95,24933.718
2026-08-02T00:00:00+00:00,71.95,72.15,71.93,72.12,22226.006
2026-08-02T01:00:00+00:00,72.11,72.75,72.11,72.66,44865.514
2026-08-02T02:00:00+00:00,72.65,73.4,72.58,73.15,96117.671
2026-08-02T03:00:00+00:00,73.15,73.24,73.08,73.2,27486.326
2026-08-02T04:00:00+00:00,73.2,73.54,73.2,73.53,52259.254
2026-08-02T05:00:00+00:00,73.54,73.66,73.46,73.59,58138.644
2026-08-02T06:00:00+00:00,73.59,73.65,73.43,73.45,27917.751
2026-08-02T07:00:00+00:00,73.46,73.51,73.4,73.46,32604.975
2026-08-02T08:00:00+00:00,73.46,73.53,73.16,73.17,47461.924
2026-08-02T09:00:00+00:00,73.18,73.42,73.0,73.38,36581.761
2026-08-02T10:00:00+00:00,73.38,73.39,73.15,73.26,22495.421
2026-08-02T11:00:00+00:00,73.27,73.31,72.94,72.99,23444.746
2026-08-02T12:00:00+00:00,72.99,73.23,72.9,72.9,28860.342
2026-08-02T13:00:00+00:00,72.9,73.01,72.69,72.97,29640.535
2026-08-02T14:00:00+00:00,72.96,73.23,72.93,73.09,25709.066
2026-08-02T15:00:00+00:00,73.09,73.2,73.01,73.03,18788.922
2026-08-02T16:00:00+00:00,73.03,73.3,72.92,73.14,29340.51
2026-08-02T17:00:00+00:00,73.14,73.4,73.09,73.31,16561.915
2026-08-02T18:00:00+00:00,73.31,73.84,73.24,73.57,37752.066
2026-08-02T19:00:00+00:00,73.56,73.79,73.53,73.72,21719.864
2026-08-02T20:00:00+00:00,73.72,73.74,73.56,73.69,22275.697
2026-08-02T21:00:00+00:00,73.69,74.33,73.67,74.0,53455.306
2026-08-02T22:00:00+00:00,74.0,74.21,73.64,73.64,41865.31
2026-08-02T23:00:00+00:00,73.64,73.66,73.46,73.63,27777.412
2026-08-03T00:00:00+00:00,73.64,73.67,73.18,73.22,29059.029
2026-08-03T01:00:00+00:00,73.22,73.26,72.94,73.01,29741.446
2026-08-03T02:00:00+00:00,73.01,73.16,72.91,73.04,29215.427
2026-08-03T03:00:00+00:00,73.03,73.12,72.69,72.9,26814.992
2026-08-03T04:00:00+00:00,72.9,73.08,72.84,72.85,27829.066
2026-08-03T05:00:00+00:00,72.85,73.05,72.82,72.92,24138.617
2026-08-03T06:00:00+00:00,72.92,72.98,72.51,72.59,78632.482
2026-08-03T07:00:00+00:00,72.6,72.69,72.43,72.52,40814.094
2026-08-03T08:00:00+00:00,72.52,72.57,71.98,72.37,64432.827
2026-08-03T09:00:00+00:00,72.37,72.8,72.33,72.74,33862.254
2026-08-03T10:00:00+00:00,72.75,72.81,72.52,72.62,62045.419
2026-08-03T11:00:00+00:00,72.61,72.65,72.39,72.45,27820.213
2026-08-03T12:00:00+00:00,72.45,72.56,72.34,72.43,36600.065
2026-08-03T13:00:00+00:00,72.43,73.28,72.32,73.26,72780.949
2026-08-03T14:00:00+00:00,73.26,73.81,73.02,73.79,168686.84
2026-08-03T15:00:00+00:00,73.79,73.83,73.45,73.62,88908.764
2026-08-03T16:00:00+00:00,73.62,73.82,73.23,73.42,58954.92
2026-08-03T17:00:00+00:00,73.42,73.86,73.31,73.69,43598.644
2026-08-03T18:00:00+00:00,73.7,74.28,73.69,73.98,82772.567
2026-08-03T19:00:00+00:00,73.98,74.19,73.96,74.02,58522.907
2026-08-03T20:00:00+00:00,74.03,74.14,73.77,73.86,37439.459
2026-08-03T21:00:00+00:00,73.85,73.88,73.66,73.71,35994.757
2026-08-03T22:00:00+00:00,73.71,73.73,73.37,73.54,44214.44
2026-08-03T23:00:00+00:00,73.54,73.56,73.39,73.56,24962.151
2026-08-04T00:00:00+00:00,73.56,73.63,73.04,73.08,52603.772
2026-08-04T01:00:00+00:00,73.08,73.78,73.05,73.77,36975.059
2026-08-04T02:00:00+00:00,73.77,74.13,73.68,73.87,64695.511
2026-08-04T03:00:00+00:00,73.88,73.91,73.47,73.7,30292.343
2026-08-04T04:00:00+00:00,73.7,74.1,73.59,73.82,44298.363
2026-08-04T05:00:00+00:00,73.83,73.88,73.69,73.74,19308.195
2026-08-04T06:00:00+00:00,73.74,73.91,73.41,73.42,34803.934
2026-08-04T07:00:00+00:00,73.42,73.74,73.2,73.68,74052.108
2026-08-04T08:00:00+00:00,73.68,73.76,73.29,73.36,43754.508
2026-08-04T09:00:00+00:00,73.35,73.35,73.16,73.29,53966.144
2026-08-04T10:00:00+00:00,73.29,73.7,73.1,73.61,52859.936
2026-08-04T11:00:00+00:00,73.6,73.98,73.55,73.95,74310.711
2026-08-04T12:00:00+00:00,73.95,74.09,73.76,73.82,50577.572
2026-08-04T13:00:00+00:00,73.81,74.05,73.59,73.63,57025.693
2026-08-04T14:00:00+00:00,73.64,73.93,73.33,73.82,59659.758
2026-08-04T15:00:00+00:00,73.83,74.2,73.41,73.99,59295.741
2026-08-04T16:00:00+00:00,73.99,74.01,73.61,73.72,52496.518
2026-08-04T17:00:00+00:00,73.73,74.24,73.72,73.78,53162.812
2026-08-04T18:00:00+00:00,73.77,74.39,73.77,74.15,50354.168
2026-08-04T19:00:00+00:00,74.16,74.39,74.12,74.19,47449.273
2026-08-04T20:00:00+00:00,74.19,74.45,73.88,74.27,72977.101
2026-08-04T21:00:00+00:00,74.27,74.28,74.01,74.13,38628.922
2026-08-04T22:00:00+00:00,74.14,74.23,73.98,74.11,24858.636
2026-08-04T23:00:00+00:00,74.1,74.3,73.74,73.75,50162.165
2026-08-05T00:00:00+00:00,73.76,73.81,73.46,73.5,61529.079
2026-08-05T01:00:00+00:00,73.5,74.11,73.39,74.11,54078.431
2026-08-05T02:00:00+00:00,74.12,74.49,74.08,74.22,105455.109
2026-08-05T03:00:00+00:00,74.21,74.31,73.71,73.78,51310.237
2026-08-05T04:00:00+00:00,73.79,73.85,73.62,73.79,57068.676
2026-08-05T05:00:00+00:00,73.79,74.3,73.74,74.15,111187.091
2026-08-05T06:00:00+00:00,74.14,74.25,73.99,74.01,29908.86
2026-08-05T07:00:00+00:00,74.02,74.05,73.68,73.98,60746.897
2026-08-05T08:00:00+00:00,73.98,74.16,73.95,74.08,43262.342
2026-08-05T09:00:00+00:00,74.08,74.22,74.01,74.01,31656.663
2026-08-05T10:00:00+00:00,74.01,74.12,73.8,73.84,53998.601
2026-08-05T11:00:00+00:00,73.85,74.0,73.73,73.77,49397.051
2026-08-05T12:00:00+00:00,73.77,74.38,73.72,74.08,89005.832
2026-08-05T13:00:00+00:00,74.08,74.11,73.27,73.96,126949.101
2026-08-05T14:00:00+00:00,73.96,74.15,73.62,73.96,83853.982
2026-08-05T15:00:00+00:00,73.96,74.31,73.85,73.96,126613.533
2026-08-05T16:00:00+00:00,73.96,74.45,73.94,74.29,75945.2
2026-08-05T17:00:00+00:00,74.29,74.66,74.13,74.55,58481.286
2026-08-05T18:00:00+00:00,74.56,74.83,74.44,74.54,70705.565
2026-08-05T19:00:00+00:00,74.53,74.63,74.42,74.46,35422.212
2026-08-05T20:00:00+00:00,74.47,74.59,74.31,74.38,46577.822
2026-08-05T21:00:00+00:00,74.37,74.39,74.08,74.12,53908.013
2026-08-05T22:00:00+00:00,74.13,74.2,74.0,74.01,29938.937
2026-08-05T23:00:00+00:00,74.01,74.11,73.85,74.04,42828.117
2026-08-06T00:00:00+00:00,74.04,74.26,74.04,74.07,24788.504
2026-08-06T01:00:00+00:00,74.07,74.12,73.73,73.75,63183.636
2026-08-06T02:00:00+00:00,73.74,73.78,73.38,73.55,92409.452
2026-08-06T03:00:00+00:00,73.54,73.59,73.44,73.5,34056.305
2026-08-06T04:00:00+00:00,73.49,73.87,73.4,73.86,30567.377
2026-08-06T05:00:00+00:00,73.87,74.35,73.86,74.25,98449.813
2026-08-06T06:00:00+00:00,74.25,74.27,73.96,74.06,36797.532
2026-08-06T07:00:00+00:00,74.06,74.13,73.87,73.87,60233.659
2026-08-06T08:00:00+00:00,73.87,74.12,73.7,73.99,74888.431
2026-08-06T09:00:00+00:00,74.0,74.01,73.2,73.3,110506.933
2026-08-06T10:00:00+00:00,73.29,73.45,73.17,73.32,47733.118
2026-08-06T11:00:00+00:00,73.32,73.58,73.18,73.46,35979.895
2026-08-06T12:00:00+00:00,73.46,73.48,73.14,73.16,25020.388
2026-08-06T13:00:00+00:00,73.15,73.33,72.85,73.26,92882.875
2026-08-06T14:00:00+00:00,73.26,73.59,73.11,73.47,61748.014
2026-08-06T15:00:00+00:00,73.47,73.63,73.3,73.3,60188.917
2026-08-06T16:00:00+00:00,73.31,73.49,73.1,73.45,41287.447
2026-08-06T17:00:00+00:00,73.44,73.55,73.07,73.2,26072.529
2026-08-06T18:00:00+00:00,73.19,73.22,72.71,72.83,45578.131
2026-08-06T19:00:00+00:00,72.83,72.95,72.55,72.8,38343.08
2026-08-06T20:00:00+00:00,72.81,73.0,72.8,72.86,24899.221
2026-08-06T21:00:00+00:00,72.85,72.99,72.8,72.86,41377.312
2026-08-06T22:00:00+00:00,72.86,72.87,72.65,72.69,41966.531
2026-08-06T23:00:00+00:00,72.68,72.73,72.34,72.7,67245.823
2026-08-07T00:00:00+00:00,72.7,72.81,72.56,72.65,42530.243
2026-08-07T01:00:00+00:00,72.65,72.87,72.58,72.74,39195.724
2026-08-07T02:00:00+00:00,72.74,72.93,72.49,72.71,57963.94
2026-08-07T03:00:00+00:00,72.71,72.76,72.54,72.62,26042.682
2026-08-07T04:00:00+00:00,72.63,72.8,72.51,72.67,20139.329
2026-08-07T05:00:00+00:00,72.67,72.95,72.43,72.88,44435.243
2026-08-07T06:00:00+00:00,72.87,73.07,72.81,72.83,51505.635
2026-08-07T07:00:00+00:00,72.84,73.03,72.75,72.93,39570.282
2026-08-07T08:00:00+00:00,72.92,73.33,72.91,73.2,44086.536
2026-08-07T09:00:00+00:00,73.19,73.73,73.19,73.63,131093.323
2026-08-07T10:00:00+00:00,73.62,73.77,73.49,73.53,71723.79
2026-08-07T11:00:00+00:00,73.52,73.78,73.52,73.62,52339.54
2026-08-07T12:00:00+00:00,73.63,74.31,73.62,73.9,176077.514
2026-08-07T13:00:00+00:00,73.9,74.35,73.79,74.13,122156.986
2026-08-07T14:00:00+00:00,74.13,74.24,73.58,73.72,111372.381
2026-08-07T15:00:00+00:00,73.72,73.97,73.69,73.88,61325.444
2026-08-07T16:00:00+00:00,73.89,74.13,73.57,73.57,53237.665
2026-08-07T17:00:00+00:00,73.57,73.58,73.17,73.43,129323.863
2026-08-07T18:00:00+00:00,73.43,73.58,73.25,73.41,47516.152
2026-08-07T19:00:00+00:00,73.41,74.03,73.4,74.02,72192.151
2026-08-07T20:00:00+00:00,74.02,74.1,73.8,73.84,62414.377
2026-08-07T21:00:00+00:00,73.84,73.89,73.6,73.65,34397.918
2026-08-07T22:00:00+00:00,73.65,73.72,73.58,73.65,47688.802
2026-08-07T23:00:00+00:00,73.65,73.78,73.62,73.66,14347.367
2026-08-08T00:00:00+00:00,73.67,73.74,73.57,73.71,22489.515
2026-08-08T01:00:00+00:00,73.7,73.96,73.68,73.88,32659.928
2026-08-08T02:00:00+00:00,73.89,73.97,73.86,73.86,36918.066
2026-08-08T03:00:00+00:00,73.87,74.99,73.86,74.83,141741.181
2026-08-08T04:00:00+00:00,74.84,75.14,74.58,74.64,108607.9
2026-08-08T05:00:00+00:00,74.64,74.75,74.49,74.66,38219.833
2026-08-08T06:00:00+00:00,74.66,74.82,74.57,74.7,28467.014
2026-08-08T07:00:00+00:00,74.71,74.84,74.65,74.82,30945.59
2026-08-08T08:00:00+00:00,74.83,74.93,74.7,74.8,30398.154
2026-08-08T09:00:00+00:00,74.81,75.04,74.8,74.87,33722.149
2026-08-08T10:00:00+00:00,74.87,75.17,74.87,75.06,34782.569
2026-08-08T11:00:00+00:00,75.07,75.71,75.05,75.6,119089.488
2026-08-08T12:00:00+00:00,75.61,75.69,75.35,75.43,86502.532
2026-08-08T13:00:00+00:00,75.42,75.55,75.41,75.52,44654.679
2026-08-08T14:00:00+00:00,75.52,76.62,75.52,76.48,172240.22
2026-08-08T15:00:00+00:00,76.49,76.81,76.25,76.4,128746.528
2026-08-08T16:00:00+00:00,76.4,76.5,76.16,76.38,62744.44
2026-08-08T17:00:00+00:00,76.38,76.5,76.27,76.39,34300.881
2026-08-08T18:00:00+00:00,76.38,76.38,76.07,76.14,37718.363
2026-08-08T19:00:00+00:00,76.14,76.27,75.97,76.16,38147.911
2026-08-08T20:00:00+00:00,76.15,76.28,76.14,76.25,27645.289
2026-08-08T21:00:00+00:00,76.25,76.36,76.14,76.2,24076.214
2026-08-08T22:00:00+00:00,76.21,76.29,75.86,75.91,31950.179
2026-08-08T23:00:00+00:00,75.91,76.1,75.78,76.01,36643.864
2026-08-09T00:00:00+00:00,76.02,76.05,75.86,76.02,23617.317
2026-08-09T01:00:00+00:00,76.02,76.1,75.73,75.87,25195.97
2026-08-09T02:00:00+00:00,75.88,76.0,75.8,75.86,22083.416
2026-08-09T03:00:00+00:00,75.86,76.05,75.76,75.99,25404.227
2026-08-09T04:00:00+00:00,75.98,76.13,75.95,75.98,14839.504
2026-08-09T05:00:00+00:00,75.98,76.03,75.88,76.01,18606.915
2026-08-09T06:00:00+00:00,76.0,76.5,75.95,76.41,51322.653
2026-08-09T07:00:00+00:00,76.42,76.48,76.23,76.36,36472.522
2026-08-09T08:00:00+00:00,76.36,76.58,76.1,76.32,47964.933
2026-08-09T09:00:00+00:00,76.32,76.52,76.25,76.44,37837.166
2026-08-09T10:00:00+00:00,76.44,76.65,76.37,76.37,30659.293
2026-08-09T11:00:00+00:00,76.38,76.53,76.32,76.5,29402.309
2026-08-09T12:00:00+00:00,76.5,76.6,76.3,76.37,34091.745
2026-08-09T13:00:00+00:00,76.36,76.88,76.34,76.57,52122.618
2026-08-09T14:00:00+00:00,76.58,77.08,76.57,77.02,56998.87
2026-08-09T15:00:00+00:00,77.01,77.47,76.84,77.43,128466.749
2026-08-09T16:00:00+00:00,77.42,77.57,77.09,77.33,85978.575
2026-08-09T17:00:00+00:00,77.32,77.34,77.13,77.18,32380.674
2026-08-09T18:00:00+00:00,77.17,77.25,77.07,77.21,19608.807
2026-08-09T19:00:00+00:00,77.21,77.36,77.14,77.23,25431.822
2026-08-09T20:00:00+00:00,77.22,77.28,77.06,77.27,26404.313
2026-08-09T21:00:00+00:00,77.26,77.51,77.15,77.36,22689.728
2026-08-09T22:00:00+00:00,77.36,77.84,76.66,76.82,67375.973
2026-08-09T23:00:00+00:00,76.81,76.91,76.21,76.27,65811.575
2026-08-10T00:00:00+00:00,76.26,77.02,76.21,76.54,62300.579
2026-08-10T01:00:00+00:00,76.55,77.17,76.4,76.9,41871.019
2026-08-10T02:00:00+00:00,76.91,76.94,76.44,76.82,28869.015
2026-08-10T03:00:00+00:00,76.82,76.93,76.38,76.64,48104.247
2026-08-10T04:00:00+00:00,76.64,76.75,76.43,76.56,34828.565
2026-08-10T05:00:00+00:00,76.56,76.97,76.55,76.89,28196.777
2026-08-10T06:00:00+00:00,76.89,77.08,76.82,76.98,29294.339
2026-08-10T07:00:00+00:00,76.99,77.11,76.83,76.98,29089.868
2026-08-10T08:00:00+00:00,76.99,77.16,76.68,76.96,55171.67
2026-08-10T09:00:00+00:00,76.96,77.03,76.56,76.57,53522.325
2026-08-10T10:00:00+00:00,76.57,76.89,76.53,76.83,69928.229
2026-08-10T11:00:00+00:00,76.82,77.05,76.67,77.05,34538.783
2026-08-10T12:00:00+00:00,77.05,77.13,76.6,76.64,58238.848
2026-08-10T13:00:00+00:00,76.64,76.77,76.14,76.31,117731.839
2026-08-10T14:00:00+00:00,76.31,76.69,76.24,76.26,72440.225
2026-08-10T15:00:00+00:00,76.26,76.42,75.83,75.96,135319.459
2026-08-10T16:00:00+00:00,75.96,76.11,75.58,75.7,125240.177
2026-08-10T17:00:00+00:00,75.71,76.11,75.61,75.97,50633.714
2026-08-10T18:00:00+00:00,75.97,76.07,75.7,75.82,40342.378
2026-08-10T19:00:00+00:00,75.83,76.28,75.8,76.19,26218.49
2026-08-10T20:00:00+00:00,76.19,76.49,76.17,76.43,35189.799
2026-08-10T21:00:00+00:00,76.43,76.49,76.29,76.3,36110.532
2026-08-10T22:00:00+00:00,76.3,76.38,76.04,76.21,37264.708
2026-08-10T23:00:00+00:00,76.21,76.22,75.98,75.99,27792.77
2026-08-11T00:00:00+00:00,76.0,76.04,75.76,75.9,31762.671
2026-08-11T01:00:00+00:00,75.9,76.1,75.71,76.09,28544.754
2026-08-11T02:00:00+00:00,76.09,76.15,75.99,76.05,22096.143
2026-08-11T03:00:00+00:00,76.04,76.25,76.04,76.08,26406.521
2026-08-11T04:00:00+00:00,76.08,76.23,76.07,76.08,21792.759
2026-08-11T05:00:00+00:00,76.08,76.09,75.79,75.81,46523.129
2026-08-11T06:00:00+00:00,75.81,76.06,75.65,75.82,54417.484
2026-08-11T07:00:00+00:00,75.82,75.87,75.42,75.69,57740.418
2026-08-11T08:00:00+00:00,75.7,75.99,75.63,75.94,50933.192
2026-08-11T09:00:00+00:00,75.95,75.95,75.68,75.9,71384.725
2026-08-11T10:00:00+00:00,75.89,76.07,75.77,75.96,52183.506
2026-08-11T11:00:00+00:00,75.95,76.37,75.95,76.24,77311.8
2026-08-11T12:00:00+00:00,76.24,76.26,75.8,75.87,57206.859
2026-08-11T13:00:00+00:00,75.87,76.11,75.72,76.02,83211.817
2026-08-11T14:00:00+00:00,76.01,76.16,75.08,75.21,101687.341
2026-08-11T15:00:00+00:00,75.2,75.42,74.63,74.93,118672.444
2026-08-11T16:00:00+00:00,74.93,75.08,74.79,74.93,42400.621
2026-08-11T17:00:00+00:00,74.94,75.22,74.92,75.18,39180.251
2026-08-11T18:00:00+00:00,75.17,75.35,75.08,75.27,44777.481
2026-08-11T19:00:00+00:00,75.28,75.71,75.06,75.67,41295.998
2026-08-11T20:00:00+00:00,75.67,76.26,75.66,76.05,90230.814
2026-08-11T21:00:00+00:00,76.05,76.45,76.01,76.45,55615.124
2026-08-11T22:00:00+00:00,76.45,76.67,76.25,76.42,67498.45
2026-08-11T23:00:00+00:00,76.42,76.42,76.2,76.3,32920.38
2026-08-12T00:00:00+00:00,76.3,76.38,76.24,76.37,24911.292
2026-08-12T01:00:00+00:00,76.37,76.6,76.31,76.44,35529.683
2026-08-12T02:00:00+00:00,76.44,76.6,76.42,76.43,29202.963
2026-08-12T03:00:00+00:00,76.43,76.53,76.26,76.42,26244.293
2026-08-12T04:00:00+00:00,76.42,76.58,76.28,76.3,26736.375
2026-08-12T05:00:00+00:00,76.3,76.38,76.19,76.33,25672.34
2026-08-12T06:00:00+00:00,76.33,76.37,75.98,76.05,38068.012
2026-08-12T07:00:00+00:00,76.05,76.27,75.94,76.27,36271.82
2026-08-12T08:00:00+00:00,76.26,76.46,76.16,76.19,48863.78
2026-08-12T09:00:00+00:00,76.18,76.9,76.14,76.75,87197.85
2026-08-12T10:00:00+00:00,76.75,76.89,76.69,76.78,61067.673
2026-08-12T11:00:00+00:00,76.78,76.88,76.7,76.84,39138.04
2026-08-12T12:00:00+00:00,76.83,77.33,76.38,76.65,157212.575
2026-08-12T13:00:00+00:00,76.66,76.68,76.05,76.23,94944.73
2026-08-12T14:00:00+00:00,76.23,76.26,75.42,75.48,137689.685
2026-08-12T15:00:00+00:00,75.47,75.88,75.38,75.75,59434.104
2026-08-12T16:00:00+00:00,75.75,75.85,75.57,75.7,33053.708
2026-08-12T17:00:00+00:00,75.69,76.07,75.67,75.91,35526.731
2026-08-12T18:00:00+00:00,75.91,76.1,75.85,75.89,21721.036
2026-08-12T19:00:00+00:00,75.89,76.01,75.6,75.77,23889.948
2026-08-12T20:00:00+00:00,75.76,76.02,75.75,75.93,19542.22
2026-08-12T21:00:00+00:00,75.94,76.02,75.44,75.5,35260.634
2026-08-12T22:00:00+00:00,75.49,75.67,75.35,75.53,32707.088
2026-08-12T23:00:00+00:00,75.53,75.66,75.4,75.63,24262.634
2026-08-13T00:00:00+00:00,75.64,75.89,75.56,75.63,27404.264
2026-08-13T01:00:00+00:00,75.62,75.81,75.48,75.65,23198.791
2026-08-13T02:00:00+00:00,75.64,75.99,75.53,75.98,32337.532
2026-08-13T03:00:00+00:00,75.99,76.33,75.97,76.26,84780.979
2026-08-13T04:00:00+00:00,76.26,76.29,76.03,76.13,30942.643
2026-08-13T05:00:00+00:00,76.14,76.62,76.09,76.52,38273.056
2026-08-13T06:00:00+00:00,76.52,76.55,76.32,76.53,39915.209
2026-08-13T07:00:00+00:00,76.53,76.54,76.4,76.44,28139.015
2026-08-13T08:00:00+00:00,76.44,76.49,76.17,76.21,27688.132
2026-08-13T09:00:00+00:00,76.2,76.22,75.9,76.16,53218.489
2026-08-13T10:00:00+00:00,76.16,76.18,75.7,75.75,59752.117
2026-08-13T11:00:00+00:00,75.76,75.76,75.56,75.67,38922.89
2026-08-13T12:00:00+00:00,75.66,76.15,75.65,76.14,33765.08
2026-08-13T13:00:00+00:00,76.13,76.37,76.06,76.2,70317.313
2026-08-13T14:00:00+00:00,76.2,76.59,76.14,76.46,58653.509
2026-08-13T15:00:00+00:00,76.46,76.55,75.63,75.64,62963.654
2026-08-13T16:00:00+00:00,75.64,75.87,75.1,75.61,147622.9
2026-08-13T17:00:00+00:00,75.61,75.94,75.56,75.78,30652.485
2026-08-13T18:00:00+00:00,75.77,76.1,75.68,76.01,24137.96
2026-08-13T19:00:00+00:00,76.01,76.28,75.98,76.2,42760.841
2026-08-13T20:00:00+00:00,76.2,76.34,76.14,76.22,48254.328
2026-08-13T21:00:00+00:00,76.23,76.31,76.12,76.21,24805.212
2026-08-13T22:00:00+00:00,76.21,76.45,76.2,76.25,45513.351
2026-08-13T23:00:00+00:00,76.25,76.3,76.15,76.28,19488.807
2026-08-14T00:00:00+00:00,76.28,76.33,75.99,76.08,39546.485
2026-08-14T01:00:00+00:00,76.07,76.18,75.91,76.08,41828.826
2026-08-14T02:00:00+00:00,76.09,76.2,75.98,76.03,23612.907
2026-08-14T03:00:00+00:00,76.02,76.07,75.75,75.76,31920.64
2026-08-14T04:00:00+00:00,75.76,76.04,75.75,75.85,33259.548
2026-08-14T05:00:00+00:00,75.85,76.0,75.81,75.93,19678.511
2026-08-14T06:00:00+00:00,75.92,75.93,75.52,75.54,50473.293
2026-08-14T07:00:00+00:00,75.55,75.74,75.5,75.59,38230.989
2026-08-14T08:00:00+00:00,75.6,75.88,75.57,75.87,40279.125
2026-08-14T09:00:00+00:00,75.87,75.87,75.42,75.49,38555.941
2026-08-14T10:00:00+00:00,75.49,75.65,75.36,75.41,46288.248
2026-08-14T11:00:00+00:00,75.41,75.61,75.4,75.54,36686.055
2026-08-14T12:00:00+00:00,75.54,75.61,75.35,75.47,33452.487
2026-08-14T13:00:00+00:00,75.47,75.49,75.24,75.37,70876.517
2026-08-14T14:00:00+00:00,75.37,75.42,75.06,75.28,59283.303
2026-08-14T15:00:00+00:00,75.28,75.78,75.21,75.65,58791.996
2026-08-14T16:00:00+00:00,75.65,75.71,75.45,75.47,39082.405
2026-08-14T17:00:00+00:00,75.48,75.68,75.16,75.3,53320.339
2026-08-14T18:00:00+00:00,75.3,75.31,74.95,74.97,76786.828
2026-08-14T19:00:00+00:00,74.97,75.11,74.69,75.02,97202.039
2026-08-14T20:00:00+00:00,75.02,75.25,74.98,75.15,34693.792
2026-08-14T21:00:00+00:00,75.16,75.24,75.1,75.19,39275.472
2026-08-14T22:00:00+00:00,75.2,75.29,74.97,75.2,31018.351
2026-08-14T23:00:00+00:00,75.19,75.41,75.16,75.4,29720.809
2026-08-15T00:00:00+00:00,75.4,75.43,75.33,75.36,23069.183
2026-08-15T01:00:00+00:00,75.36,75.48,75.29,75.42,20679.289
2026-08-15T02:00:00+00:00,75.42,75.68,75.39,75.65,39330.014
2026-08-15T03:00:00+00:00,75.66,75.71,75.41,75.42,22171.528
2026-08-15T04:00:00+00:00,75.41,75.6,75.17,75.53,46285.436
2026-08-15T05:00:00+00:00,75.54,75.6,75.31,75.36,35945.424
2026-08-15T06:00:00+00:00,75.35,75.5,75.28,75.44,21225.671
2026-08-15T07:00:00+00:00,75.44,75.44,75.21,75.24,18457.12
2026-08-15T08:00:00+00:00,75.23,75.31,75.08,75.09,20788.908
2026-08-15T09:00:00+00:00,75.09,75.26,75.05,75.23,19618.286
2026-08-15T10:00:00+00:00,75.24,75.36,75.21,75.3,15711.999
2026-08-15T11:00:00+00:00,75.29,75.31,75.22,75.26,11958.576
2026-08-15T12:00:00+00:00,75.25,75.43,75.21,75.43,14771.578
2026-08-15T13:00:00+00:00,75.42,75.58,75.4,75.57,38795.996
2026-08-15T14:00:00+00:00,75.58,75.59,75.46,75.46,66008.453
2026-08-15T15:00:00+00:00,75.46,75.56,75.38,75.53,24231.394
2026-08-15T16:00:00+00:00,75.52,75.54,75.41,75.5,17652.322
2026-08-15T17:00:00+00:00,75.49,75.69,75.49,75.68,29643.242
2026-08-15T18:00:00+00:00,75.68,75.69,75.51,75.56,20059.648
2026-08-15T19:00:00+00:00,75.56,75.58,75.52,75.57,10637.09
2026-08-15T20:00:00+00:00,75.57,75.59,75.42,75.54,25359.089
2026-08-15T21:00:00+00:00,75.54,75.74,75.53,75.64,14886.059
2026-08-15T22:00:00+00:00,75.64,75.7,75.56,75.59,20611.084
2026-08-15T23:00:00+00:00,75.59,75.59,75.31,75.35,24216.433
2026-08-16T00:00:00+00:00,75.35,75.5,75.27,75.48,15960.117
2026-08-16T01:00:00+00:00,75.47,75.49,75.3,75.43,24138.656
2026-08-16T02:00:00+00:00,75.43,75.66,75.27,75.57,22315.833
2026-08-16T03:00:00+00:00,75.57,75.66,75.57,75.58,26311.018
2026-08-16T04:00:00+00:00,75.59,75.62,75.43,75.45,13202.02
2026-08-16T05:00:00+00:00,75.45,75.52,75.34,75.36,19937.589
2026-08-16T06:00:00+00:00,75.36,75.53,75.28,75.38,19879.252
2026-08-16T07:00:00+00:00,75.38,75.48,75.35,75.47,9201.99
2026-08-16T08:00:00+00:00,75.47,75.49,75.4,75.47,9874.605
2026-08-16T09:00:00+00:00,75.48,75.48,75.26,75.32,24163.157
2026-08-16T10:00:00+00:00,75.32,75.33,75.17,75.27,23925.54
2026-08-16T11:00:00+00:00,75.27,75.32,75.23,75.29,19957.619
2026-08-16T12:00:00+00:00,75.29,75.3,75.2,75.22,16268.488
2026-08-16T13:00:00+00:00,75.23,75.42,75.22,75.31,14314.506
2026-08-16T14:00:00+00:00,75.31,75.42,75.25,75.4,16718.256
2026-08-16T15:00:00+00:00,75.4,75.64,75.39,75.58,32612.215
2026-08-16T16:00:00+00:00,75.57,75.71,75.5,75.56,84852.608
2026-08-16T17:00:00+00:00,75.56,75.6,75.27,75.28,36546.363
2026-08-16T18:00:00+00:00,75.27,75.28,75.03,75.19,45819.949
2026-08-16T19:00:00+00:00,75.19,75.37,75.18,75.23,17532.495
2026-08-16T20:00:00+00:00,75.22,75.33,74.97,75.04,29204.849
2026-08-16T21:00:00+00:00,75.03,75.09,74.1,74.34,89658.054
2026-08-16T22:00:00+00:00,74.34,74.53,74.18,74.52,47462.073
2026-08-16T23:00:00+00:00,74.52,74.66,74.46,74.61,21556.973
2026-08-17T00:00:00+00:00,74.62,74.75,74.43,74.62,41586.761
2026-08-17T01:00:00+00:00,74.62,75.35,74.58,75.1,64090.088
2026-08-17T02:00:00+00:00,75.1,75.6,75.05,75.48,53811.967
2026-08-17T03:00:00+00:00,75.49,75.59,75.46,75.51,61348.725
2026-08-17T04:00:00+00:00,75.52,75.64,75.5,75.56,31884.391
2026-08-17T05:00:00+00:00,75.57,75.63,75.39,75.4,22134.767
2026-08-17T06:00:00+00:00,75.4,76.0,75.36,75.84,68202.4
2026-08-17T07:00:00+00:00,75.85,75.96,75.74,75.79,51212.14
2026-08-17T08:00:00+00:00,75.79,75.81,75.17,75.24,93110.38
2026-08-17T09:00:00+00:00,75.24,75.42,75.22,75.35,46626.714
2026-08-17T10:00:00+00:00,75.34,75.8,75.3,75.78,54849.602
2026-08-17T11:00:00+00:00,75.79,75.95,75.68,75.71,78753.481
2026-08-17T12:00:00+00:00,75.7,75.71,75.35,75.43,71415.477
2026-08-17T13:00:00+00:00,75.42,75.78,75.28,75.63,67087.014
2026-08-17T14:00:00+00:00,75.63,76.02,75.51,75.99,66189.636
2026-08-17T15:00:00+00:00,75.99,76.22,75.79,76.11,96657.205
2026-08-17T16:00:00+00:00,76.11,76.15,75.94,76.03,54543.691
2026-08-17T17:00:00+00:00,76.03,76.12,75.7,75.93,51568.302
2026-08-17T18:00:00+00:00,75.92,76.17,75.86,75.9,30368.119
2026-08-17T19:00:00+00:00,75.9,75.96,75.75,75.81,31754.156
2026-08-17T20:00:00+00:00,75.81,76.1,75.63,75.99,41640.488
2026-08-17T21:00:00+00:00,76.0,76.05,75.87,75.95,28486.341
2026-08-17T22:00:00+00:00,75.96,76.03,75.71,75.74,28834.394
2026-08-17T23:00:00+00:00,75.74,76.12,75.71,76.02,33698.115
2026-08-18T00:00:00+00:00,76.02,76.09,75.87,76.04,37197.573
2026-08-18T01:00:00+00:00,76.05,76.06,75.55,75.6,37508.769
2026-08-18T02:00:00+00:00,75.59,75.64,75.2,75.27,116272.551
2026-08-18T03:00:00+00:00,75.27,75.53,75.25,75.5,32736.009
2026-08-18T04:00:00+00:00,75.5,75.85,75.41,75.84,75709.199
2026-08-18T05:00:00+00:00,75.85,75.97,75.59,75.74,59566.306
2026-08-18T06:00:00+00:00,75.73,76.07,75.65,76.01,49542.62
2026-08-18T07:00:00+00:00,76.02,76.27,75.95,76.1,74906.871
2026-08-18T08:00:00+00:00,76.1,76.2,75.85,76.18,52277.977
2026-08-18T09:00:00+00:00,76.17,76.17,75.88,75.94,36705.58
2026-08-18T10:00:00+00:00,75.94,75.99,75.8,75.84,37834.686
2026-08-18T11:00:00+00:00,75.85,76.45,75.83,76.31,96476.654
2026-08-18T12:00:00+00:00,76.32,76.52,76.23,76.25,59789.622
2026-08-18T13:00:00+00:00,76.25,76.3,76.05,76.21,49236.302
2026-08-18T14:00:00+00:00,76.21,77.33,76.12,76.8,183947.136
2026-08-18T15:00:00+00:00,76.8,77.25,76.79,77.19,112136.696
2026-08-18T16:00:00+00:00,77.2,77.32,76.85,77.08,53319.132
2026-08-18T17:00:00+00:00,77.08,77.1,76.88,76.89,31383.279
2026-08-18T18:00:00+00:00,76.89,77.31,76.88,77.27,33859.727
2026-08-18T19:00:00+00:00,77.26,77.41,77.08,77.18,44572.797
2026-08-18T20:00:00+00:00,77.18,77.22,76.75,76.89,57163.213
2026-08-18T21:00:00+00:00,76.89,77.12,76.89,77.0,24598.191
2026-08-18T22:00:00+00:00,77.0,77.21,76.88,76.94,60947.798
2026-08-18T23:00:00+00:00,76.95,77.23,76.94,77.05,37174.264
2026-08-19T00:00:00+00:00,77.05,77.12,76.83,76.91,35601.907
2026-08-19T01:00:00+00:00,76.92,77.07,76.64,76.8,68341.669
2026-08-19T02:00:00+00:00,76.8,76.93,76.7,76.81,30126.29
2026-08-19T03:00:00+00:00,76.81,77.1,76.7,77.0,33229.184
2026-08-19T04:00:00+00:00,76.99,77.14,76.8,76.86,34893.31
2026-08-19T05:00:00+00:00,76.86,77.07,76.78,76.8,33431.585
2026-08-19T06:00:00+00:00,76.81,77.17,76.63,77.07,50558.406
2026-08-19T07:00:00+00:00,77.08,77.1,76.94,76.96,37457.562
2026-08-19T08:00:00+00:00,76.96,77.65,76.92,77.38,104771.806
2026-08-19T09:00:00+00:00,77.39,77.48,77.22,77.32,44006.145
2026-08-19T10:00:00+00:00,77.33,77.39,77.23,77.39,24995.834
2026-08-19T11:00:00+00:00,77.38,77.62,77.38,77.55,53548.004
2026-08-19T12:00:00+00:00,77.54,79.05,77.43,78.41,275387.266
2026-08-19T13:00:00+00:00,78.41,78.71,78.18,78.41,169787.495
2026-08-19T14:00:00+00:00,78.41,81.01,78.37,80.89,396329.101
2026-08-19T15:00:00+00:00,80.9,83.0,80.7,81.83,890278.408
2026-08-19T16:00:00+00:00,81.83,82.39,81.55,81.58,177212.821
2026-08-19T17:00:00+00:00,81.58,81.72,81.01,81.65,174845.256
2026-08-19T18:00:00+00:00,81.65,82.29,81.27,82.27,139302.31
2026-08-19T19:00:00+00:00,82.27,82.5,82.0,82.36,96762.478
2026-08-19T20:00:00+00:00,82.37,84.3,82.28,83.72,269851.198
2026-08-19T21:00:00+00:00,83.72,87.21,83.72,86.64,531143.87
2026-08-19T22:00:00+00:00,86.64,86.84,84.93,85.49,247267.879
2026-08-19T23:00:00+00:00,85.49,85.78,85.04,85.38,122380.492
2026-08-20T00:00:00+00:00,85.39,85.79,84.91,85.0,221883.385
2026-08-20T01:00:00+00:00,85.01,85.41,84.65,85.37,154978.991
2026-08-20T02:00:00+00:00,85.37,85.45,84.68,84.78,87595.869
2026-08-20T03:00:00+00:00,84.77,84.78,84.01,84.48,126428.027
2026-08-20T04:00:00+00:00,84.48,84.96,84.42,84.84,70775.433
2026-08-20T05:00:00+00:00,84.84,85.08,84.82,84.96,55732.283
2026-08-20T06:00:00+00:00,84.96,85.92,84.7,85.92,166326.688
2026-08-20T07:00:00+00:00,85.92,86.2,85.78,86.18,117326.447
2026-08-20T08:00:00+00:00,86.17,87.98,86.04,87.53,422328.02
2026-08-20T09:00:00+00:00,87.52,87.82,87.11,87.36,229835.287
2026-08-20T10:00:00+00:00,87.36,87.82,87.01,87.45,109921.408
2026-08-20T11:00:00+00:00,87.46,88.1,87.1,87.21,167425.605
2026-08-20T12:00:00+00:00,87.22,87.42,86.52,87.07,163565.623
2026-08-20T13:00:00+00:00,87.07,87.48,86.21,86.58,254032.338
2026-08-20T14:00:00+00:00,86.58,86.88,86.16,86.62,181624.861
2026-08-20T15:00:00+00:00,86.61,87.47,86.57,87.37,252300.178
2026-08-20T16:00:00+00:00,87.37,87.84,86.87,87.76,215422.142
2026-08-20T17:00:00+00:00,87.76,87.93,87.28,87.5,162758.75
2026-08-20T18:00:00+00:00,87.5,87.66,86.68,86.87,124152.128
2026-08-20T19:00:00+00:00,86.86,87.53,86.85,87.31,103139.837
2026-08-20T20:00:00+00:00,87.32,87.68,87.25,87.59,76542.437
2026-08-20T21:00:00+00:00,87.59,87.88,87.42,87.5,60966.022
2026-08-20T22:00:00+00:00,87.5,87.59,87.19,87.24,66396.668
2026-08-20T23:00:00+00:00,87.23,87.99,87.23,87.66,97951.999
2026-08-21T00:00:00+00:00,87.65,88.8,87.57,88.23,280118.474
2026-08-21T01:00:00+00:00,88.23,89.5,88.12,89.01,266616.435
2026-08-21T02:00:00+00:00,89.01,90.2,88.51,89.25,392855.246
2026-08-21T03:00:00+00:00,89.26,89.56,88.76,89.1,159013.213
2026-08-21T04:00:00+00:00,89.11,89.5,88.88,89.47,141406.127
2026-08-21T05:00:00+00:00,89.46,90.74,89.18,90.46,205120.503
2026-08-21T06:00:00+00:00,90.45,91.33,89.77,90.24,252509.933
2026-08-21T07:00:00+00:00,90.25,91.18,89.94,90.41,290973.878
2026-08-21T08:00:00+00:00,90.42,93.39,90.36,93.29,509045.985
2026-08-21T09:00:00+00:00,93.28,93.33,90.31,91.68,567334.57
2026-08-21T10:00:00+00:00,91.67,91.76,90.86,91.49,185450.533
2026-08-21T11:00:00+00:00,91.48,91.62,89.91,90.29,272341.79
2026-08-21T12:00:00+00:00,90.3,91.15,90.03,90.88,191761.924
2026-08-21T13:00:00+00:00,90.88,91.37,89.78,91.07,232607.11
2026-08-21T14:00:00+00:00,91.07,91.95,90.56,91.87,261492.134
2026-08-21T15:00:00+00:00,91.88,92.16,91.25,91.37,195372.384
2026-08-21T16:00:00+00:00,91.37,91.92,90.75,91.63,144107.995
2026-08-21T17:00:00+00:00,91.63,91.98,91.18,91.8,146346.933
2026-08-21T18:00:00+00:00,91.8,92.06,91.09,91.56,128955.416
2026-08-21T19:00:00+00:00,91.56,91.62,90.78,90.96,109167.793
2026-08-21T20:00:00+00:00,90.96,91.97,90.59,91.87,129800.574
2026-08-21T21:00:00+00:00,91.86,93.85,91.66,93.74,313034.514
2026-08-21T22:00:00+00:00,93.74,94.62,93.3,94.3,258191.985
2026-08-21T23:00:00+00:00,94.3,94.99,93.37,93.72,207043.659
2026-08-22T00:00:00+00:00,93.72,94.42,92.86,93.89,275622.208
2026-08-22T01:00:00+00:00,93.89,94.44,93.49,93.69,132446.534
2026-08-22T02:00:00+00:00,93.69,95.79,93.69,95.63,267975.023
2026-08-22T03:00:00+00:00,95.64,97.59,95.49,96.79,463948.675
2026-08-22T04:00:00+00:00,96.8,102.74,96.18,99.15,966122.681
2026-08-22T05:00:00+00:00,99.14,99.98,87.72,94.23,1761166.613
2026-08-22T06:00:00+00:00,94.23,95.12,93.08,94.3,387488.272
2026-08-22T07:00:00+00:00,94.31,95.52,94.05,94.46,257112.002
2026-08-22T08:00:00+00:00,94.46,95.01,93.06,94.1,306557.341
2026-08-22T09:00:00+00:00,94.1,94.61,92.99,93.92,260791.933
2026-08-22T10:00:00+00:00,93.92,93.99,91.34,92.88,423712.187
2026-08-22T11:00:00+00:00,92.88,93.54,92.58,93.3,148916.376
2026-08-22T12:00:00+00:00,93.29,94.35,93.14,93.82,128311.642
2026-08-22T13:00:00+00:00,93.83,94.23,93.53,94.12,108401.166
2026-08-22T14:00:00+00:00,94.12,94.29,92.9,93.25,205345.721
2026-08-22T15:00:00+00:00,93.25,93.58,92.82,93.07,130253.309
2026-08-22T16:00:00+00:00,93.08,94.67,93.07,94.29,181095.774
2026-08-22T17:00:00+00:00,94.28,94.55,93.77,94.27,124590.444
2026-08-22T18:00:00+00:00,94.27,94.52,94.03,94.46,69055.865
2026-08-22T19:00:00+00:00,94.46,94.8,94.27,94.49,82689.243
2026-08-22T20:00:00+00:00,94.49,94.78,94.29,94.39,59618.437
2026-08-22T21:00:00+00:00,94.4,94.4,92.73,92.83,147449.197
2026-08-22T22:00:00+00:00,92.82,94.01,92.58,93.62,141454.565
2026-08-22T23:00:00+00:00,93.62,93.99,93.31,93.82,64492.258
2026-08-23T00:00:00+00:00,93.83,97.21,93.59,96.35,370167.118
2026-08-23T01:00:00+00:00,96.36,96.58,95.65,96.0,198660.763
2026-08-23T02:00:00+00:00,96.0,96.59,93.94,94.89,315375.856
2026-08-23T03:00:00+00:00,94.9,95.02,93.43,93.7,193677.794
2026-08-23T04:00:00+00:00,93.71,94.1,92.22,92.56,280341.629
2026-08-23T05:00:00+00:00,92.55,93.28,91.58,92.3,238903.368
2026-08-23T06:00:00+00:00,92.29,92.77,91.77,92.25,177859.856
2026-08-23T07:00:00+00:00,92.25,92.97,92.13,92.49,94449.344
2026-08-23T08:00:00+00:00,92.48,93.53,92.31,93.2,122035.803
2026-08-23T09:00:00+00:00,93.2,93.55,92.9,93.32,72444.101
2026-08-23T10:00:00+00:00,93.32,94.12,93.29,93.63,120778.227
2026-08-23T11:00:00+00:00,93.64,94.82,93.55,94.63,137477.398
2026-08-23T12:00:00+00:00,94.62,94.8,94.04,94.59,150481.481
2026-08-23T13:00:00+00:00,94.59,95.81,94.58,95.39,184298.311
2026-08-23T14:00:00+00:00,95.38,95.68,93.4,95.07,290157.403
2026-08-23T15:00:00+00:00,95.07,95.9,94.67,95.36,182687.117
2026-08-23T16:00:00+00:00,95.37,95.72,95.17,95.41,83534.964
2026-08-23T17:00:00+00:00,95.42,95.52,94.82,95.11,69153.677
2026-08-23T18:00:00+00:00,95.11,95.47,94.94,95.29,54755.482
2026-08-23T19:00:00+00:00,95.3,95.47,94.83,95.07,46946.871
2026-08-23T20:00:00+00:00,95.08,95.4,94.76,95.07,44650.393
2026-08-23T21:00:00+00:00,95.07,96.25,95.07,95.36,147066.735
2026-08-23T22:00:00+00:00,95.36,95.75,94.78,95.59,116786.145
2026-08-23T23:00:00+00:00,95.59,95.88,95.01,95.43,90166.97
2026-08-24T00:00:00+00:00,95.44,95.56,93.87,95.54,207556.44
2026-08-24T01:00:00+00:00,95.55,95.56,93.74,93.88,161578.064
2026-08-24T02:00:00+00:00,93.87,95.05,93.67,94.59,146410.826
2026-08-24T03:00:00+00:00,94.59,94.66,93.47,93.66,105245.553
2026-08-24T04:00:00+00:00,93.66,94.35,93.66,94.22,115946.368
2026-08-24T05:00:00+00:00,94.21,94.66,93.47,94.28,158490.807
2026-08-24T06:00:00+00:00,94.27,94.64,93.8,94.56,159373.733
2026-08-24T07:00:00+00:00,94.56,95.45,94.0,94.11,171007.972
2026-08-24T08:00:00+00:00,94.11,94.38,93.26,93.94,115536.499
2026-08-24T09:00:00+00:00,93.93,94.89,93.89,94.67,99979.682
2026-08-24T10:00:00+00:00,94.66,95.11,94.57,94.72,165618.251
2026-08-24T11:00:00+00:00,94.71,96.33,94.25,95.84,236307.508
2026-08-24T12:00:00+00:00,95.84,96.64,94.18,96.29,336604.735
2026-08-24T13:00:00+00:00,96.29,96.53,94.3,95.02,295116.147
2026-08-24T14:00:00+00:00,95.02,96.73,94.85,96.1,290504.022
2026-08-24T15:00:00+00:00,96.11,97.61,95.99,96.45,327290.582
2026-08-24T16:00:00+00:00,96.46,97.58,95.8,96.07,203884.22
2026-08-24T17:00:00+00:00,96.07,96.2,94.81,95.4,270081.771
2026-08-24T18:00:00+00:00,95.4,96.44,95.4,95.92,201327.343
2026-08-24T19:00:00+00:00,95.93,96.65,95.42,96.54,186632.479
2026-08-24T20:00:00+00:00,96.54,96.77,95.75,96.55,95753.508
2026-08-24T21:00:00+00:00,96.55,97.57,96.55,97.47,122224.439
2026-08-24T22:00:00+00:00,97.48,98.71,97.17,97.43,230870.49
2026-08-24T23:00:00+00:00,97.44,98.99,97.26,98.97,202452.662
2026-08-25T00:00:00+00:00,98.98,102.77,98.56,101.77,897481.109
2026-08-25T01:00:00+00:00,101.76,102.55,100.09,100.47,325354.55
2026-08-25T02:00:00+00:00,100.48,102.35,100.21,100.92,398335.354
2026-08-25T03:00:00+00:00,100.93,102.05,100.85,101.61,196984.86
2026-08-25T04:00:00+00:00,101.61,101.73,100.82,101.33,175620.508
2026-08-25T05:00:00+00:00,101.33,103.08,101.24,101.89,219172.074
2026-08-25T06:00:00+00:00,101.89,102.07,100.42,100.76,170355.337
2026-08-25T07:00:00+00:00,100.77,101.95,99.54,100.23,270802.363
2026-08-25T08:00:00+00:00,100.24,101.13,99.73,100.41,175675.02
2026-08-25T09:00:00+00:00,100.41,100.65,99.29,99.82,156336.659
2026-08-25T10:00:00+00:00,99.82,99.9,99.05,99.64,139184.859
2026-08-25T11:00:00+00:00,99.64,99.72,98.49,98.6,195657.114
2026-08-25T12:00:00+00:00,98.61,98.82,97.48,98.6,187692.175
2026-08-25T13:00:00+00:00,98.59,98.82,96.21,97.15,312462.81
2026-08-25T14:00:00+00:00,97.16,98.42,96.91,98.21,185594.647
2026-08-25T15:00:00+00:00,98.22,98.5,97.61,98.38,126346.86
2026-08-25T16:00:00+00:00,98.38,98.66,97.77,98.19,114260.595
2026-08-25T17:00:00+00:00,98.2,98.22,97.45,98.2,78495.41
2026-08-25T18:00:00+00:00,98.2,98.83,98.07,98.5,113090.459
2026-08-25T19:00:00+00:00,98.49,98.64,97.48,97.94,96231.246
2026-08-25T20:00:00+00:00,97.95,98.05,96.64,96.68,134116.937
2026-08-25T21:00:00+00:00,96.68,97.28,95.32,97.19,177304.414
2026-08-25T22:00:00+00:00,97.19,97.77,97.15,97.22,55035.411
2026-08-25T23:00:00+00:00,97.21,97.43,96.39,96.6,71341.659
2026-08-26T00:00:00+00:00,96.6,96.94,96.17,96.66,119329.493
2026-08-26T01:00:00+00:00,96.65,97.28,96.63,97.03,81334.676
2026-08-26T02:00:00+00:00,97.04,97.56,96.79,97.28,56436.066
2026-08-26T03:00:00+00:00,97.28,97.38,96.82,97.06,57544.723
2026-08-26T04:00:00+00:00,97.06,97.32,96.56,96.63,83681.797
2026-08-26T05:00:00+00:00,96.62,97.19,96.25,97.09,77510.686
2026-08-26T06:00:00+00:00,97.09,97.33,96.52,96.8,58828.286
2026-08-26T07:00:00+00:00,96.8,97.17,96.66,96.95,62210.394
2026-08-26T08:00:00+00:00,96.95,97.4,96.7,96.81,46763.536
2026-08-26T09:00:00+00:00,96.81,97.02,95.78,96.17,94258.553
2026-08-26T10:00:00+00:00,96.16,97.88,96.0,97.48,110682.499
2026-08-26T11:00:00+00:00,97.48,97.66,96.68,97.03,84420.923
2026-08-26T12:00:00+00:00,97.04,97.57,96.05,97.02,137343.29
2026-08-26T13:00:00+00:00,97.01,97.23,95.79,96.55,173923.91
2026-08-26T14:00:00+00:00,96.55,96.98,95.41,95.48,139569.136
2026-08-26T15:00:00+00:00,95.47,96.34,94.95,95.94,133527.904
2026-08-26T16:00:00+00:00,95.93,96.19,95.47,95.95,69092.113
2026-08-26T17:00:00+00:00,95.95,97.25,95.87,96.97,118134.696
2026-08-26T18:00:00+00:00,96.98,97.16,96.63,96.84,72597.255
2026-08-26T19:00:00+00:00,96.83,96.93,96.35,96.8,76312.395
2026-08-26T20:00:00+00:00,96.79,97.04,96.3,96.93,54437.937
2026-08-26T21:00:00+00:00,96.94,98.35,96.89,98.26,112908.418
2026-08-26T22:00:00+00:00,98.26,100.92,98.07,99.7,301427.5
2026-08-26T23:00:00+00:00,99.69,102.46,99.5,102.07,314646.989
2026-08-27T00:00:00+00:00,102.08,102.14,100.59,100.59,169173.763
2026-08-27T01:00:00+00:00,100.59,101.93,100.52,101.45,140859.954
2026-08-27T02:00:00+00:00,101.44,101.94,100.87,101.17,106476.798
2026-08-27T03:00:00+00:00,101.18,101.81,100.89,101.08,115192.505
2026-08-27T04:00:00+00:00,101.09,101.55,100.7,101.09,122112.926
2026-08-27T05:00:00+00:00,101.08,102.29,100.77,102.04,181960.503
2026-08-27T06:00:00+00:00,102.04,102.06,100.88,101.28,160070.433
2026-08-27T07:00:00+00:00,101.28,102.1,101.03,101.8,110369.256
2026-08-27T08:00:00+00:00,101.81,105.06,101.73,104.66,527218.287
2026-08-27T09:00:00+00:00,104.67,105.79,104.0,104.4,274234.757
2026-08-27T10:00:00+00:00,104.4,105.03,103.1,104.1,272580.927
2026-08-27T11:00:00+00:00,104.1,104.96,103.4,103.95,149666.123
2026-08-27T12:00:00+00:00,103.95,104.77,103.93,104.43,113173.08
2026-08-27T13:00:00+00:00,104.42,106.32,104.16,106.06,263661.734
2026-08-27T14:00:00+00:00,106.06,107.94,105.21,106.8,544617.762
2026-08-27T15:00:00+00:00,106.8,108.0,106.5,107.2,338525.921
2026-08-27T16:00:00+00:00,107.2,109.49,106.87,108.94,333890.706
2026-08-27T17:00:00+00:00,108.94,109.62,107.72,108.18,272471.179
2026-08-27T18:00:00+00:00,108.19,108.39,106.69,108.39,207704.934
2026-08-27T19:00:00+00:00,108.39,109.92,108.27,109.39,179532.041
2026-08-27T20:00:00+00:00,109.39,109.77,108.44,109.03,146860.459
2026-08-27T21:00:00+00:00,109.03,109.15,108.21,108.73,107292.572
2026-08-27T22:00:00+00:00,108.73,110.6,108.73,109.2,221968.471
2026-08-27T23:00:00+00:00,109.19,110.03,108.86,109.14,106376.499
2026-08-28T00:00:00+00:00,109.15,110.0,108.67,109.11,218282.215
2026-08-28T01:00:00+00:00,109.11,109.75,107.72,107.85,156286.345
2026-08-28T02:00:00+00:00,107.84,107.97,106.16,106.52,179579.305
2026-08-28T03:00:00+00:00,106.51,107.34,105.86,106.85,125224.855
2026-08-28T04:00:00+00:00,106.84,107.66,106.26,106.79,94686.547
2026-08-28T05:00:00+00:00,106.78,107.47,106.63,107.2,80746.387
2026-08-28T06:00:00+00:00,107.21,107.85,107.19,107.54,92925.7
2026-08-28T07:00:00+00:00,107.54,107.55,106.27,106.35,103741.433
2026-08-28T08:00:00+00:00,106.35,106.88,105.77,106.04,88857.89
2026-08-28T09:00:00+00:00,106.04,106.62,105.52,105.93,107712.34
2026-08-28T10:00:00+00:00,105.94,106.22,104.53,106.2,169794.089
2026-08-28T11:00:00+00:00,106.19,107.05,105.56,105.84,190058.87
2026-08-28T12:00:00+00:00,105.84,106.01,104.55,104.89,247139.169
2026-08-28T13:00:00+00:00,104.88,105.61,104.65,105.18,189939.29
2026-08-28T14:00:00+00:00,105.17,106.7,103.63,106.31,615367.188
2026-08-28T15:00:00+00:00,106.31,107.94,105.21,105.24,365591.73
2026-08-28T16:00:00+00:00,105.25,105.72,103.0,105.16,586611.729
2026-08-28T17:00:00+00:00,105.16,105.26,104.3,104.67,191449.136
2026-08-28T18:00:00+00:00,104.67,104.72,102.28,103.12,236491.444
2026-08-28T19:00:00+00:00,103.11,103.88,103.01,103.41,151546.785
2026-08-28T20:00:00+00:00,103.4,104.31,102.82,103.86,89759.229
2026-08-28T21:00:00+00:00,103.86,104.03,103.27,103.44,57741.634
2026-08-28T22:00:00+00:00,103.45,104.21,103.41,104.14,75169.774
2026-08-28T23:00:00+00:00,104.13,104.39,103.98,104.15,47355.357
2026-08-29T00:00:00+00:00,104.14,104.59,103.86,103.91,50051.928
2026-08-29T01:00:00+00:00,103.91,104.37,103.8,104.17,64108.716
2026-08-29T02:00:00+00:00,104.17,104.41,103.66,103.95,68283.045
2026-08-29T03:00:00+00:00,103.94,104.24,103.82,103.87,60285.896
2026-08-29T04:00:00+00:00,103.88,104.05,103.46,103.87,64174.212
2026-08-29T05:00:00+00:00,103.88,104.2,103.82,104.02,47055.05
2026-08-29T06:00:00+00:00,104.02,104.02,103.32,103.59,44181.919
2026-08-29T07:00:00+00:00,103.59,103.98,103.58,103.74,35304.732
2026-08-29T08:00:00+00:00,103.73,103.73,103.11,103.46,47755.559
2026-08-29T09:00:00+00:00,103.47,103.63,103.3,103.33,55674.403
2026-08-29T10:00:00+00:00,103.33,103.6,103.03,103.45,44071.654
2026-08-29T11:00:00+00:00,103.44,103.71,103.41,103.5,19678.887
2026-08-29T12:00:00+00:00,103.51,104.01,103.38,103.62,43934.773
2026-08-29T13:00:00+00:00,103.61,103.97,103.51,103.8,36495.595
2026-08-29T14:00:00+00:00,103.8,105.5,103.79,105.38,151794.134
2026-08-29T15:00:00+00:00,105.39,105.51,104.65,105.03,92382.648
2026-08-29T16:00:00+00:00,105.03,105.39,104.84,104.87,132739.086
2026-08-29T17:00:00+00:00,104.87,105.15,104.37,104.87,61198.348
2026-08-29T18:00:00+00:00,104.87,105.3,104.75,105.13,76082.809
2026-08-29T19:00:00+00:00,105.13,105.88,105.12,105.35,81612.375
2026-08-29T20:00:00+00:00,105.36,105.52,105.07,105.23,35687.088
2026-08-29T21:00:00+00:00,105.23,105.4,104.76,105.05,54734.274
2026-08-29T22:00:00+00:00,105.04,105.56,104.9,105.51,24460.831
2026-08-29T23:00:00+00:00,105.52,105.78,105.42,105.61,46744.536
2026-08-30T00:00:00+00:00,105.61,105.71,105.23,105.25,48518.091
2026-08-30T01:00:00+00:00,105.26,105.39,105.01,105.24,49372.241
2026-08-30T02:00:00+00:00,105.24,105.49,105.18,105.22,44830.246
2026-08-30T03:00:00+00:00,105.22,105.34,104.96,105.07,31642.027
2026-08-30T04:00:00+00:00,105.07,105.13,104.68,105.11,37178.984
2026-08-30T05:00:00+00:00,105.12,105.27,104.91,105.08,23861.491
2026-08-30T06:00:00+00:00,105.07,105.42,104.89,105.41,25097.341
2026-08-30T07:00:00+00:00,105.42,105.44,104.72,104.85,28505.888
2026-08-30T08:00:00+00:00,104.84,105.08,104.47,104.75,47694.827
2026-08-30T09:00:00+00:00,104.75,104.97,104.47,104.6,43552.099
2026-08-30T10:00:00+00:00,104.6,105.24,104.5,105.09,46764.554
2026-08-30T11:00:00+00:00,105.1,105.32,104.93,105.12,42799.764
2026-08-30T12:00:00+00:00,105.11,106.19,105.08,106.11,113046.112
2026-08-30T13:00:00+00:00,106.11,107.48,105.87,107.13,173924.212
2026-08-30T14:00:00+00:00,107.12,107.25,106.63,106.73,91819.259
2026-08-30T15:00:00+00:00,106.73,106.84,105.98,106.29,108377.103
2026-08-30T16:00:00+00:00,106.29,107.15,106.13,106.91,131120.854
2026-08-30T17:00:00+00:00,106.9,106.9,105.26,106.42,154916.375
2026-08-30T18:00:00+00:00,106.41,106.86,106.03,106.68,72918.283
2026-08-30T19:00:00+00:00,106.69,106.82,105.45,105.82,84855.095
2026-08-30T20:00:00+00:00,105.82,106.03,104.42,104.77,132243.037
2026-08-30T21:00:00+00:00,104.77,104.79,103.38,104.45,129683.486
2026-08-30T22:00:00+00:00,104.46,104.75,103.33,103.82,100572.012
2026-08-30T23:00:00+00:00,103.82,103.82,100.31,101.75,306193.112
2026-08-31T00:00:00+00:00,101.75,102.62,101.12,102.14,116407.851
2026-08-31T01:00:00+00:00,102.14,102.26,101.4,101.52,95435.193
2026-08-31T02:00:00+00:00,101.51,102.35,101.18,101.45,87015.463
2026-08-31T03:00:00+00:00,101.46,102.21,101.29,101.94,72820.862
2026-08-31T04:00:00+00:00,101.95,102.0,100.9,101.45,99617.654
2026-08-31T05:00:00+00:00,101.44,103.04,101.27,102.63,144212.997
2026-08-31T06:00:00+00:00,102.63,102.89,102.34,102.72,95658.268
2026-08-31T07:00:00+00:00,102.73,103.18,102.64,102.98,91950.74
2026-08-31T08:00:00+00:00,102.99,103.47,102.46,103.24,109099.342
2026-08-31T09:00:00+00:00,103.23,103.49,103.0,103.09,79525.002
2026-08-31T10:00:00+00:00,103.09,104.07,102.66,103.68,88002.21
2026-08-31T11:00:00+00:00,103.68,104.17,103.27,103.4,69407.392
2026-08-31T12:00:00+00:00,103.4,103.76,102.5,102.76,99975.541
2026-08-31T13:00:00+00:00,102.77,103.08,102.18,102.36,104760.431
2026-08-31T14:00:00+00:00,102.36,103.93,102.21,103.53,125855.026
2026-08-31T15:00:00+00:00,103.54,103.67,102.77,102.88,92327.846
2026-08-31T16:00:00+00:00,102.88,103.33,102.45,102.83,93418.894
2026-08-31T17:00:00+00:00,102.84,103.8,102.65,103.64,89651.013
2026-08-31T18:00:00+00:00,103.64,105.0,103.38,104.47,125162.8
2026-08-31T19:00:00+00:00,104.47,104.76,103.55,103.61,80170.207
2026-08-31T20:00:00+00:00,103.6,104.29,103.53,103.75,58310.862
2026-08-31T21:00:00+00:00,103.74,103.97,103.24,103.67,76404.825
2026-08-31T22:00:00+00:00,103.67,103.79,103.12,103.21,32603.45
2026-08-31T23:00:00+00:00,103.2,103.22,102.88,103.06,34078.19
2026-09-01T00:00:00+00:00,103.06,103.55,102.94,103.19,76365.638
2026-09-01T01:00:00+00:00,103.2,103.53,102.74,103.26,68075.413
2026-09-01T02:00:00+00:00,103.25,103.46,102.81,103.4,43510.402
2026-09-01T03:00:00+00:00,103.41,104.2,103.29,103.66,61280.026
2026-09-01T04:00:00+00:00,103.66,104.09,103.54,103.63,52919.732
2026-09-01T05:00:00+00:00,103.64,104.38,103.59,104.31,76106.296
2026-09-01T06:00:00+00:00,104.31,104.31,103.36,103.38,98826.023
2026-09-01T07:00:00+00:00,103.38,103.57,102.8,103.15,115224.96
2026-09-01T08:00:00+00:00,103.15,103.22,101.8,102.07,151894.686
2026-09-01T09:00:00+00:00,102.08,102.28,101.87,101.98,81718.61
2026-09-01T10:00:00+00:00,101.98,102.74,101.95,102.38,118879.463
2026-09-01T11:00:00+00:00,102.38,102.63,102.08,102.29,112124.113
2026-09-01T12:00:00+00:00,102.28,102.49,101.41,101.94,95397.275
2026-09-01T13:00:00+00:00,101.93,102.49,101.33,101.96,141999.766
2026-09-01T14:00:00+00:00,101.96,102.59,101.86,102.03,106378.425
2026-09-01T15:00:00+00:00,102.02,102.35,101.01,102.05,133010.821
2026-09-01T16:00:00+00:00,102.05,102.07,100.62,100.94,131888.664
2026-09-01T17:00:00+00:00,100.93,101.25,100.45,100.6,114887.977
2026-09-01T18:00:00+00:00,100.6,100.71,98.33,99.61,288886.511
2026-09-01T19:00:00+00:00,99.61,100.33,99.52,100.08,119780.925
2026-09-01T20:00:00+00:00,100.09,100.35,99.67,100.11,82704.259
2026-09-01T21:00:00+00:00,100.11,100.22,98.94,99.61,98364.21
2026-09-01T22:00:00+00:00,99.6,99.95,99.33,99.69,71610.149
2026-09-01T23:00:00+00:00,99.69,100.25,99.61,100.0,50839.997
2026-09-02T00:00:00+00:00,100.01,100.28,99.62,99.67,81785.254
2026-09-02T01:00:00+00:00,99.66,99.94,98.52,99.09,97142.444
2026-09-02T02:00:00+00:00,99.09,99.93,98.77,99.93,117245.793
2026-09-02T03:00:00+00:00,99.93,100.71,99.84,100.29,79683.034
2026-09-02T04:00:00+00:00,100.3,100.31,99.74,100.1,50600.997
2026-09-02T05:00:00+00:00,100.1,100.4,99.77,100.27,46063.549
2026-09-02T06:00:00+00:00,100.27,100.39,99.68,100.08,50499.187
2026-09-02T07:00:00+00:00,100.09,100.43,99.83,99.85,45691.557
2026-09-02T08:00:00+00:00,99.85,100.02,98.8,99.01,66760.386
2026-09-02T09:00:00+00:00,99.01,99.34,98.2,98.64,93908.288
2026-09-02T10:00:00+00:00,98.63,98.67,97.45,98.23,172983.58
2026-09-02T11:00:00+00:00,98.22,98.28,97.38,98.12,90589.018
2026-09-02T12:00:00+00:00,98.11,98.51,97.65,97.7,64787.101
2026-09-02T13:00:00+00:00,97.71,99.67,97.7,99.21,124550.691
2026-09-02T14:00:00+00:00,99.21,99.8,98.91,98.92,104427.257
2026-09-02T15:00:00+00:00,98.92,99.53,98.47,99.33,112237.806
2026-09-02T16:00:00+00:00,99.33,99.81,98.78,98.81,105573.504
2026-09-02T17:00:00+00:00,98.81,99.33,98.21,99.33,101359.462
2026-09-02T18:00:00+00:00,99.33,99.69,99.17,99.52,66963.483
2026-09-02T19:00:00+00:00,99.52,99.64,99.07,99.43,38520.535
2026-09-02T20:00:00+00:00,99.43,100.03,99.34,99.71,87983.957
2026-09-02T21:00:00+00:00,99.72,99.85,99.44,99.66,38098.611
2026-09-02T22:00:00+00:00,99.66,99.77,99.21,99.54,41128.945
2026-09-02T23:00:00+00:00,99.54,100.53,99.42,100.43,57709.736
2026-09-03T00:00:00+00:00,100.44,100.46,99.5,99.52,76038.817
2026-09-03T01:00:00+00:00,99.52,100.62,99.23,100.17,101209.807
2026-09-03T02:00:00+00:00,100.16,101.34,99.96,101.11,119833.727
2026-09-03T03:00:00+00:00,101.12,101.2,100.2,100.51,98703.378
2026-09-03T04:00:00+00:00,100.52,100.99,100.08,100.98,73346.827
2026-09-03T05:00:00+00:00,100.99,101.04,99.72,100.87,94308.088
2026-09-03T06:00:00+00:00,100.88,101.0,100.59,100.89,57088.876
2026-09-03T07:00:00+00:00,100.9,101.39,100.28,100.41,116054.685
2026-09-03T08:00:00+00:00,100.41,101.13,100.39,100.63,65233.581
2026-09-03T09:00:00+00:00,100.64,100.8,100.12,100.17,63455.4
2026-09-03T10:00:00+00:00,100.16,100.49,99.93,100.44,68195.664
2026-09-03T11:00:00+00:00,100.44,100.99,100.33,100.81,74362.132
2026-09-03T12:00:00+00:00,100.8,101.84,100.63,101.67,133979.258
2026-09-03T13:00:00+00:00,101.68,102.02,101.11,101.49,116783.93
2026-09-03T14:00:00+00:00,101.49,104.86,101.25,104.81,342577.039
2026-09-03T15:00:00+00:00,104.81,105.66,103.78,105.17,396468.639
2026-09-03T16:00:00+00:00,105.17,105.19,103.85,104.56,188619.873
2026-09-03T17:00:00+00:00,104.57,105.21,104.4,105.1,114106.43
2026-09-03T18:00:00+00:00,105.1,105.28,104.63,105.22,79121.558
2026-09-03T19:00:00+00:00,105.22,105.91,105.05,105.28,108680.491
2026-09-03T20:00:00+00:00,105.29,105.47,104.76,104.91,82867.222
2026-09-03T21:00:00+00:00,104.91,105.72,104.77,105.2,103597.554
2026-09-03T22:00:00+00:00,105.19,105.32,103.66,104.15,106963.235
2026-09-03T23:00:00+00:00,104.15,104.24,103.83,103.94,74076.849
2026-09-04T00:00:00+00:00,103.95,104.33,103.44,103.48,141730.461
2026-09-04T01:00:00+00:00,103.49,103.87,103.24,103.81,78984.178
2026-09-04T02:00:00+00:00,103.81,103.82,103.34,103.79,59957.262
2026-09-04T03:00:00+00:00,103.79,104.14,103.71,103.72,38415.002
2026-09-04T04:00:00+00:00,103.72,104.37,103.6,103.91,64013.445
2026-09-04T05:00:00+00:00,103.9,104.06,103.46,103.71,56802.352
2026-09-04T06:00:00+00:00,103.7,104.06,103.34,103.62,48552.648
2026-09-04T07:00:00+00:00,103.62,104.05,103.55,103.6,121737.287
2026-09-04T08:00:00+00:00,103.61,104.51,103.21,104.39,155736.696
2026-09-04T09:00:00+00:00,104.39,104.79,103.97,104.06,122308.138
2026-09-04T10:00:00+00:00,104.07,104.15,103.56,104.14,66778.846
2026-09-04T11:00:00+00:00,104.14,104.51,103.96,104.09,67812.525
2026-09-04T12:00:00+00:00,104.09,104.45,100.21,101.59,462417.009
2026-09-04T13:00:00+00:00,101.58,102.28,101.03,101.67,190180.247
2026-09-04T14:00:00+00:00,101.67,101.82,100.31,100.81,148398.405
2026-09-04T15:00:00+00:00,100.8,101.68,100.67,101.46,100451.625
2026-09-04T16:00:00+00:00,101.45,102.09,101.35,101.83,50028.21
2026-09-04T17:00:00+00:00,101.83,101.86,101.08,101.24,58038.854
2026-09-04T18:00:00+00:00,101.25,101.7,101.22,101.65,37806.9
2026-09-04T19:00:00+00:00,101.66,101.96,101.63,101.69,47045.012
2026-09-04T20:00:00+00:00,101.7,101.87,101.62,101.76,40053.61
2026-09-04T21:00:00+00:00,101.76,101.94,101.47,101.57,43925.27
2026-09-04T22:00:00+00:00,101.58,101.87,101.57,101.74,28379.291
2026-09-04T23:00:00+00:00,101.74,101.98,101.66,101.93,17269.23
2026-09-05T00:00:00+00:00,101.93,102.01,101.72,101.81,42522.401
2026-09-05T01:00:00+00:00,101.82,102.2,101.74,101.87,53509.424
2026-09-05T02:00:00+00:00,101.86,101.99,101.7,101.98,45310.328
2026-09-05T03:00:00+00:00,101.98,102.02,101.76,101.89,27067.526
2026-09-05T04:00:00+00:00,101.89,101.94,101.7,101.75,47838.336
2026-09-05T05:00:00+00:00,101.76,101.94,101.6,101.86,41749.829
2026-09-05T06:00:00+00:00,101.87,102.4,101.82,102.29,43250.33
2026-09-05T07:00:00+00:00,102.29,102.62,102.17,102.23,60737.548
2026-09-05T08:00:00+00:00,102.22,102.6,102.11,102.59,58928.19
2026-09-05T09:00:00+00:00,102.58,102.82,102.52,102.55,39442.007
2026-09-05T10:00:00+00:00,102.55,102.71,102.39,102.51,39026.594
2026-09-05T11:00:00+00:00,102.52,102.58,102.22,102.35,43905.924
2026-09-05T12:00:00+00:00,102.34,103.24,102.29,103.23,86704.395
2026-09-05T13:00:00+00:00,103.23,103.43,102.56,102.65,139711.869
2026-09-05T14:00:00+00:00,102.65,102.96,102.64,102.87,110661.706
2026-09-05T15:00:00+00:00,102.86,102.99,102.64,102.95,71493.776
2026-09-05T16:00:00+00:00,102.95,103.53,102.79,103.4,133833.153
2026-09-05T17:00:00+00:00,103.4,104.31,103.28,104.22,173418.299
2026-09-05T18:00:00+00:00,104.23,104.37,103.74,103.92,52784.423
2026-09-05T19:00:00+00:00,103.92,103.97,103.22,103.41,59095.032
2026-09-05T20:00:00+00:00,103.4,103.62,103.13,103.23,64766.129
2026-09-05T21:00:00+00:00,103.23,103.99,103.22,103.73,39294.28
2026-09-05T22:00:00+00:00,103.74,103.87,103.22,103.38,43961.254
2026-09-05T23:00:00+00:00,103.38,103.39,102.94,103.18,48762.751
2026-09-06T00:00:00+00:00,103.18,103.52,103.17,103.31,44511.726
2026-09-06T01:00:00+00:00,103.3,104.21,103.26,104.05,92040.985
2026-09-06T02:00:00+00:00,104.05,104.74,103.88,104.36,79559.857
2026-09-06T03:00:00+00:00,104.37,107.07,104.35,105.95,275790.096
2026-09-06T04:00:00+00:00,105.95,106.36,105.59,105.75,112938.122
2026-09-06T05:00:00+00:00,105.74,106.83,105.48,106.44,109315.876
2026-09-06T06:00:00+00:00,106.44,106.45,105.32,105.37,96786.358
2026-09-06T07:00:00+00:00,105.37,105.57,104.69,105.23,120337.027
2026-09-06T08:00:00+00:00,105.24,105.41,105.0,105.2,67404.833
2026-09-06T09:00:00+00:00,105.2,107.3,105.18,106.5,287147.836
2026-09-06T10:00:00+00:00,106.49,106.94,106.37,106.65,140386.835
2026-09-06T11:00:00+00:00,106.66,106.73,106.27,106.47,66755.526
2026-09-06T12:00:00+00:00,106.46,107.36,106.37,106.81,138565.378
2026-09-06T13:00:00+00:00,106.81,107.17,105.92,107.08,157367.207
2026-09-06T14:00:00+00:00,107.09,107.12,105.17,105.74,204032.697
2026-09-06T15:00:00+00:00,105.74,105.99,104.93,105.76,126276.024
2026-09-06T16:00:00+00:00,105.75,106.38,105.49,106.09,79216.305
2026-09-06T17:00:00+00:00,106.09,106.44,105.57,106.19,82219.664
2026-09-06T18:00:00+00:00,106.2,106.59,105.85,105.98,61540.745
2026-09-06T19:00:00+00:00,105.98,105.99,105.36,105.48,58327.191
2026-09-06T20:00:00+00:00,105.49,105.87,105.36,105.73,54695.562
2026-09-06T21:00:00+00:00,105.73,106.25,105.73,105.93,53505.66
2026-09-06T22:00:00+00:00,105.93,106.04,104.97,105.85,89941.839
2026-09-06T23:00:00+00:00,105.86,106.77,105.81,106.55,93587.571
2026-09-07T00:00:00+00:00,106.55,106.65,105.89,106.16,107983.365
2026-09-07T01:00:00+00:00,106.16,106.35,105.06,105.32,96919.132
2026-09-07T02:00:00+00:00,105.33,107.06,104.93,105.8,136671.396
2026-09-07T03:00:00+00:00,105.8,105.9,104.93,104.95,120130.817
2026-09-07T04:00:00+00:00,104.95,105.3,104.75,105.09,112469.264
2026-09-07T05:00:00+00:00,105.09,105.83,105.05,105.12,84038.373
2026-09-07T06:00:00+00:00,105.13,105.4,104.87,105.08,83555.899
2026-09-07T07:00:00+00:00,105.08,105.54,103.8,104.48,189914.191
2026-09-07T08:00:00+00:00,104.48,104.9,104.41,104.71,93508.048
2026-09-07T09:00:00+00:00,104.7,105.18,104.6,104.66,102739.606
2026-09-07T10:00:00+00:00,104.67,105.15,104.66,105.01,57899.926
2026-09-07T11:00:00+00:00,105.01,105.14,104.74,104.92,56852.887
2026-09-07T12:00:00+00:00,104.93,105.93,104.9,105.74,80493.064
2026-09-07T13:00:00+00:00,105.74,105.84,104.83,105.09,92086.861
2026-09-07T14:00:00+00:00,105.08,105.19,104.03,104.66,142432.882
2026-09-07T15:00:00+00:00,104.66,104.67,102.96,103.26,171681.869
2026-09-07T16:00:00+00:00,103.27,103.88,103.21,103.88,57530.61
2026-09-07T17:00:00+00:00,103.87,104.25,103.8,104.0,54107.307
2026-09-07T18:00:00+00:00,104.0,104.09,103.58,103.91,70306.466
2026-09-07T19:00:00+00:00,103.91,104.43,103.81,104.35,39785.068
2026-09-07T20:00:00+00:00,104.36,104.41,103.92,104.1,52995.713
2026-09-07T21:00:00+00:00,104.1,104.16,103.8,103.91,39207.065
2026-09-07T22:00:00+00:00,103.91,104.07,103.18,103.55,74062.055
2026-09-07T23:00:00+00:00,103.54,104.04,103.5,103.8,78949.973
2026-09-08T00:00:00+00:00,103.81,104.16,103.45,104.09,72379.6
2026-09-08T01:00:00+00:00,104.09,104.43,104.01,104.39,75150.027
2026-09-08T02:00:00+00:00,104.4,104.53,103.29,103.3,83035.415
2026-09-08T03:00:00+00:00,103.29,103.45,102.74,103.36,116641.988
2026-09-08T04:00:00+00:00,103.36,103.46,103.0,103.0,62233.439
2026-09-08T05:00:00+00:00,103.01,103.51,102.89,102.96,103270.613
2026-09-08T06:00:00+00:00,102.97,103.1,102.44,102.68,125172.149
2026-09-08T07:00:00+00:00,102.69,103.14,102.61,102.95,69437.376
2026-09-08T08:00:00+00:00,102.95,103.5,102.49,103.05,75495.41
2026-09-08T09:00:00+00:00,103.04,103.85,102.93,103.69,73487.897
2026-09-08T10:00:00+00:00,103.7,104.09,103.39,103.39,73114.017
2026-09-08T11:00:00+00:00,103.4,103.46,102.66,102.87,77338.621
2026-09-08T12:00:00+00:00,102.88,103.33,102.5,103.09,68763.198
2026-09-08T13:00:00+00:00,103.09,103.17,101.72,102.69,135205.652
2026-09-08T14:00:00+00:00,102.68,103.44,102.45,103.33,111004.932
2026-09-08T15:00:00+00:00,103.33,104.39,103.24,104.31,106447.859
2026-09-08T16:00:00+00:00,104.3,104.83,103.6,104.2,118761.938
2026-09-08T17:00:00+00:00,104.2,104.44,103.69,103.7,63750.52
2026-09-08T18:00:00+00:00,103.71,104.49,103.19,103.38,82572.782
2026-09-08T19:00:00+00:00,103.38,103.61,102.89,103.24,88615.176
2026-09-08T20:00:00+00:00,103.24,103.8,103.06,103.09,47274.285
2026-09-08T21:00:00+00:00,103.1,103.36,102.82,103.02,52846.493
2026-09-08T22:00:00+00:00,103.02,103.46,102.97,103.42,37665.239
2026-09-08T23:00:00+00:00,103.42,103.6,103.27,103.37,36720.354
2026-09-09T00:00:00+00:00,103.37,103.88,103.35,103.78,47982.088
2026-09-09T01:00:00+00:00,103.78,103.94,103.38,103.79,52764.767
2026-09-09T02:00:00+00:00,103.79,104.02,103.34,103.47,55126.026
2026-09-09T03:00:00+00:00,103.47,103.51,102.92,103.3,68852.001
2026-09-09T04:00:00+00:00,103.31,104.43,103.3,104.41,102859.458
2026-09-09T05:00:00+00:00,104.42,104.71,103.75,104.1,101876.245
2026-09-09T06:00:00+00:00,104.1,104.78,104.0,104.54,44016.446
2026-09-09T07:00:00+00:00,104.54,105.2,104.49,104.58,80895.128
2026-09-09T08:00:00+00:00,104.58,105.05,104.56,104.82,58960.117
2026-09-09T09:00:00+00:00,104.83,104.86,103.46,103.5,95137.092
2026-09-09T10:00:00+00:00,103.5,104.08,103.47,103.79,77803.167
2026-09-09T11:00:00+00:00,103.79,104.31,103.3,104.25,79886.782
2026-09-09T12:00:00+00:00,104.25,104.83,104.11,104.67,104650.287
2026-09-09T13:00:00+00:00,104.68,104.7,103.54,103.8,94524.891
2026-09-09T14:00:00+00:00,103.81,104.19,103.36,103.49,123337.001
2026-09-09T15:00:00+00:00,103.49,104.11,102.07,103.08,241657.539
2026-09-09T16:00:00+00:00,103.08,103.52,102.76,103.39,78472.686
2026-09-09T17:00:00+00:00,103.4,103.83,103.23,103.54,53304.811
2026-09-09T18:00:00+00:00,103.55,103.74,103.22,103.27,64718.265
2026-09-09T19:00:00+00:00,103.28,103.39,102.16,102.35,70334.307
2026-09-09T20:00:00+00:00,102.34,102.68,101.85,102.58,105954.956
2026-09-09T21:00:00+00:00,102.58,102.63,101.84,102.1,99554.084
2026-09-09T22:00:00+00:00,102.1,102.2,100.33,100.82,179248.937
2026-09-09T23:00:00+00:00,100.82,101.78,100.75,101.57,70522.605
2026-09-10T00:00:00+00:00,101.57,101.72,100.95,101.01,76657.47
2026-09-10T01:00:00+00:00,101.0,101.75,100.5,101.06,94257.686
2026-09-10T02:00:00+00:00,101.07,101.9,101.0,101.9,45232.101
2026-09-10T03:00:00+00:00,101.9,102.07,101.66,101.83,76919.943
2026-09-10T04:00:00+00:00,101.83,102.19,101.8,101.98,47399.542
2026-09-10T05:00:00+00:00,101.97,102.19,101.64,102.11,52373.391
2026-09-10T06:00:00+00:00,102.11,102.13,101.4,101.95,33036.69
2026-09-10T07:00:00+00:00,101.95,101.95,100.83,101.31,93226.694
2026-09-10T08:00:00+00:00,101.3,101.41,101.02,101.17,101598.566
2026-09-10T09:00:00+00:00,101.17,101.42,100.81,101.13,71011.29
2026-09-10T10:00:00+00:00,101.13,101.39,100.85,101.06,57733.978
2026-09-10T11:00:00+00:00,101.06,101.54,100.82,101.01,86145.614
2026-09-10T12:00:00+00:00,101.0,101.49,98.5,98.94,369265.553
2026-09-10T13:00:00+00:00,98.94,99.85,98.88,99.74,184767.781
2026-09-10T14:00:00+00:00,99.75,100.37,99.27,100.21,95709.708
2026-09-10T15:00:00+00:00,100.2,100.22,99.44,99.74,77777.118
2026-09-10T16:00:00+00:00,99.74,99.91,98.84,99.68,84132.442
2026-09-10T17:00:00+00:00,99.69,100.46,99.56,99.97,81329.046
2026-09-10T18:00:00+00:00,99.97,99.99,99.23,99.93,61455.776
2026-09-10T19:00:00+00:00,99.92,100.12,99.6,99.69,61127.701
2026-09-10T20:00:00+00:00,99.69,100.14,99.63,100.05,26756.68
2026-09-10T21:00:00+00:00,100.05,100.15,99.78,99.82,24703.582
2026-09-10T22:00:00+00:00,99.83,100.11,99.26,99.27,38310.835
2026-09-10T23:00:00+00:00,99.27,99.39,98.6,98.67,76979.646
2026-09-11T00:00:00+00:00,98.67,99.42,98.6,99.16,83134.338
2026-09-11T01:00:00+00:00,99.17,99.51,98.72,99.46,68233.334
2026-09-11T02:00:00+00:00,99.45,99.53,99.06,99.31,58363.818
2026-09-11T03:00:00+00:00,99.3,99.48,98.95,99.31,62238.93
2026-09-11T04:00:00+00:00,99.32,99.97,99.24,99.68,71948.299
2026-09-11T05:00:00+00:00,99.69,99.91,99.56,99.9,54072.236
2026-09-11T06:00:00+00:00,99.9,100.0,99.54,99.82,48388.289
2026-09-11T07:00:00+00:00,99.82,100.13,99.71,99.75,56774.337
2026-09-11T08:00:00+00:00,99.75,100.29,99.49,99.93,50981.032
2026-09-11T09:00:00+00:00,99.93,99.96,99.01,99.4,52132.088
2026-09-11T10:00:00+00:00,99.4,99.74,99.18,99.18,66961.686
2026-09-11T11:00:00+00:00,99.18,99.6,98.6,99.49,101447.314
2026-09-11T12:00:00+00:00,99.49,101.85,98.0,101.69,453811.033
2026-09-11T13:00:00+00:00,101.69,104.92,100.61,104.88,444751.732
2026-09-11T14:00:00+00:00,104.88,105.8,102.86,103.28,468908.951
2026-09-11T15:00:00+00:00,103.29,103.6,101.25,101.61,221717.727
2026-09-11T16:00:00+00:00,101.6,102.4,101.31,102.33,153060.49
2026-09-11T17:00:00+00:00,102.33,102.48,101.82,101.96,70654.661
2026-09-11T18:00:00+00:00,101.96,102.04,100.38,101.09,199665.011
2026-09-11T19:00:00+00:00,101.09,102.15,100.81,102.02,82981.202
2026-09-11T20:00:00+00:00,102.02,102.98,102.0,102.47,120223.504
2026-09-11T21:00:00+00:00,102.48,103.1,102.05,102.09,64583.667
2026-09-11T22:00:00+00:00,102.09,102.48,101.54,101.88,136240.349
2026-09-11T23:00:00+00:00,101.87,102.49,101.79,102.46,57121.099
2026-09-12T00:00:00+00:00,102.45,102.59,101.79,101.93,57049.556
2026-09-12T01:00:00+00:00,101.93,102.24,101.85,102.0,49010.712
2026-09-12T02:00:00+00:00,102.0,102.06,101.64,101.86,64300.511
2026-09-12T03:00:00+00:00,101.87,101.93,101.44,101.64,48635.096
2026-09-12T04:00:00+00:00,101.65,101.9,101.55,101.59,29290.644
2026-09-12T05:00:00+00:00,101.59,101.73,101.41,101.65,42423.887
2026-09-12T06:00:00+00:00,101.64,101.89,101.48,101.68,43259.782
2026-09-12T07:00:00+00:00,101.69,101.94,101.61,101.66,46160.582
2026-09-12T08:00:00+00:00,101.66,101.88,101.56,101.83,50017.715
2026-09-12T09:00:00+00:00,101.84,102.23,101.76,102.02,64028.712
2026-09-12T10:00:00+00:00,102.02,102.26,101.96,102.14,36965.28
2026-09-12T11:00:00+00:00,102.14,102.24,101.99,102.13,34483.078
2026-09-12T12:00:00+00:00,102.14,102.42,101.95,102.06,63444.858
2026-09-12T13:00:00+00:00,102.06,102.23,101.77,101.99,62576.476
2026-09-12T14:00:00+00:00,102.0,102.13,101.89,102.0,44942.326
2026-09-12T15:00:00+00:00,102.01,102.16,101.88,102.06,56554.354
2026-09-12T16:00:00+00:00,102.06,102.12,101.94,102.08,30493.838
2026-09-12T17:00:00+00:00,102.08,102.16,101.96,101.97,24250.752
2026-09-12T18:00:00+00:00,101.97,101.98,101.56,101.64,53263.28
2026-09-12T19:00:00+00:00,101.65,101.71,101.23,101.27,49720.393
2026-09-12T20:00:00+00:00,101.28,101.57,101.25,101.37,29754.424
2026-09-12T21:00:00+00:00,101.37,101.64,101.35,101.47,30255.413
2026-09-12T22:00:00+00:00,101.47,101.8,101.4,101.68,57255.941
2026-09-12T23:00:00+00:00,101.68,101.9,101.64,101.76,30514.284
2026-09-13T00:00:00+00:00,101.77,101.78,101.55,101.74,27385.926
2026-09-13T01:00:00+00:00,101.74,102.33,101.73,102.28,67341.707
2026-09-13T02:00:00+00:00,102.29,102.34,101.77,101.89,56987.734
2026-09-13T03:00:00+00:00,101.9,102.06,101.55,101.63,41041.657
2026-09-13T04:00:00+00:00,101.63,101.81,101.53,101.72,26826.317
2026-09-13T05:00:00+00:00,101.72,101.93,101.69,101.82,34946.672
2026-09-13T06:00:00+00:00,101.81,101.82,101.09,101.25,31569.748
2026-09-13T07:00:00+00:00,101.25,101.4,100.67,100.72,81423.356
2026-09-13T08:00:00+00:00,100.72,100.87,99.92,100.01,113497.111
2026-09-13T09:00:00+00:00,100.01,100.2,99.42,99.87,87571.539
2026-09-13T10:00:00+00:00,99.86,99.91,99.42,99.57,44318.83
2026-09-13T11:00:00+00:00,99.57,99.87,99.45,99.83,43013.636
2026-09-13T12:00:00+00:00,99.83,99.83,99.54,99.71,47305.66
2026-09-13T13:00:00+00:00,99.71,100.21,99.43,100.11,46015.927
2026-09-13T14:00:00+00:00,100.11,100.89,100.11,100.67,68353.831
2026-09-13T15:00:00+00:00,100.67,100.69,100.18,100.26,44114.167
2026-09-13T16:00:00+00:00,100.26,101.0,100.25,100.82,63634.672
2026-09-13T17:00:00+00:00,100.82,101.23,100.81,101.01,43575.901
2026-09-13T18:00:00+00:00,101.0,101.3,100.96,101.19,43656.034
2026-09-13T19:00:00+00:00,101.19,101.33,100.85,100.97,40831.688
2026-09-13T20:00:00+00:00,100.97,101.52,100.97,101.48,31248.308
2026-09-13T21:00:00+00:00,101.48,101.62,101.2,101.36,63326.085
2026-09-13T22:00:00+00:00,101.35,101.35,99.38,99.74,154573.2
2026-09-13T23:00:00+00:00,99.75,100.02,99.19,99.3,79442.698
2026-09-14T00:00:00+00:00,99.31,99.93,99.0,99.66,67234.129
2026-09-14T01:00:00+00:00,99.65,100.22,99.18,100.18,64927.832
2026-09-14T02:00:00+00:00,100.17,101.07,99.97,101.01,81196.851
2026-09-14T03:00:00+00:00,101.01,101.34,100.79,100.98,77660.869
2026-09-14T04:00:00+00:00,100.99,101.38,100.88,101.17,66306.389
2026-09-14T05:00:00+00:00,101.18,101.23,100.93,101.12,29346.357
2026-09-14T06:00:00+00:00,101.12,102.0,101.09,101.55,92141.05
2026-09-14T07:00:00+00:00,101.55,101.74,101.43,101.61,50503.691
2026-09-14T08:00:00+00:00,101.61,101.83,101.32,101.49,74020.327
2026-09-14T09:00:00+00:00,101.49,102.34,101.24,101.94,109756.188
2026-09-14T10:00:00+00:00,101.95,102.02,101.69,101.78,65183.716
2026-09-14T11:00:00+00:00,101.79,101.92,101.31,101.38,81049.493
2026-09-14T12:00:00+00:00,101.38,101.99,101.21,101.39,68171.732
2026-09-14T13:00:00+00:00,101.38,101.91,100.67,101.37,139598.698
2026-09-14T14:00:00+00:00,101.36,102.0,101.19,101.63,110276.595
2026-09-14T15:00:00+00:00,101.64,102.28,101.35,101.97,128709.026
2026-09-14T16:00:00+00:00,101.96,102.87,101.86,102.6,133272.981
2026-09-14T17:00:00+00:00,102.6,103.3,102.52,103.06,98374.472
2026-09-14T18:00:00+00:00,103.06,103.85,102.92,103.62,147834.419
2026-09-14T19:00:00+00:00,103.63,103.63,102.95,103.25,85510.867
2026-09-14T20:00:00+00:00,103.26,104.82,103.19,103.98,179652.258
2026-09-14T21:00:00+00:00,103.99,104.03,103.07,103.21,126036.335
2026-09-14T22:00:00+00:00,103.21,103.58,102.79,102.88,83368.785
2026-09-14T23:00:00+00:00,102.88,103.01,102.43,102.53,42545.436
2026-09-15T00:00:00+00:00,102.54,102.86,102.37,102.46,63932.946
2026-09-15T01:00:00+00:00,102.47,102.6,102.15,102.27,66678.81
2026-09-15T02:00:00+00:00,102.27,102.41,101.98,101.98,45823.783
2026-09-15T03:00:00+00:00,101.98,101.99,101.19,101.55,79881.473
2026-09-15T04:00:00+00:00,101.55,101.72,101.17,101.28,67378.667
2026-09-15T05:00:00+00:00,101.28,101.4,100.57,101.33,112365.041
2026-09-15T06:00:00+00:00,101.34,101.59,100.74,100.9,62824.447
2026-09-15T07:00:00+00:00,100.9,101.05,100.35,100.44,78063.703
2026-09-15T08:00:00+00:00,100.44,100.73,100.08,100.65,112436.708
2026-09-15T09:00:00+00:00,100.66,101.1,100.52,100.82,58773.051
2026-09-15T10:00:00+00:00,100.82,101.11,100.68,100.98,68568.622
2026-09-15T11:00:00+00:00,100.98,101.03,100.43,100.86,71378.819
2026-09-15T12:00:00+00:00,100.86,101.21,100.82,101.0,121476.932
2026-09-15T13:00:00+00:00,101.0,101.39,99.74,100.58,176032.45
2026-09-15T14:00:00+00:00,100.57,100.76,98.02,98.87,242297.673
2026-09-15T15:00:00+00:00,98.88,99.77,98.56,99.36,144828.004
2026-09-15T16:00:00+00:00,99.37,99.46,98.9,99.11,49378.713
2026-09-15T17:00:00+00:00,99.1,100.71,98.69,100.21,111119.173
2026-09-15T18:00:00+00:00,100.21,100.34,95.82,98.2,468878.942
2026-09-15T19:00:00+00:00,98.19,98.67,97.51,97.9,212722.488
2026-09-15T20:00:00+00:00,97.9,98.09,96.67,97.45,115496.398
2026-09-15T21:00:00+00:00,97.44,97.44,96.54,96.55,78057.401
2026-09-15T22:00:00+00:00,96.55,97.31,96.31,97.16,120463.268
2026-09-15T23:00:00+00:00,97.16,97.68,96.87,96.88,94648.79
2026-09-16T00:00:00+00:00,96.88,97.32,96.84,97.08,86099.601
2026-09-16T01:00:00+00:00,97.08,97.31,96.38,96.49,78031.252
2026-09-16T02:00:00+00:00,96.5,97.6,96.45,97.25,80381.308
2026-09-16T03:00:00+00:00,97.25,97.59,97.04,97.25,64248.578
2026-09-16T04:00:00+00:00,97.26,97.73,97.16,97.27,77731.962
2026-09-16T05:00:00+00:00,97.27,97.32,96.87,97.23,75660.628
2026-09-16T06:00:00+00:00,97.23,97.43,96.89,97.41,42389.451
2026-09-16T07:00:00+00:00,97.41,97.54,96.93,96.98,69381.877
2026-09-16T08:00:00+00:00,96.97,97.03,96.41,97.02,83352.38
2026-09-16T09:00:00+00:00,97.02,97.35,97.02,97.32,70693.565
2026-09-16T10:00:00+00:00,97.31,97.38,97.13,97.31,57155.46
2026-09-16T11:00:00+00:00,97.31,98.32,97.04,98.02,100944.358
2026-09-16T12:00:00+00:00,98.02,98.12,97.19,97.59,76011.51
2026-09-16T13:00:00+00:00,97.58,97.65,96.87,97.18,117471.703
2026-09-16T14:00:00+00:00,97.18,97.29,96.65,97.04,127250.351
2026-09-16T15:00:00+00:00,97.05,97.6,96.85,97.1,69753.914
2026-09-16T16:00:00+00:00,97.11,97.52,96.96,97.24,44461.871
2026-09-16T17:00:00+00:00,97.23,97.38,96.09,97.03,113485.893
2026-09-16T18:00:00+00:00,97.03,98.94,96.28,97.84,429209.546
2026-09-16T19:00:00+00:00,97.84,98.74,96.91,98.08,174009.556
2026-09-16T20:00:00+00:00,98.08,98.9,98.02,98.71,101498.286
2026-09-16T21:00:00+00:00,98.71,98.81,98.12,98.39,39000.73
2026-09-16T22:00:00+00:00,98.4,98.44,97.38,97.49,71080.03
2026-09-16T23:00:00+00:00,97.49,98.85,97.39,98.66,92969.584
2026-09-17T00:00:00+00:00,98.66,99.2,98.47,98.71,67243.876
2026-09-17T01:00:00+00:00,98.71,99.64,98.47,99.25,91301.702
2026-09-17T02:00:00+00:00,99.26,99.74,98.83,99.37,65637.288
2026-09-17T03:00:00+00:00,99.37,100.04,99.37,99.95,83027.504
2026-09-17T04:00:00+00:00,99.96,100.0,99.11,99.92,72972.046
2026-09-17T05:00:00+00:00,99.91,100.11,99.5,99.56,76420.721
2026-09-17T06:00:00+00:00,99.56,99.99,99.48,99.74,52115.018
2026-09-17T07:00:00+00:00,99.75,100.36,99.72,100.03,83950.779
2026-09-17T08:00:00+00:00,100.03,100.34,99.88,100.33,58896.472
2026-09-17T09:00:00+00:00,100.34,100.89,100.17,100.24,99549.171
2026-09-17T10:00:00+00:00,100.24,100.26,99.57,99.85,87583.285
2026-09-17T11:00:00+00:00,99.86,100.25,99.53,100.13,67977.676
2026-09-17T12:00:00+00:00,100.13,101.45,100.07,100.74,152765.629
2026-09-17T13:00:00+00:00,100.74,101.0,99.66,100.75,141317.055
2026-09-17T14:00:00+00:00,100.75,101.8,100.08,101.07,179479.845
2026-09-17T15:00:00+00:00,101.08,101.34,100.25,101.29,107242.011
2026-09-17T16:00:00+00:00,101.28,101.51,100.71,101.39,99392.165
2026-09-17T17:00:00+00:00,101.4,102.05,101.2,101.52,149635.679
2026-09-17T18:00:00+00:00,101.52,101.63,100.84,100.85,53734.433
2026-09-17T19:00:00+00:00,100.84,101.1,100.69,100.96,49857.76
2026-09-17T20:00:00+00:00,100.97,101.38,100.89,101.29,47014.002
2026-09-17T21:00:00+00:00,101.3,101.46,101.09,101.14,65420.186
2026-09-17T22:00:00+00:00,101.14,101.53,100.77,101.44,98797.159
2026-09-17T23:00:00+00:00,101.44,101.76,101.34,101.64,87820.644
2026-09-18T00:00:00+00:00,101.63,101.71,100.9,101.42,92734.963
2026-09-18T01:00:00+00:00,101.41,102.88,101.4,102.48,139318.188
2026-09-18T02:00:00+00:00,102.49,102.91,102.18,102.76,109355.897
2026-09-18T03:00:00+00:00,102.76,105.09,102.67,104.59,313116.126
2026-09-18T04:00:00+00:00,104.6,105.92,104.42,105.82,236773.625
2026-09-18T05:00:00+00:00,105.82,106.12,105.33,105.37,237016.11
2026-09-18T06:00:00+00:00,105.36,105.84,105.32,105.57,135761.465
2026-09-18T07:00:00+00:00,105.57,106.1,105.45,105.78,149781.946
2026-09-18T08:00:00+00:00,105.78,106.38,105.29,106.31,160609.543
2026-09-18T09:00:00+00:00,106.3,106.6,105.93,106.42,127530.265
2026-09-18T10:00:00+00:00,106.42,106.67,106.26,106.28,95030.73
2026-09-18T11:00:00+00:00,106.27,106.4,105.36,105.74,176497.435
2026-09-18T12:00:00+00:00,105.74,106.13,105.36,105.79,113889.562
2026-09-18T13:00:00+00:00,105.78,109.39,105.45,108.54,420804.966
2026-09-18T14:00:00+00:00,108.53,110.99,108.39,110.76,548120.541
2026-09-18T15:00:00+00:00,110.76,111.59,109.28,111.15,412083.926
2026-09-18T16:00:00+00:00,111.15,112.3,111.01,111.7,266562.9
2026-09-18T17:00:00+00:00,111.7,112.74,111.39,112.62,178975.339
2026-09-18T18:00:00+00:00,112.62,112.9,112.04,112.18,127065.528
2026-09-18T19:00:00+00:00,112.18,114.32,112.18,114.23,221417.23
2026-09-18T20:00:00+00:00,114.22,114.23,113.12,113.5,144188.089
2026-09-18T21:00:00+00:00,113.51,113.79,113.06,113.19,85652.919
2026-09-18T22:00:00+00:00,113.19,113.6,112.76,113.19,115291.197
2026-09-18T23:00:00+00:00,113.18,113.48,112.51,112.72,103415.678
2026-09-19T00:00:00+00:00,112.72,113.78,112.33,113.66,118595.588
2026-09-19T01:00:00+00:00,113.67,114.09,112.88,113.43,105647.28
2026-09-19T02:00:00+00:00,113.43,113.85,113.33,113.62,71953.338
2026-09-19T03:00:00+00:00,113.61,113.84,113.12,113.25,49685.719
2026-09-19T04:00:00+00:00,113.24,113.44,112.0,112.37,108853.993
2026-09-19T05:00:00+00:00,112.36,112.98,111.83,111.92,68716.932
2026-09-19T06:00:00+00:00,111.92,112.06,111.18,111.86,96843.98
2026-09-19T07:00:00+00:00,111.86,112.24,111.59,111.61,61011.948
2026-09-19T08:00:00+00:00,111.61,112.48,111.53,112.26,73634.869
2026-09-19T09:00:00+00:00,112.27,112.5,111.47,111.84,64077.29
2026-09-19T10:00:00+00:00,111.84,112.14,111.63,111.63,61718.87
2026-09-19T11:00:00+00:00,111.64,112.09,111.61,111.9,58324.155
2026-09-19T12:00:00+00:00,111.89,112.06,111.63,111.79,82334.032
2026-09-19T13:00:00+00:00,111.79,111.85,111.29,111.62,90345.548
2026-09-19T14:00:00+00:00,111.63,112.21,111.47,111.79,95084.416
2026-09-19T15:00:00+00:00,111.79,112.15,111.5,111.64,97544.662
2026-09-19T16:00:00+00:00,111.65,112.02,111.23,112.0,86630.361
2026-09-19T17:00:00+00:00,112.0,112.46,111.35,111.4,88422.039
2026-09-19T18:00:00+00:00,111.4,111.65,110.68,111.15,129596.316
2026-09-19T19:00:00+00:00,111.15,111.61,110.76,111.18,104464.731
2026-09-19T20:00:00+00:00,111.17,111.37,110.97,111.12,58867.852
2026-09-19T21:00:00+00:00,111.12,111.3,110.16,110.54,105050.769
2026-09-19T22:00:00+00:00,110.54,110.78,110.08,110.67,76867.2
2026-09-19T23:00:00+00:00,110.67,111.22,110.63,111.06,55286.694
2026-09-20T00:00:00+00:00,111.06,111.17,110.62,110.95,50910.085
2026-09-20T01:00:00+00:00,110.95,110.98,109.72,110.16,88619.788
2026-09-20T02:00:00+00:00,110.17,110.52,107.4,107.67,223837.872
2026-09-20T03:00:00+00:00,107.66,109.11,107.4,108.89,139427.803
2026-09-20T04:00:00+00:00,108.9,109.23,108.65,109.03,59004.105
2026-09-20T05:00:00+00:00,109.04,109.26,108.61,108.77,72292.611
2026-09-20T06:00:00+00:00,108.76,108.91,108.1,108.46,84936.083
2026-09-20T07:00:00+00:00,108.46,108.82,108.46,108.47,52286.767
2026-09-20T08:00:00+00:00,108.47,108.71,107.71,108.08,101464.637
2026-09-20T09:00:00+00:00,108.08,108.85,108.06,108.31,50902.567
2026-09-20T10:00:00+00:00,108.31,108.43,107.91,108.04,51063.239
2026-09-20T11:00:00+00:00,108.03,108.68,107.93,108.48,73240.227
2026-09-20T12:00:00+00:00,108.48,108.86,108.14,108.41,64948.83
2026-09-20T13:00:00+00:00,108.41,108.6,107.94,108.23,62153.868
2026-09-20T14:00:00+00:00,108.22,108.65,107.95,108.14,72790.846
2026-09-20T15:00:00+00:00,108.14,108.85,108.06,108.82,152325.573
2026-09-20T16:00:00+00:00,108.81,110.69,108.51,110.33,286239.127
2026-09-20T17:00:00+00:00,110.33,110.58,109.5,109.92,138605.91
2026-09-20T18:00:00+00:00,109.92,110.35,109.14,109.4,108889.6
2026-09-20T19:00:00+00:00,109.41,110.85,109.35,110.45,117366.771
2026-09-20T20:00:00+00:00,110.45,110.65,110.09,110.13,70426.419
2026-09-20T21:00:00+00:00,110.12,110.13,109.01,109.88,110592.018
2026-09-20T22:00:00+00:00,109.89,111.06,109.6,111.03,82396.077
2026-09-20T23:00:00+00:00,111.02,111.46,110.58,111.17,111118.401
2026-09-21T00:00:00+00:00,111.17,112.92,111.16,112.32,210548.762
2026-09-21T01:00:00+00:00,112.32,113.42,110.74,110.96,184893.343
2026-09-21T02:00:00+00:00,110.96,112.0,110.69,111.22,111506.633
2026-09-21T03:00:00+00:00,111.22,111.93,111.18,111.58,70675.171
2026-09-21T04:00:00+00:00,111.58,111.83,111.05,111.48,86603.859
2026-09-21T05:00:00+00:00,111.47,112.23,111.26,111.76,101411.8
2026-09-21T06:00:00+00:00,111.76,112.57,111.52,112.19,128388.499
2026-09-21T07:00:00+00:00,112.18,112.4,111.35,112.11,97317.147
2026-09-21T08:00:00+00:00,112.11,116.39,112.07,115.32,456256.129
2026-09-21T09:00:00+00:00,115.31,116.85,114.95,115.93,360704.867
2026-09-21T10:00:00+00:00,115.93,116.12,115.49,116.01,201640.809
2026-09-21T11:00:00+00:00,116.01,117.18,115.84,116.8,191478.185
2026-09-21T12:00:00+00:00,116.8,117.13,116.2,116.82,187795.764
2026-09-21T13:00:00+00:00,116.81,118.41,116.7,118.06,385769.35
2026-09-21T14:00:00+00:00,118.05,118.9,117.34,118.05,366548.147
2026-09-21T15:00:00+00:00,118.04,119.15,117.36,117.94,346991.73
2026-09-21T16:00:00+00:00,117.94,118.33,116.76,117.51,212800.033
2026-09-21T17:00:00+00:00,117.52,117.93,116.68,117.2,139840.114
2026-09-21T18:00:00+00:00,117.19,117.86,116.86,117.73,88721.798
2026-09-21T19:00:00+00:00,117.73,118.48,117.27,118.36,124767.023
2026-09-21T20:00:00+00:00,118.37,119.5,118.21,119.19,200124.826
2026-09-21T21:00:00+00:00,119.19,119.99,118.67,119.12,154181.715
2026-09-21T22:00:00+00:00,119.11,119.84,118.79,119.45,113137.717
2026-09-21T23:00:00+00:00,119.45,119.92,118.4,118.9,90516.216
2026-09-22T00:00:00+00:00,118.91,119.48,118.04,118.33,143847.01
2026-09-22T01:00:00+00:00,118.34,118.45,117.0,117.59,163389.343
2026-09-22T02:00:00+00:00,117.59,118.09,116.51,116.9,131906.721
2026-09-22T03:00:00+00:00,116.9,117.07,116.3,116.8,146494.624
2026-09-22T04:00:00+00:00,116.8,117.11,116.24,116.4,149117.572
2026-09-22T05:00:00+00:00,116.4,117.18,115.54,116.86,176216.982
2026-09-22T06:00:00+00:00,116.86,117.06,116.39,116.53,77344.794
2026-09-22T07:00:00+00:00,116.54,116.84,116.01,116.32,157524.362
2026-09-22T08:00:00+00:00,116.32,118.03,115.79,117.52,159779.535
2026-09-22T09:00:00+00:00,117.52,117.59,116.67,117.46,127353.209
2026-09-22T10:00:00+00:00,117.47,117.49,116.38,116.85,86305.295
2026-09-22T11:00:00+00:00,116.85,117.5,116.42,117.34,96916.489
2026-09-22T12:00:00+00:00,117.34,117.76,116.87,117.47,116921.751
2026-09-22T13:00:00+00:00,117.46,118.0,116.84,117.98,200336.997
2026-09-22T14:00:00+00:00,117.98,117.98,115.89,116.89,227181.358
2026-09-22T15:00:00+00:00,116.9,117.93,116.8,117.38,130126.354
2026-09-22T16:00:00+00:00,117.38,117.82,116.7,117.48,111413.738
2026-09-22T17:00:00+00:00,117.47,118.2,117.35,117.97,112441.281
2026-09-22T18:00:00+00:00,117.97,118.46,117.62,118.13,95731.411
2026-09-22T19:00:00+00:00,118.14,118.72,117.8,118.26,114942.686
2026-09-22T20:00:00+00:00,118.25,118.38,117.81,117.98,78239.139
2026-09-22T21:00:00+00:00,117.97,118.28,117.7,118.08,75886.637
2026-09-22T22:00:00+00:00,118.09,118.78,117.62,118.48,78127.443
2026-09-22T23:00:00+00:00,118.48,119.28,118.23,118.57,104146.842
2026-09-23T00:00:00+00:00,118.57,119.21,118.3,118.82,81892.041
2026-09-23T01:00:00+00:00,118.82,119.39,117.85,118.35,99984.22
2026-09-23T02:00:00+00:00,118.36,118.53,117.9,118.49,51403.39
2026-09-23T03:00:00+00:00,118.49,119.66,118.27,119.12,114584.336
2026-09-23T04:00:00+00:00,119.12,119.77,118.77,119.53,166005.236
2026-09-23T05:00:00+00:00,119.52,119.53,118.27,118.42,99993.185
2026-09-23T06:00:00+00:00,118.42,119.29,118.37,118.96,116516.401
2026-09-23T07:00:00+00:00,118.96,119.1,117.56,117.9,224195.879
2026-09-23T08:00:00+00:00,117.9,118.34,117.0,117.39,238725.933
2026-09-23T09:00:00+00:00,117.4,117.74,117.08,117.39,163883.444
2026-09-23T10:00:00+00:00,117.39,117.63,116.82,117.63,126662.455
2026-09-23T11:00:00+00:00,117.63,117.71,116.44,117.1,123805.629
2026-09-23T12:00:00+00:00,117.09,117.27,116.58,116.92,137228.3
2026-09-23T13:00:00+00:00,116.91,117.19,115.97,116.8,169684.295
2026-09-23T14:00:00+00:00,116.81,117.04,113.0,115.15,657454.153
2026-09-23T15:00:00+00:00,115.15,115.93,113.8,113.86,249373.856
2026-09-23T16:00:00+00:00,113.86,115.27,113.16,114.4,221467.911
2026-09-23T17:00:00+00:00,114.41,114.82,113.59,114.56,124139.022
2026-09-23T18:00:00+00:00,114.56,114.6,113.98,114.29,85633.798
2026-09-23T19:00:00+00:00,114.29,114.9,114.0,114.52,85315.291
2026-09-23T20:00:00+00:00,114.53,114.7,114.0,114.04,65353.128
2026-09-23T21:00:00+00:00,114.03,114.74,113.88,114.71,75160.685
2026-09-23T22:00:00+00:00,114.71,115.63,114.62,115.15,93933.75
2026-09-23T23:00:00+00:00,115.15,115.19,114.72,114.99,46517.318
2026-09-24T00:00:00+00:00,114.99,115.68,114.87,115.13,69224.44
2026-09-24T01:00:00+00:00,115.14,115.5,114.56,114.7,75511.262
2026-09-24T02:00:00+00:00,114.71,115.44,114.07,115.29,75772.784
2026-09-24T03:00:00+00:00,115.3,115.71,114.54,114.7,73795.706
2026-09-24T04:00:00+00:00,114.71,115.49,114.4,115.4,66859.52
2026-09-24T05:00:00+00:00,115.39,116.13,114.86,114.87,88904.432
2026-09-24T06:00:00+00:00,114.86,115.28,114.74,114.85,51863.351
2026-09-24T07:00:00+00:00,114.85,115.67,114.5,115.52,58587.2
2026-09-24T08:00:00+00:00,115.52,115.64,113.34,114.14,136763.38
2026-09-24T09:00:00+00:00,114.15,114.33,112.52,113.15,173204.649
2026-09-24T10:00:00+00:00,113.14,113.58,112.73,113.37,133150.395
2026-09-24T11:00:00+00:00,113.36,113.6,113.06,113.35,80261.08
2026-09-24T12:00:00+00:00,113.34,113.92,113.11,113.84,76861.882
2026-09-24T13:00:00+00:00,113.84,115.42,113.82,114.97,166345.955
2026-09-24T14:00:00+00:00,114.98,116.44,114.07,114.6,243731.033
2026-09-24T15:00:00+00:00,114.59,116.63,114.36,116.33,119253.427
2026-09-24T16:00:00+00:00,116.33,117.79,115.92,117.09,243553.152
2026-09-24T17:00:00+00:00,117.09,117.34,116.48,116.77,130356.896
2026-09-24T18:00:00+00:00,116.77,117.56,116.25,117.38,107055.766
2026-09-24T19:00:00+00:00,117.39,117.7,117.1,117.3,104677.1
2026-09-24T20:00:00+00:00,117.29,117.45,116.66,116.83,76178.98
2026-09-24T21:00:00+00:00,116.84,117.3,116.64,116.86,77980.011
2026-09-24T22:00:00+00:00,116.85,116.96,116.12,116.6,85947.752
2026-09-24T23:00:00+00:00,116.61,117.22,116.55,117.04,75561.252
2026-09-25T00:00:00+00:00,117.04,117.68,117.04,117.43,78223.77
2026-09-25T01:00:00+00:00,117.44,117.94,117.15,117.47,85743.433
2026-09-25T02:00:00+00:00,117.48,118.44,116.84,116.91,118128.107
2026-09-25T03:00:00+00:00,116.91,117.32,116.5,116.9,77361.125
2026-09-25T04:00:00+00:00,116.9,117.34,116.27,116.4,101507.612
2026-09-25T05:00:00+00:00,116.4,116.67,116.16,116.44,79803.252
2026-09-25T06:00:00+00:00,116.45,116.74,116.09,116.28,65642.132
2026-09-25T07:00:00+00:00,116.28,116.62,115.86,116.38,70340.899
2026-09-25T08:00:00+00:00,116.38,117.56,116.34,117.32,86910.279
2026-09-25T09:00:00+00:00,117.32,118.9,117.3,118.37,224349.942
2026-09-25T10:00:00+00:00,118.37,119.57,117.9,119.18,233147.522
2026-09-25T11:00:00+00:00,119.18,122.33,119.14,120.82,554974.062
2026-09-25T12:00:00+00:00,120.83,121.17,118.62,120.74,335539.514
2026-09-25T13:00:00+00:00,120.73,121.1,118.5,119.5,329620.95
2026-09-25T14:00:00+00:00,119.51,120.52,118.27,120.44,347913.944
2026-09-25T15:00:00+00:00,120.44,121.48,119.03,120.13,230943.826
2026-09-25T16:00:00+00:00,120.14,121.89,120.09,120.89,262680.32
2026-09-25T17:00:00+00:00,120.89,121.64,120.26,121.0,138556.456
2026-09-25T18:00:00+00:00,121.01,122.78,120.95,121.95,195073.576
2026-09-25T19:00:00+00:00,121.95,122.19,121.46,121.91,100077.412
2026-09-25T20:00:00+00:00,121.92,122.94,121.48,121.59,125542.021
2026-09-25T21:00:00+00:00,121.58,121.76,120.82,121.0,79712.928
2026-09-25T22:00:00+00:00,121.0,122.44,120.87,122.19,65952.365
2026-09-25T23:00:00+00:00,122.19,122.38,121.89,122.15,35123.755
2026-09-26T00:00:00+00:00,122.15,122.44,121.22,121.55,61913.378
2026-09-26T01:00:00+00:00,121.54,122.28,121.48,122.05,68252.341
2026-09-26T02:00:00+00:00,122.05,122.3,121.57,121.59,53936.412
2026-09-26T03:00:00+00:00,121.59,121.61,120.53,120.64,103027.472
2026-09-26T04:00:00+00:00,120.64,120.97,120.26,120.68,47387.772
2026-09-26T05:00:00+00:00,120.68,120.76,120.21,120.52,47862.783
2026-09-26T06:00:00+00:00,120.52,120.53,120.14,120.21,66884.097
2026-09-26T07:00:00+00:00,120.22,120.82,120.16,120.76,67056.85
2026-09-26T08:00:00+00:00,120.76,121.27,120.26,120.69,87998.33
2026-09-26T09:00:00+00:00,120.7,120.71,119.82,119.99,138879.726
2026-09-26T10:00:00+00:00,119.99,120.74,119.95,120.63,62313.924
2026-09-26T11:00:00+00:00,120.62,121.45,120.26,121.28,105779.839
2026-09-26T12:00:00+00:00,121.29,121.58,120.93,121.08,68924.395
2026-09-26T13:00:00+00:00,121.08,121.33,120.22,120.78,151849.16
2026-09-26T14:00:00+00:00,120.77,121.2,120.62,120.95,77276.998
2026-09-26T15:00:00+00:00,120.94,122.1,120.8,121.88,126874.641
2026-09-26T16:00:00+00:00,121.89,121.9,121.38,121.64,55733.483
2026-09-26T17:00:00+00:00,121.64,121.64,120.96,121.5,117475.48
2026-09-26T18:00:00+00:00,121.5,121.68,120.81,121.06,61706.395
2026-09-26T19:00:00+00:00,121.06,121.31,120.82,121.14,31102.401
2026-09-26T20:00:00+00:00,121.15,121.56,120.07,120.35,86363.04
2026-09-26T21:00:00+00:00,120.36,121.72,120.29,121.32,61437.902
2026-09-26T22:00:00+00:00,121.32,121.83,121.09,121.14,50272.79
2026-09-26T23:00:00+00:00,121.14,121.83,121.14,121.41,29403.19
2026-09-27T00:00:00+00:00,121.41,121.44,120.72,120.83,41712.051
2026-09-27T01:00:00+00:00,120.83,121.59,120.66,121.43,37178.829
2026-09-27T02:00:00+00:00,121.43,121.69,121.09,121.15,48800.124
2026-09-27T03:00:00+00:00,121.15,121.38,120.56,120.61,90588.499
2026-09-27T04:00:00+00:00,120.61,120.86,120.1,120.15,81501.394
2026-09-27T05:00:00+00:00,120.15,121.48,120.12,121.1,81983.216
2026-09-27T06:00:00+00:00,121.11,121.58,121.1,121.33,52366.385
2026-09-27T07:00:00+00:00,121.33,124.4,121.32,124.12,189373.76
2026-09-27T08:00:00+00:00,124.13,124.95,123.96,124.12,337168.457
2026-09-27T09:00:00+00:00,124.13,124.57,123.37,124.47,201920.651
2026-09-27T10:00:00+00:00,124.46,124.82,123.89,124.04,110007.503
2026-09-27T11:00:00+00:00,124.03,124.22,123.64,123.94,80735.238
